17:18:20.984 [main]INFO  factory.BaseClass - browser initialized
17:18:20.996 [main]INFO  factory.BaseClass - get properties file from file directory
17:18:24.853 [main]INFO  stepDefinition.Registration_Validation - Navigating to the registration page
17:18:25.356 [main]INFO  stepDefinition.Registration_Validation - Clicked on Registration button
17:18:25.372 [main]INFO  stepDefinition.Registration_Validation - Fetching data from Excel - Sheet: CollegeUser_Registration, Row: 0
17:18:25.372 [main]INFO  utility.ExelUtility - Starting to read Excel data from file: F:\Gyansetu\G_TestCase001/src/test-data/data for sign-up chat.xlsx, sheet: CollegeUser_Registration
17:18:26.583 [main]INFO  utility.ExelUtility - Total rows found (excluding header): 21
17:18:26.632 [main]INFO  utility.ExelUtility - Row 1 processed and added to data list.
17:18:26.636 [main]INFO  utility.ExelUtility - Row 2 processed and added to data list.
17:18:26.638 [main]INFO  utility.ExelUtility - Row 3 processed and added to data list.
17:18:26.640 [main]INFO  utility.ExelUtility - Row 4 processed and added to data list.
17:18:26.642 [main]INFO  utility.ExelUtility - Row 5 processed and added to data list.
17:18:26.645 [main]INFO  utility.ExelUtility - Row 6 processed and added to data list.
17:18:26.651 [main]INFO  utility.ExelUtility - Row 7 processed and added to data list.
17:18:26.653 [main]INFO  utility.ExelUtility - Row 8 processed and added to data list.
17:18:26.658 [main]INFO  utility.ExelUtility - Row 9 processed and added to data list.
17:18:26.658 [main]INFO  utility.ExelUtility - Row 10 processed and added to data list.
17:18:26.658 [main]INFO  utility.ExelUtility - Row 11 processed and added to data list.
17:18:26.658 [main]INFO  utility.ExelUtility - Row 12 processed and added to data list.
17:18:26.667 [main]INFO  utility.ExelUtility - Row 13 processed and added to data list.
17:18:26.671 [main]INFO  utility.ExelUtility - Row 14 processed and added to data list.
17:18:26.671 [main]INFO  utility.ExelUtility - Row 15 processed and added to data list.
17:18:26.673 [main]INFO  utility.ExelUtility - Row 16 processed and added to data list.
17:18:26.673 [main]INFO  utility.ExelUtility - Row 17 processed and added to data list.
17:18:26.673 [main]INFO  utility.ExelUtility - Row 18 processed and added to data list.
17:18:26.673 [main]INFO  utility.ExelUtility - Row 19 processed and added to data list.
17:18:26.679 [main]INFO  utility.ExelUtility - Row 20 processed and added to data list.
17:18:26.679 [main]INFO  utility.ExelUtility - Row 21 processed and added to data list.
17:18:26.681 [main]INFO  utility.ExelUtility - Excel data extraction completed successfully.
17:18:26.684 [main]INFO  stepDefinition.Registration_Validation - Fetched Email ID: biyouneuxoupreu-3155@yopmail.com
17:18:28.965 [main]INFO  stepDefinition.Registration_Validation - Fetched Phone No: 8886663344
17:18:29.150 [main]INFO  stepDefinition.Registration_Validation - Fetched Password: ********
17:18:29.641 [main]INFO  stepDefinition.Registration_Validation - Checked Terms and Conditions checkbox.....
17:18:29.643 [main]INFO  stepDefinition.Registration_Validation - Clicking SignUp Now button
17:21:00.980 [main]INFO  factory.BaseClass - browser initialized
17:21:00.983 [main]INFO  factory.BaseClass - get properties file from file directory
17:21:05.339 [main]INFO  stepDefinition.InnerBoxTextEntering - Initializing LoginPage and HomePage
17:21:05.345 [main]INFO  stepDefinition.InnerBoxTextEntering - Navigating to SignIn via HomePage
17:21:05.677 [main]INFO  stepDefinition.InnerBoxTextEntering - SignIn page loaded
17:21:05.691 [main]INFO  stepDefinition.InnerBoxTextEntering - Fetching SignIn credentials from Excel: Sheet = CollegeUser_Registration, Row = 0
17:21:05.691 [main]INFO  utility.ExelUtility - Starting to read Excel data from file: F:\Gyansetu\G_TestCase001/src/test-data/data for sign-up chat.xlsx, sheet: CollegeUser_Registration
17:21:06.907 [main]INFO  utility.ExelUtility - Total rows found (excluding header): 21
17:21:06.955 [main]INFO  utility.ExelUtility - Row 1 processed and added to data list.
17:21:06.959 [main]INFO  utility.ExelUtility - Row 2 processed and added to data list.
17:21:06.961 [main]INFO  utility.ExelUtility - Row 3 processed and added to data list.
17:21:06.963 [main]INFO  utility.ExelUtility - Row 4 processed and added to data list.
17:21:06.964 [main]INFO  utility.ExelUtility - Row 5 processed and added to data list.
17:21:06.964 [main]INFO  utility.ExelUtility - Row 6 processed and added to data list.
17:21:06.967 [main]INFO  utility.ExelUtility - Row 7 processed and added to data list.
17:21:06.967 [main]INFO  utility.ExelUtility - Row 8 processed and added to data list.
17:21:06.969 [main]INFO  utility.ExelUtility - Row 9 processed and added to data list.
17:21:06.969 [main]INFO  utility.ExelUtility - Row 10 processed and added to data list.
17:21:06.969 [main]INFO  utility.ExelUtility - Row 11 processed and added to data list.
17:21:06.969 [main]INFO  utility.ExelUtility - Row 12 processed and added to data list.
17:21:06.972 [main]INFO  utility.ExelUtility - Row 13 processed and added to data list.
17:21:06.972 [main]INFO  utility.ExelUtility - Row 14 processed and added to data list.
17:21:06.974 [main]INFO  utility.ExelUtility - Row 15 processed and added to data list.
17:21:06.974 [main]INFO  utility.ExelUtility - Row 16 processed and added to data list.
17:21:06.977 [main]INFO  utility.ExelUtility - Row 17 processed and added to data list.
17:21:06.977 [main]INFO  utility.ExelUtility - Row 18 processed and added to data list.
17:21:06.977 [main]INFO  utility.ExelUtility - Row 19 processed and added to data list.
17:21:06.979 [main]INFO  utility.ExelUtility - Row 20 processed and added to data list.
17:21:06.979 [main]INFO  utility.ExelUtility - Row 21 processed and added to data list.
17:21:06.980 [main]INFO  utility.ExelUtility - Excel data extraction completed successfully.
17:21:06.980 [main]INFO  stepDefinition.InnerBoxTextEntering - Fetched Email ID: biyouneuxoupreu-3155@yopmail.com
17:21:07.531 [main]INFO  stepDefinition.InnerBoxTextEntering - Entered Email ID in SignIn field
17:21:07.531 [main]INFO  stepDefinition.InnerBoxTextEntering - Fetched Password: ********
17:21:07.761 [main]INFO  stepDefinition.InnerBoxTextEntering - Entered Password in SignIn field
17:21:07.761 [main]INFO  stepDefinition.InnerBoxTextEntering - Clicking the Sign In button
17:21:10.912 [main]INFO  stepDefinition.InnerBoxTextEntering - Sign In button clicked successfully
17:21:10.914 [main]INFO  stepDefinition.InnerBoxTextEntering - Fetching data from Excel sheet: Sign-Up chat_for_CollageUser
17:21:10.916 [main]INFO  utility.ExelUtility - Starting to read Excel data from file: F:\Gyansetu\G_TestCase001/src/test-data/data for sign-up chat.xlsx, sheet: Sign-Up chat_for_CollageUser
17:21:11.841 [main]INFO  utility.ExelUtility - Total rows found (excluding header): 19
17:21:11.857 [main]INFO  utility.ExelUtility - Row 1 processed and added to data list.
17:21:11.863 [main]INFO  utility.ExelUtility - Row 2 processed and added to data list.
17:21:11.869 [main]INFO  utility.ExelUtility - Row 3 processed and added to data list.
17:21:11.872 [main]INFO  utility.ExelUtility - Row 4 processed and added to data list.
17:21:11.883 [main]INFO  utility.ExelUtility - Row 5 processed and added to data list.
17:21:11.885 [main]INFO  utility.ExelUtility - Row 6 processed and added to data list.
17:21:11.889 [main]INFO  utility.ExelUtility - Row 7 processed and added to data list.
17:21:11.895 [main]INFO  utility.ExelUtility - Row 8 processed and added to data list.
17:21:11.895 [main]INFO  utility.ExelUtility - Row 9 processed and added to data list.
17:21:11.895 [main]INFO  utility.ExelUtility - Row 10 processed and added to data list.
17:21:11.895 [main]INFO  utility.ExelUtility - Row 11 processed and added to data list.
17:21:11.895 [main]INFO  utility.ExelUtility - Row 12 processed and added to data list.
17:21:11.895 [main]INFO  utility.ExelUtility - Row 13 processed and added to data list.
17:21:11.895 [main]INFO  utility.ExelUtility - Row 14 processed and added to data list.
17:21:11.902 [main]INFO  utility.ExelUtility - Row 15 processed and added to data list.
17:21:11.902 [main]INFO  utility.ExelUtility - Row 16 processed and added to data list.
17:21:11.902 [main]INFO  utility.ExelUtility - Row 17 processed and added to data list.
17:21:11.902 [main]INFO  utility.ExelUtility - Row 18 processed and added to data list.
17:21:11.905 [main]INFO  utility.ExelUtility - Row 19 processed and added to data list.
17:21:11.905 [main]INFO  utility.ExelUtility - Excel data extraction completed successfully.
17:21:20.661 [main]INFO  stepDefinition.InnerBoxTextEntering - Entering Full Name: Alameen U
17:21:20.661 [main]INFO  page.Student_DashBoard_InnerChatBox - Entering full name: Alameen U
17:21:21.365 [main]INFO  page.Student_DashBoard_InnerChatBox - Full name entered with Actions and Enter sent.
17:21:21.882 [main]INFO  stepDefinition.InnerBoxTextEntering - Entering Date of Birth: 26-September-2005
17:21:22.383 [main]INFO  utility.DatePicker - Opening date picker....
17:21:22.626 [main]INFO  utility.DatePicker - Switched to year view..
17:21:24.164 [main]INFO  utility.DatePicker - Year 2005 selected..
17:21:24.389 [main]INFO  utility.DatePicker - Clicked next month
17:21:24.573 [main]INFO  utility.DatePicker - Clicked next month
17:21:24.619 [main]INFO  utility.DatePicker - Target month/year visible: SEPTEMBER 2005
17:21:25.283 [main]INFO  utility.DatePicker - Date 26 selected
17:21:25.424 [main]INFO  utility.DatePicker - Click submit button clicked after date selection
17:21:25.424 [main]INFO  stepDefinition.InnerBoxTextEntering - Entering Main Learning Goal: sass
17:21:25.424 [main]INFO  page.Student_DashBoard_InnerChatBox - Entering main learning goal: sass
17:21:25.637 [main]INFO  page.Student_DashBoard_InnerChatBox - Learning goal entered successfully.
17:21:25.637 [main]INFO  stepDefinition.InnerBoxTextEntering - Selecting Gender: Male
17:21:25.637 [main]INFO  page.Student_DashBoard_InnerChatBox - Selecting gender.
17:21:25.956 [main]INFO  page.Student_DashBoard_InnerChatBox - Gender selected successfully.
17:21:25.966 [main]INFO  stepDefinition.InnerBoxTextEntering - Entering Mother's Name: Shar Cll
17:21:25.966 [main]INFO  page.Student_DashBoard_InnerChatBox - Entering mother's name: Shar Cll
17:21:26.181 [main]INFO  page.Student_DashBoard_InnerChatBox - Mother's name entered successfully.
17:21:26.181 [main]INFO  stepDefinition.InnerBoxTextEntering - Entering Father's Name: dkjfb
17:21:26.181 [main]INFO  page.Student_DashBoard_InnerChatBox - Entering father's name: dkjfb
17:21:26.345 [main]INFO  page.Student_DashBoard_InnerChatBox - Father's name entered successfully.
17:21:26.345 [main]INFO  stepDefinition.InnerBoxTextEntering - Entering Guardian Name: Himanshu
17:21:26.345 [main]INFO  page.Student_DashBoard_InnerChatBox - Entering guardian's name: Himanshu
17:21:26.545 [main]INFO  page.Student_DashBoard_InnerChatBox - Guardian's name entered successfully.
17:21:26.545 [main]INFO  stepDefinition.InnerBoxTextEntering - Uploading Profile Picture
17:21:26.545 [main]INFO  page.Student_DashBoard_InnerChatBox - Uploading profile picture from path: C:\\Users\\WIIS\\Pictures\\one piece\\1471770.jpg
17:21:26.631 [main]INFO  page.Student_DashBoard_InnerChatBox - Profile picture uploaded successfully.
17:21:26.631 [main]INFO  stepDefinition.InnerBoxTextEntering - Selecting Institute type
17:21:26.631 [main]INFO  page.Student_DashBoard_InnerChatBox - Selecting college type started.
17:21:26.961 [main]INFO  page.Student_DashBoard_InnerChatBox - College type selected successfully.
17:21:26.961 [main]INFO  stepDefinition.InnerBoxTextEntering - Selecting University Name
17:21:26.961 [main]INFO  page.Student_DashBoard_InnerChatBox - University selection method execution started
17:21:27.071 [main]INFO  page.Student_DashBoard_InnerChatBox - Clicked on university dropdown.
17:21:27.225 [main]INFO  page.Student_DashBoard_InnerChatBox - Selected university: Anna University
17:21:27.225 [main]INFO  stepDefinition.InnerBoxTextEntering - Selecting Class: VINS Engineering
17:21:27.225 [main]INFO  page.Student_DashBoard_InnerChatBox - Institution method execution started.
17:21:27.346 [main]INFO  page.Student_DashBoard_InnerChatBox - Clicked on institution dropdown.
17:21:27.459 [main]INFO  page.Student_DashBoard_InnerChatBox - Institution selected: VINS Engineering
17:21:27.459 [main]INFO  stepDefinition.InnerBoxTextEntering - Selecting Class: Information Technology
17:21:27.459 [main]INFO  page.Student_DashBoard_InnerChatBox - Course selection method started.
17:21:27.614 [main]INFO  page.Student_DashBoard_InnerChatBox - Clicked on course dropdown.
17:21:27.755 [main]INFO  page.Student_DashBoard_InnerChatBox - Course selected: Information Technology
17:21:27.757 [main]INFO  stepDefinition.InnerBoxTextEntering - Selecting Class: Semester 1
17:21:27.958 [main]INFO  stepDefinition.InnerBoxTextEntering - Selecting learning style
17:21:28.245 [main]INFO  stepDefinition.InnerBoxTextEntering - Selecting year
17:21:32.004 [main]INFO  stepDefinition.InnerBoxTextEntering - Selecting Hobbies: Running
17:21:32.692 [main]INFO  stepDefinition.InnerBoxTextEntering - Selecting Known Language: Malayalam
17:21:33.270 [main]INFO  stepDefinition.InnerBoxTextEntering - Selecting Language Proficiency
17:21:33.662 [main]INFO  stepDefinition.InnerBoxTextEntering - Selecting Country Code
17:21:34.602 [main]INFO  stepDefinition.InnerBoxTextEntering - Entering WhatsApp Number: 9876655555
17:21:34.947 [main]INFO  stepDefinition.InnerBoxTextEntering - Selecting Subject Name: ENGINEERING PHYSICS
17:21:37.669 [main]INFO  stepDefinition.InnerBoxTextEntering - Selecting Semester
17:21:38.873 [main]INFO  stepDefinition.InnerBoxTextEntering - Selecting Teacher: Akhil Jith
17:21:39.108 [main]INFO  stepDefinition.InnerBoxTextEntering - Enter the parent email id..: tregreibramudeu-2370@yopmail.com
17:21:39.115 [main]INFO  page.Student_DashBoard_InnerChatBox - Entering Parent Email ID.: tregreibramudeu-2370@yopmail.com
17:21:39.432 [main]INFO  page.Student_DashBoard_InnerChatBox - Parent Email id entered successfully..
17:21:39.432 [main]INFO  stepDefinition.InnerBoxTextEntering - Enter the parent phone No..: 9998864431
17:21:39.436 [main]INFO  page.Student_DashBoard_InnerChatBox - Entering Parent Phone No.: 9998864431
17:21:39.604 [main]INFO  page.Student_DashBoard_InnerChatBox - Parent Email id entered successfully.
17:21:39.604 [main]INFO  stepDefinition.InnerBoxTextEntering - Selecting Country: India
17:21:41.086 [main]INFO  stepDefinition.InnerBoxTextEntering - Selecting State: Kerala
17:21:41.449 [main]INFO  stepDefinition.InnerBoxTextEntering - Selecting District: Alappuzha
17:21:41.621 [main]INFO  stepDefinition.InnerBoxTextEntering - Selecting City: Cherthala
17:21:41.781 [main]INFO  stepDefinition.InnerBoxTextEntering - Entering Pin code: 788764
17:21:41.912 [main]INFO  stepDefinition.InnerBoxTextEntering - Entering First Address: All is well
17:21:42.072 [main]INFO  stepDefinition.InnerBoxTextEntering - Entering Second Address: All is well
17:21:42.267 [main]INFO  stepDefinition.InnerBoxTextEntering - Starting sign-up chat verification
17:21:42.299 [main]INFO  page.Student_DashBoard_InnerChatBox - Inner ChatBox is visible on the screen.
17:21:42.635 [main]INFO  stepDefinition.InnerBoxTextEntering - Profile Inner Chat automated successfully.
17:21:43.648 [main]INFO  stepDefinition.InnerBoxTextEntering - Logging out from student dashboard.
17:52:09.417 [main]INFO  factory.BaseClass - browser initialized
17:52:09.422 [main]INFO  factory.BaseClass - get properties file from file directory
17:52:12.448 [main]INFO  stepDefinition.Registration_Validation - Navigating to the registration page
17:52:13.001 [main]INFO  stepDefinition.Registration_Validation - Clicked on Registration button
17:52:13.021 [main]INFO  stepDefinition.Registration_Validation - Fetching data from Excel - Sheet: Sheet1, Row: 0
17:52:13.022 [main]INFO  utility.ExelUtility - Starting to read Excel data from file: F:\Gyansetu\G_TestCase001/src/test-data/data for sign-up chat.xlsx, sheet: Sheet1
17:52:14.694 [main]INFO  utility.ExelUtility - Total rows found (excluding header): 25
17:52:14.744 [main]INFO  utility.ExelUtility - Row 1 processed and added to data list.
17:52:14.747 [main]INFO  utility.ExelUtility - Row 2 processed and added to data list.
17:52:14.748 [main]INFO  utility.ExelUtility - Row 3 processed and added to data list.
17:52:14.749 [main]INFO  utility.ExelUtility - Row 4 processed and added to data list.
17:52:14.750 [main]INFO  utility.ExelUtility - Row 5 processed and added to data list.
17:52:14.752 [main]INFO  utility.ExelUtility - Row 6 processed and added to data list.
17:52:14.753 [main]INFO  utility.ExelUtility - Row 7 processed and added to data list.
17:52:14.754 [main]INFO  utility.ExelUtility - Row 8 processed and added to data list.
17:52:14.756 [main]INFO  utility.ExelUtility - Row 9 processed and added to data list.
17:52:14.756 [main]INFO  utility.ExelUtility - Row 10 processed and added to data list.
17:52:14.757 [main]INFO  utility.ExelUtility - Row 11 processed and added to data list.
17:52:14.757 [main]INFO  utility.ExelUtility - Row 12 processed and added to data list.
17:52:14.757 [main]INFO  utility.ExelUtility - Row 13 processed and added to data list.
17:52:14.757 [main]INFO  utility.ExelUtility - Row 14 processed and added to data list.
17:52:14.759 [main]INFO  utility.ExelUtility - Row 15 processed and added to data list.
17:52:14.759 [main]INFO  utility.ExelUtility - Row 16 processed and added to data list.
17:52:14.760 [main]INFO  utility.ExelUtility - Row 17 processed and added to data list.
17:52:14.760 [main]INFO  utility.ExelUtility - Row 18 processed and added to data list.
17:52:14.760 [main]INFO  utility.ExelUtility - Row 19 processed and added to data list.
17:52:14.761 [main]INFO  utility.ExelUtility - Row 20 processed and added to data list.
17:52:14.762 [main]INFO  utility.ExelUtility - Row 21 processed and added to data list.
17:52:14.762 [main]INFO  utility.ExelUtility - Row 22 processed and added to data list.
17:52:14.763 [main]INFO  utility.ExelUtility - Row 23 processed and added to data list.
17:52:14.763 [main]INFO  utility.ExelUtility - Row 24 processed and added to data list.
17:52:14.764 [main]INFO  utility.ExelUtility - Row 25 processed and added to data list.
17:52:14.765 [main]INFO  utility.ExelUtility - Excel data extraction completed successfully.
17:52:14.765 [main]INFO  stepDefinition.Registration_Validation - Fetched Email ID: requaqueweuppau-9682@yopmail.com
17:52:15.494 [main]INFO  stepDefinition.Registration_Validation - Fetched Phone No: 8886663341
17:52:15.764 [main]INFO  stepDefinition.Registration_Validation - Fetched Password: ********
17:52:16.188 [main]INFO  stepDefinition.Registration_Validation - Checked Terms and Conditions checkbox.....
17:52:16.190 [main]INFO  stepDefinition.Registration_Validation - Clicking SignUp Now button
17:52:46.287 [main]INFO  stepDefinition.Registration_Validation - SignUp process initiated, waiting for 20 seconds for enter the OTP
17:52:47.324 [main]INFO  stepDefinition.Registration_Validation - Logging out from student dashboard.
17:52:49.662 [main]INFO  factory.BaseClass - browser initialized
17:52:49.663 [main]INFO  factory.BaseClass - get properties file from file directory
17:52:53.434 [main]INFO  stepDefinition.InnerBoxTextEntering - Initializing LoginPage and HomePage
17:52:53.563 [main]INFO  stepDefinition.InnerBoxTextEntering - Navigating to SignIn via HomePage
17:52:53.824 [main]INFO  stepDefinition.InnerBoxTextEntering - SignIn page loaded
17:52:53.829 [main]INFO  stepDefinition.InnerBoxTextEntering - Fetching SignIn credentials from Excel: Sheet = Sheet1, Row = 0
17:52:53.830 [main]INFO  utility.ExelUtility - Starting to read Excel data from file: F:\Gyansetu\G_TestCase001/src/test-data/data for sign-up chat.xlsx, sheet: Sheet1
17:52:54.013 [main]INFO  utility.ExelUtility - Total rows found (excluding header): 25
17:52:54.015 [main]INFO  utility.ExelUtility - Row 1 processed and added to data list.
17:52:54.016 [main]INFO  utility.ExelUtility - Row 2 processed and added to data list.
17:52:54.017 [main]INFO  utility.ExelUtility - Row 3 processed and added to data list.
17:52:54.018 [main]INFO  utility.ExelUtility - Row 4 processed and added to data list.
17:52:54.018 [main]INFO  utility.ExelUtility - Row 5 processed and added to data list.
17:52:54.019 [main]INFO  utility.ExelUtility - Row 6 processed and added to data list.
17:52:54.019 [main]INFO  utility.ExelUtility - Row 7 processed and added to data list.
17:52:54.020 [main]INFO  utility.ExelUtility - Row 8 processed and added to data list.
17:52:54.021 [main]INFO  utility.ExelUtility - Row 9 processed and added to data list.
17:52:54.021 [main]INFO  utility.ExelUtility - Row 10 processed and added to data list.
17:52:54.021 [main]INFO  utility.ExelUtility - Row 11 processed and added to data list.
17:52:54.022 [main]INFO  utility.ExelUtility - Row 12 processed and added to data list.
17:52:54.022 [main]INFO  utility.ExelUtility - Row 13 processed and added to data list.
17:52:54.022 [main]INFO  utility.ExelUtility - Row 14 processed and added to data list.
17:52:54.022 [main]INFO  utility.ExelUtility - Row 15 processed and added to data list.
17:52:54.023 [main]INFO  utility.ExelUtility - Row 16 processed and added to data list.
17:52:54.023 [main]INFO  utility.ExelUtility - Row 17 processed and added to data list.
17:52:54.023 [main]INFO  utility.ExelUtility - Row 18 processed and added to data list.
17:52:54.023 [main]INFO  utility.ExelUtility - Row 19 processed and added to data list.
17:52:54.024 [main]INFO  utility.ExelUtility - Row 20 processed and added to data list.
17:52:54.024 [main]INFO  utility.ExelUtility - Row 21 processed and added to data list.
17:52:54.024 [main]INFO  utility.ExelUtility - Row 22 processed and added to data list.
17:52:54.024 [main]INFO  utility.ExelUtility - Row 23 processed and added to data list.
17:52:54.025 [main]INFO  utility.ExelUtility - Row 24 processed and added to data list.
17:52:54.025 [main]INFO  utility.ExelUtility - Row 25 processed and added to data list.
17:52:54.025 [main]INFO  utility.ExelUtility - Excel data extraction completed successfully.
17:52:54.025 [main]INFO  stepDefinition.InnerBoxTextEntering - Fetched Email ID: requaqueweuppau-9682@yopmail.com
17:52:54.504 [main]INFO  stepDefinition.InnerBoxTextEntering - Entered Email ID in SignIn field
17:52:54.504 [main]INFO  stepDefinition.InnerBoxTextEntering - Fetched Password: ********
17:52:54.716 [main]INFO  stepDefinition.InnerBoxTextEntering - Entered Password in SignIn field
17:52:54.717 [main]INFO  stepDefinition.InnerBoxTextEntering - Clicking the Sign In button
17:52:56.308 [main]INFO  stepDefinition.InnerBoxTextEntering - Sign In button clicked successfully
17:52:56.309 [main]INFO  stepDefinition.InnerBoxTextEntering - Fetching data from Excel sheet for student User: Sign-Up chat_for_StudentUser
17:52:56.309 [main]INFO  utility.ExelUtility - Starting to read Excel data from file: F:\Gyansetu\G_TestCase001/src/test-data/data for sign-up chat.xlsx, sheet: Sign-Up chat_for_StudentUser
17:52:56.409 [main]INFO  utility.ExelUtility - Total rows found (excluding header): 19
17:52:56.415 [main]INFO  utility.ExelUtility - Row 1 processed and added to data list.
17:52:56.417 [main]INFO  utility.ExelUtility - Row 2 processed and added to data list.
17:52:56.420 [main]INFO  utility.ExelUtility - Row 3 processed and added to data list.
17:52:56.422 [main]INFO  utility.ExelUtility - Row 4 processed and added to data list.
17:52:56.424 [main]INFO  utility.ExelUtility - Row 5 processed and added to data list.
17:52:56.425 [main]INFO  utility.ExelUtility - Row 6 processed and added to data list.
17:52:56.428 [main]INFO  utility.ExelUtility - Row 7 processed and added to data list.
17:52:56.431 [main]INFO  utility.ExelUtility - Row 8 processed and added to data list.
17:52:56.434 [main]INFO  utility.ExelUtility - Row 9 processed and added to data list.
17:52:56.435 [main]INFO  utility.ExelUtility - Row 10 processed and added to data list.
17:52:56.439 [main]INFO  utility.ExelUtility - Row 11 processed and added to data list.
17:52:56.441 [main]INFO  utility.ExelUtility - Row 12 processed and added to data list.
17:52:56.442 [main]INFO  utility.ExelUtility - Row 13 processed and added to data list.
17:52:56.443 [main]INFO  utility.ExelUtility - Row 14 processed and added to data list.
17:52:56.445 [main]INFO  utility.ExelUtility - Row 15 processed and added to data list.
17:52:56.449 [main]INFO  utility.ExelUtility - Row 16 processed and added to data list.
17:52:56.450 [main]INFO  utility.ExelUtility - Row 17 processed and added to data list.
17:52:56.452 [main]INFO  utility.ExelUtility - Row 18 processed and added to data list.
17:52:56.454 [main]INFO  utility.ExelUtility - Row 19 processed and added to data list.
17:52:56.454 [main]INFO  utility.ExelUtility - Excel data extraction completed successfully.
17:53:01.528 [main]INFO  stepDefinition.InnerBoxTextEntering - Entering Full Name of student: Ansi N
17:53:01.565 [main]INFO  page.Student_DashBoard_InnerChatBox - Entering full name: Ansi N
17:53:02.246 [main]INFO  page.Student_DashBoard_InnerChatBox - Full name entered with Actions and Enter sent.
17:53:02.247 [main]INFO  stepDefinition.InnerBoxTextEntering - Entering Date of Birth of student: 26-January-2005
17:53:02.249 [main]INFO  utility.DatePicker - Opening date picker....
17:53:02.558 [main]INFO  utility.DatePicker - Switched to year view..
17:53:04.135 [main]INFO  utility.DatePicker - Year 2005 selected..
17:53:04.404 [main]INFO  utility.DatePicker - Clicked previous month
17:53:04.588 [main]INFO  utility.DatePicker - Clicked previous month
17:53:04.857 [main]INFO  utility.DatePicker - Clicked previous month
17:53:05.158 [main]INFO  utility.DatePicker - Clicked previous month
17:53:05.399 [main]INFO  utility.DatePicker - Clicked previous month
17:53:05.637 [main]INFO  utility.DatePicker - Clicked previous month
17:53:05.861 [main]INFO  utility.DatePicker - Clicked previous month
17:53:05.896 [main]INFO  utility.DatePicker - Target month/year visible: JANUARY 2005
17:53:06.491 [main]INFO  utility.DatePicker - Date 26 selected
17:53:06.631 [main]INFO  utility.DatePicker - Click submit button clicked after date selection
17:53:07.637 [main]INFO  stepDefinition.InnerBoxTextEntering - Entering Main Learning Goals: Well
17:53:07.637 [main]INFO  page.Student_DashBoard_InnerChatBox - Entering main learning goal: Well
17:53:07.809 [main]INFO  page.Student_DashBoard_InnerChatBox - Learning goal entered successfully.
17:53:07.809 [main]INFO  stepDefinition.InnerBoxTextEntering - Selecting Gender: Male
17:53:07.810 [main]INFO  page.Student_DashBoard_InnerChatBox - Selecting gender.
17:53:08.149 [main]INFO  page.Student_DashBoard_InnerChatBox - Gender selected successfully.
17:53:09.159 [main]INFO  stepDefinition.InnerBoxTextEntering - Entering Mother's Name: Shari Cll
17:53:09.161 [main]INFO  page.Student_DashBoard_InnerChatBox - Entering mother's name: Shari Cll
17:53:09.368 [main]INFO  page.Student_DashBoard_InnerChatBox - Mother's name entered successfully.
17:53:09.369 [main]INFO  stepDefinition.InnerBoxTextEntering - Entering Father's Name: lJith
17:53:09.369 [main]INFO  page.Student_DashBoard_InnerChatBox - Entering father's name: lJith
17:53:09.534 [main]INFO  page.Student_DashBoard_InnerChatBox - Father's name entered successfully.
17:53:09.534 [main]INFO  stepDefinition.InnerBoxTextEntering - Entering Guardian Name: Himanshu
17:53:09.534 [main]INFO  page.Student_DashBoard_InnerChatBox - Entering guardian's name: Himanshu
17:53:09.738 [main]INFO  page.Student_DashBoard_InnerChatBox - Guardian's name entered successfully.
17:53:10.752 [main]INFO  stepDefinition.InnerBoxTextEntering - Uploading Profile Picture
17:53:10.752 [main]INFO  page.Student_DashBoard_InnerChatBox - Uploading profile picture from path: C:\\Users\\WIIS\\Pictures\\one piece\\1471770.jpg
17:53:10.812 [main]INFO  page.Student_DashBoard_InnerChatBox - Profile picture uploaded successfully.
17:53:10.812 [main]INFO  stepDefinition.InnerBoxTextEntering - Selecting Institute type
17:53:10.812 [main]INFO  page.Student_DashBoard_InnerChatBox - Selecting school type.
17:53:11.113 [main]INFO  page.Student_DashBoard_InnerChatBox - School type selected successfully.
17:53:12.123 [main]INFO  stepDefinition.InnerBoxTextEntering - Selecting School Name: Jyothi Nilayam HSS
17:53:12.536 [main]INFO  stepDefinition.InnerBoxTextEntering - Selecting Board
17:53:13.744 [main]INFO  stepDefinition.InnerBoxTextEntering - Selecting Class: Class_10
17:53:14.110 [main]INFO  stepDefinition.InnerBoxTextEntering - Selecting Hobbies: Drawing
17:53:14.549 [main]INFO  stepDefinition.InnerBoxTextEntering - Selecting Known Language: Hindi
17:53:15.436 [main]INFO  stepDefinition.InnerBoxTextEntering - Selecting Language Proficiency
17:53:15.686 [main]INFO  stepDefinition.InnerBoxTextEntering - Selecting Country Code
17:53:17.017 [main]INFO  stepDefinition.InnerBoxTextEntering - Entering WhatsApp Number: 9876655555
17:53:17.214 [main]INFO  stepDefinition.InnerBoxTextEntering - Selecting Subject Name: English
17:53:19.688 [main]INFO  stepDefinition.InnerBoxTextEntering - Selecting Teacher..: Sumayya CC
17:53:19.861 [main]INFO  stepDefinition.InnerBoxTextEntering - Enter the parent email id..: nazeera122@yopmail.com
17:53:19.862 [main]INFO  page.Student_DashBoard_InnerChatBox - Entering Parent Email ID.: nazeera122@yopmail.com
17:53:29.892 [main]ERROR page.Student_DashBoard_InnerChatBox - Failed to Enter the parent email id: Expected condition failed: waiting for visibility of element located by By.xpath: //input[@placeholder='Type your answer and press enter'] (tried for 10 second(s) with 500 milliseconds interval)
Build info: version: '4.33.0', revision: '2c6aaad03a'
System info: os.name: 'Windows 11', os.arch: 'amd64', os.version: '10.0', java.version: '23.0.2'
Driver info: org.openqa.selenium.chrome.ChromeDriver
Capabilities {acceptInsecureCerts: false, browserName: chrome, browserVersion: 138.0.7204.169, chrome: {chromedriverVersion: 138.0.7204.183 (e90faf484dd..., userDataDir: C:\Users\WIIS\AppData\Local...}, fedcm:accounts: true, goog:chromeOptions: {debuggerAddress: localhost:57639}, networkConnectionEnabled: false, pageLoadStrategy: normal, platformName: windows, proxy: Proxy(), se:cdp: ws://localhost:57639/devtoo..., se:cdpVersion: 138.0.7204.169, setWindowRect: true, strictFileInteractability: false, timeouts: {implicit: 0, pageLoad: 300000, script: 30000}, unhandledPromptBehavior: dismiss and notify, webauthn:extension:credBlob: true, webauthn:extension:largeBlob: true, webauthn:extension:minPinLength: true, webauthn:extension:prf: true, webauthn:virtualAuthenticators: true}
Session ID: b84236e253513fe8a652c214f4f47387
org.openqa.selenium.TimeoutException: Expected condition failed: waiting for visibility of element located by By.xpath: //input[@placeholder='Type your answer and press enter'] (tried for 10 second(s) with 500 milliseconds interval)
Build info: version: '4.33.0', revision: '2c6aaad03a'
System info: os.name: 'Windows 11', os.arch: 'amd64', os.version: '10.0', java.version: '23.0.2'
Driver info: org.openqa.selenium.chrome.ChromeDriver
Capabilities {acceptInsecureCerts: false, browserName: chrome, browserVersion: 138.0.7204.169, chrome: {chromedriverVersion: 138.0.7204.183 (e90faf484dd..., userDataDir: C:\Users\WIIS\AppData\Local...}, fedcm:accounts: true, goog:chromeOptions: {debuggerAddress: localhost:57639}, networkConnectionEnabled: false, pageLoadStrategy: normal, platformName: windows, proxy: Proxy(), se:cdp: ws://localhost:57639/devtoo..., se:cdpVersion: 138.0.7204.169, setWindowRect: true, strictFileInteractability: false, timeouts: {implicit: 0, pageLoad: 300000, script: 30000}, unhandledPromptBehavior: dismiss and notify, webauthn:extension:credBlob: true, webauthn:extension:largeBlob: true, webauthn:extension:minPinLength: true, webauthn:extension:prf: true, webauthn:virtualAuthenticators: true}
Session ID: b84236e253513fe8a652c214f4f47387
	at org.openqa.selenium.support.ui.WebDriverWait.timeoutException(WebDriverWait.java:84) ~[selenium-support-4.33.0.jar:?]
	at org.openqa.selenium.support.ui.FluentWait.until(FluentWait.java:228) ~[selenium-support-4.33.0.jar:?]
	at utility.WaitHelper.waitForVisibility(WaitHelper.java:22) ~[test-classes/:?]
	at page.Student_DashBoard_InnerChatBox.enter_the_parentEmailID(Student_DashBoard_InnerChatBox.java:484) ~[test-classes/:?]
	at stepDefinition.InnerBoxTextEntering.fetchDataFromExcelSheetForSignUpChatAndEnterDetailsOnSignupChat(InnerBoxTextEntering.java:280) ~[test-classes/:?]
	at jdk.internal.reflect.DirectMethodHandleAccessor.invoke(DirectMethodHandleAccessor.java:103) ~[?:?]
	at java.lang.reflect.Method.invoke(Method.java:580) ~[?:?]
	at io.cucumber.java.Invoker.doInvoke(Invoker.java:66) ~[cucumber-java-7.23.0.jar:7.23.0]
	at io.cucumber.java.Invoker.invoke(Invoker.java:24) ~[cucumber-java-7.23.0.jar:7.23.0]
	at io.cucumber.java.AbstractGlueDefinition.invokeMethod(AbstractGlueDefinition.java:47) ~[cucumber-java-7.23.0.jar:7.23.0]
	at io.cucumber.java.JavaStepDefinition.execute(JavaStepDefinition.java:29) ~[cucumber-java-7.23.0.jar:7.23.0]
	at io.cucumber.core.runner.CoreStepDefinition.execute(CoreStepDefinition.java:66) ~[cucumber-core-7.23.0.jar:7.23.0]
	at io.cucumber.core.runner.PickleStepDefinitionMatch.runStep(PickleStepDefinitionMatch.java:62) ~[cucumber-core-7.23.0.jar:7.23.0]
	at io.cucumber.core.runner.ExecutionMode$1.execute(ExecutionMode.java:10) ~[cucumber-core-7.23.0.jar:7.23.0]
	at io.cucumber.core.runner.TestStep.executeStep(TestStep.java:81) ~[cucumber-core-7.23.0.jar:7.23.0]
	at io.cucumber.core.runner.TestStep.run(TestStep.java:53) ~[cucumber-core-7.23.0.jar:7.23.0]
	at io.cucumber.core.runner.PickleStepTestStep.run(PickleStepTestStep.java:51) ~[cucumber-core-7.23.0.jar:7.23.0]
	at io.cucumber.core.runner.TestCase.run(TestCase.java:86) ~[cucumber-core-7.23.0.jar:7.23.0]
	at io.cucumber.core.runner.Runner.runPickle(Runner.java:77) ~[cucumber-core-7.23.0.jar:7.23.0]
	at io.cucumber.junit.PickleRunners$NoStepDescriptions.lambda$run$0(PickleRunners.java:151) ~[cucumber-junit-7.23.0.jar:7.23.0]
	at io.cucumber.core.runtime.CucumberExecutionContext.lambda$runTestCase$5(CucumberExecutionContext.java:136) ~[cucumber-core-7.23.0.jar:7.23.0]
	at io.cucumber.core.runtime.RethrowingThrowableCollector.executeAndThrow(RethrowingThrowableCollector.java:23) ~[cucumber-core-7.23.0.jar:7.23.0]
	at io.cucumber.core.runtime.CucumberExecutionContext.runTestCase(CucumberExecutionContext.java:136) ~[cucumber-core-7.23.0.jar:7.23.0]
	at io.cucumber.junit.PickleRunners$NoStepDescriptions.run(PickleRunners.java:148) ~[cucumber-junit-7.23.0.jar:7.23.0]
	at io.cucumber.junit.FeatureRunner.runChild(FeatureRunner.java:144) ~[cucumber-junit-7.23.0.jar:7.23.0]
	at io.cucumber.junit.FeatureRunner.runChild(FeatureRunner.java:28) ~[cucumber-junit-7.23.0.jar:7.23.0]
	at org.junit.runners.ParentRunner$4.run(ParentRunner.java:331) ~[junit-4.13.2.jar:4.13.2]
	at org.junit.runners.ParentRunner$1.schedule(ParentRunner.java:79) ~[junit-4.13.2.jar:4.13.2]
	at org.junit.runners.ParentRunner.runChildren(ParentRunner.java:329) ~[junit-4.13.2.jar:4.13.2]
	at org.junit.runners.ParentRunner.access$100(ParentRunner.java:66) ~[junit-4.13.2.jar:4.13.2]
	at org.junit.runners.ParentRunner$2.evaluate(ParentRunner.java:293) ~[junit-4.13.2.jar:4.13.2]
	at org.junit.runners.ParentRunner$3.evaluate(ParentRunner.java:306) ~[junit-4.13.2.jar:4.13.2]
	at org.junit.runners.ParentRunner.run(ParentRunner.java:413) ~[junit-4.13.2.jar:4.13.2]
	at io.cucumber.junit.FeatureRunner.run(FeatureRunner.java:137) ~[cucumber-junit-7.23.0.jar:7.23.0]
	at io.cucumber.junit.Cucumber.runChild(Cucumber.java:199) ~[cucumber-junit-7.23.0.jar:7.23.0]
	at io.cucumber.junit.Cucumber.runChild(Cucumber.java:89) ~[cucumber-junit-7.23.0.jar:7.23.0]
	at org.junit.runners.ParentRunner$4.run(ParentRunner.java:331) ~[junit-4.13.2.jar:4.13.2]
	at org.junit.runners.ParentRunner$1.schedule(ParentRunner.java:79) ~[junit-4.13.2.jar:4.13.2]
	at org.junit.runners.ParentRunner.runChildren(ParentRunner.java:329) ~[junit-4.13.2.jar:4.13.2]
	at org.junit.runners.ParentRunner.access$100(ParentRunner.java:66) ~[junit-4.13.2.jar:4.13.2]
	at org.junit.runners.ParentRunner$2.evaluate(ParentRunner.java:293) ~[junit-4.13.2.jar:4.13.2]
	at io.cucumber.core.runtime.CucumberExecutionContext.lambda$runFeatures$6(CucumberExecutionContext.java:147) ~[cucumber-core-7.23.0.jar:7.23.0]
	at io.cucumber.core.runtime.CucumberExecutionContext.execute(CucumberExecutionContext.java:162) [cucumber-core-7.23.0.jar:7.23.0]
	at io.cucumber.core.runtime.CucumberExecutionContext.runFeatures(CucumberExecutionContext.java:145) [cucumber-core-7.23.0.jar:7.23.0]
	at io.cucumber.junit.Cucumber$StartAndFinishTestRun.evaluate(Cucumber.java:229) [cucumber-junit-7.23.0.jar:7.23.0]
	at org.junit.runners.ParentRunner$3.evaluate(ParentRunner.java:306) [junit-4.13.2.jar:4.13.2]
	at org.junit.runners.ParentRunner.run(ParentRunner.java:413) [junit-4.13.2.jar:4.13.2]
	at org.junit.runner.JUnitCore.run(JUnitCore.java:137) [junit-4.13.2.jar:4.13.2]
	at com.intellij.junit4.JUnit4IdeaTestRunner.startRunnerWithArgs(JUnit4IdeaTestRunner.java:69) [junit-rt.jar:?]
	at com.intellij.rt.junit.IdeaTestRunner$Repeater$1.execute(IdeaTestRunner.java:38) [junit-rt.jar:?]
	at com.intellij.rt.execution.junit.TestsRepeater.repeat(TestsRepeater.java:11) [idea_rt.jar:?]
	at com.intellij.rt.junit.IdeaTestRunner$Repeater.startRunnerWithArgs(IdeaTestRunner.java:35) [junit-rt.jar:?]
	at com.intellij.rt.junit.JUnitStarter.prepareStreamsAndStart(JUnitStarter.java:232) [junit-rt.jar:?]
	at com.intellij.rt.junit.JUnitStarter.main(JUnitStarter.java:55) [junit-rt.jar:?]
17:53:30.073 [main]INFO  stepDefinition.InnerBoxTextEntering - Enter the parent phone No..: 8876655555
17:53:30.073 [main]INFO  page.Student_DashBoard_InnerChatBox - Entering Parent Phone No.: 8876655555
17:53:40.131 [main]ERROR page.Student_DashBoard_InnerChatBox - Failed to Enter the parent phone No.: Expected condition failed: waiting for visibility of element located by By.xpath: //input[@placeholder='Type your answer and press enter'] (tried for 10 second(s) with 500 milliseconds interval)
Build info: version: '4.33.0', revision: '2c6aaad03a'
System info: os.name: 'Windows 11', os.arch: 'amd64', os.version: '10.0', java.version: '23.0.2'
Driver info: org.openqa.selenium.chrome.ChromeDriver
Capabilities {acceptInsecureCerts: false, browserName: chrome, browserVersion: 138.0.7204.169, chrome: {chromedriverVersion: 138.0.7204.183 (e90faf484dd..., userDataDir: C:\Users\WIIS\AppData\Local...}, fedcm:accounts: true, goog:chromeOptions: {debuggerAddress: localhost:57639}, networkConnectionEnabled: false, pageLoadStrategy: normal, platformName: windows, proxy: Proxy(), se:cdp: ws://localhost:57639/devtoo..., se:cdpVersion: 138.0.7204.169, setWindowRect: true, strictFileInteractability: false, timeouts: {implicit: 0, pageLoad: 300000, script: 30000}, unhandledPromptBehavior: dismiss and notify, webauthn:extension:credBlob: true, webauthn:extension:largeBlob: true, webauthn:extension:minPinLength: true, webauthn:extension:prf: true, webauthn:virtualAuthenticators: true}
Session ID: b84236e253513fe8a652c214f4f47387
org.openqa.selenium.TimeoutException: Expected condition failed: waiting for visibility of element located by By.xpath: //input[@placeholder='Type your answer and press enter'] (tried for 10 second(s) with 500 milliseconds interval)
Build info: version: '4.33.0', revision: '2c6aaad03a'
System info: os.name: 'Windows 11', os.arch: 'amd64', os.version: '10.0', java.version: '23.0.2'
Driver info: org.openqa.selenium.chrome.ChromeDriver
Capabilities {acceptInsecureCerts: false, browserName: chrome, browserVersion: 138.0.7204.169, chrome: {chromedriverVersion: 138.0.7204.183 (e90faf484dd..., userDataDir: C:\Users\WIIS\AppData\Local...}, fedcm:accounts: true, goog:chromeOptions: {debuggerAddress: localhost:57639}, networkConnectionEnabled: false, pageLoadStrategy: normal, platformName: windows, proxy: Proxy(), se:cdp: ws://localhost:57639/devtoo..., se:cdpVersion: 138.0.7204.169, setWindowRect: true, strictFileInteractability: false, timeouts: {implicit: 0, pageLoad: 300000, script: 30000}, unhandledPromptBehavior: dismiss and notify, webauthn:extension:credBlob: true, webauthn:extension:largeBlob: true, webauthn:extension:minPinLength: true, webauthn:extension:prf: true, webauthn:virtualAuthenticators: true}
Session ID: b84236e253513fe8a652c214f4f47387
	at org.openqa.selenium.support.ui.WebDriverWait.timeoutException(WebDriverWait.java:84) ~[selenium-support-4.33.0.jar:?]
	at org.openqa.selenium.support.ui.FluentWait.until(FluentWait.java:228) ~[selenium-support-4.33.0.jar:?]
	at utility.WaitHelper.waitForVisibility(WaitHelper.java:22) ~[test-classes/:?]
	at page.Student_DashBoard_InnerChatBox.enter_the_parentPhoneNo(Student_DashBoard_InnerChatBox.java:501) ~[test-classes/:?]
	at stepDefinition.InnerBoxTextEntering.fetchDataFromExcelSheetForSignUpChatAndEnterDetailsOnSignupChat(InnerBoxTextEntering.java:285) ~[test-classes/:?]
	at jdk.internal.reflect.DirectMethodHandleAccessor.invoke(DirectMethodHandleAccessor.java:103) ~[?:?]
	at java.lang.reflect.Method.invoke(Method.java:580) ~[?:?]
	at io.cucumber.java.Invoker.doInvoke(Invoker.java:66) ~[cucumber-java-7.23.0.jar:7.23.0]
	at io.cucumber.java.Invoker.invoke(Invoker.java:24) ~[cucumber-java-7.23.0.jar:7.23.0]
	at io.cucumber.java.AbstractGlueDefinition.invokeMethod(AbstractGlueDefinition.java:47) ~[cucumber-java-7.23.0.jar:7.23.0]
	at io.cucumber.java.JavaStepDefinition.execute(JavaStepDefinition.java:29) ~[cucumber-java-7.23.0.jar:7.23.0]
	at io.cucumber.core.runner.CoreStepDefinition.execute(CoreStepDefinition.java:66) ~[cucumber-core-7.23.0.jar:7.23.0]
	at io.cucumber.core.runner.PickleStepDefinitionMatch.runStep(PickleStepDefinitionMatch.java:62) ~[cucumber-core-7.23.0.jar:7.23.0]
	at io.cucumber.core.runner.ExecutionMode$1.execute(ExecutionMode.java:10) ~[cucumber-core-7.23.0.jar:7.23.0]
	at io.cucumber.core.runner.TestStep.executeStep(TestStep.java:81) ~[cucumber-core-7.23.0.jar:7.23.0]
	at io.cucumber.core.runner.TestStep.run(TestStep.java:53) ~[cucumber-core-7.23.0.jar:7.23.0]
	at io.cucumber.core.runner.PickleStepTestStep.run(PickleStepTestStep.java:51) ~[cucumber-core-7.23.0.jar:7.23.0]
	at io.cucumber.core.runner.TestCase.run(TestCase.java:86) ~[cucumber-core-7.23.0.jar:7.23.0]
	at io.cucumber.core.runner.Runner.runPickle(Runner.java:77) ~[cucumber-core-7.23.0.jar:7.23.0]
	at io.cucumber.junit.PickleRunners$NoStepDescriptions.lambda$run$0(PickleRunners.java:151) ~[cucumber-junit-7.23.0.jar:7.23.0]
	at io.cucumber.core.runtime.CucumberExecutionContext.lambda$runTestCase$5(CucumberExecutionContext.java:136) ~[cucumber-core-7.23.0.jar:7.23.0]
	at io.cucumber.core.runtime.RethrowingThrowableCollector.executeAndThrow(RethrowingThrowableCollector.java:23) ~[cucumber-core-7.23.0.jar:7.23.0]
	at io.cucumber.core.runtime.CucumberExecutionContext.runTestCase(CucumberExecutionContext.java:136) ~[cucumber-core-7.23.0.jar:7.23.0]
	at io.cucumber.junit.PickleRunners$NoStepDescriptions.run(PickleRunners.java:148) ~[cucumber-junit-7.23.0.jar:7.23.0]
	at io.cucumber.junit.FeatureRunner.runChild(FeatureRunner.java:144) ~[cucumber-junit-7.23.0.jar:7.23.0]
	at io.cucumber.junit.FeatureRunner.runChild(FeatureRunner.java:28) ~[cucumber-junit-7.23.0.jar:7.23.0]
	at org.junit.runners.ParentRunner$4.run(ParentRunner.java:331) ~[junit-4.13.2.jar:4.13.2]
	at org.junit.runners.ParentRunner$1.schedule(ParentRunner.java:79) ~[junit-4.13.2.jar:4.13.2]
	at org.junit.runners.ParentRunner.runChildren(ParentRunner.java:329) ~[junit-4.13.2.jar:4.13.2]
	at org.junit.runners.ParentRunner.access$100(ParentRunner.java:66) ~[junit-4.13.2.jar:4.13.2]
	at org.junit.runners.ParentRunner$2.evaluate(ParentRunner.java:293) ~[junit-4.13.2.jar:4.13.2]
	at org.junit.runners.ParentRunner$3.evaluate(ParentRunner.java:306) ~[junit-4.13.2.jar:4.13.2]
	at org.junit.runners.ParentRunner.run(ParentRunner.java:413) ~[junit-4.13.2.jar:4.13.2]
	at io.cucumber.junit.FeatureRunner.run(FeatureRunner.java:137) ~[cucumber-junit-7.23.0.jar:7.23.0]
	at io.cucumber.junit.Cucumber.runChild(Cucumber.java:199) ~[cucumber-junit-7.23.0.jar:7.23.0]
	at io.cucumber.junit.Cucumber.runChild(Cucumber.java:89) ~[cucumber-junit-7.23.0.jar:7.23.0]
	at org.junit.runners.ParentRunner$4.run(ParentRunner.java:331) ~[junit-4.13.2.jar:4.13.2]
	at org.junit.runners.ParentRunner$1.schedule(ParentRunner.java:79) ~[junit-4.13.2.jar:4.13.2]
	at org.junit.runners.ParentRunner.runChildren(ParentRunner.java:329) ~[junit-4.13.2.jar:4.13.2]
	at org.junit.runners.ParentRunner.access$100(ParentRunner.java:66) ~[junit-4.13.2.jar:4.13.2]
	at org.junit.runners.ParentRunner$2.evaluate(ParentRunner.java:293) ~[junit-4.13.2.jar:4.13.2]
	at io.cucumber.core.runtime.CucumberExecutionContext.lambda$runFeatures$6(CucumberExecutionContext.java:147) ~[cucumber-core-7.23.0.jar:7.23.0]
	at io.cucumber.core.runtime.CucumberExecutionContext.execute(CucumberExecutionContext.java:162) [cucumber-core-7.23.0.jar:7.23.0]
	at io.cucumber.core.runtime.CucumberExecutionContext.runFeatures(CucumberExecutionContext.java:145) [cucumber-core-7.23.0.jar:7.23.0]
	at io.cucumber.junit.Cucumber$StartAndFinishTestRun.evaluate(Cucumber.java:229) [cucumber-junit-7.23.0.jar:7.23.0]
	at org.junit.runners.ParentRunner$3.evaluate(ParentRunner.java:306) [junit-4.13.2.jar:4.13.2]
	at org.junit.runners.ParentRunner.run(ParentRunner.java:413) [junit-4.13.2.jar:4.13.2]
	at org.junit.runner.JUnitCore.run(JUnitCore.java:137) [junit-4.13.2.jar:4.13.2]
	at com.intellij.junit4.JUnit4IdeaTestRunner.startRunnerWithArgs(JUnit4IdeaTestRunner.java:69) [junit-rt.jar:?]
	at com.intellij.rt.junit.IdeaTestRunner$Repeater$1.execute(IdeaTestRunner.java:38) [junit-rt.jar:?]
	at com.intellij.rt.execution.junit.TestsRepeater.repeat(TestsRepeater.java:11) [idea_rt.jar:?]
	at com.intellij.rt.junit.IdeaTestRunner$Repeater.startRunnerWithArgs(IdeaTestRunner.java:35) [junit-rt.jar:?]
	at com.intellij.rt.junit.JUnitStarter.prepareStreamsAndStart(JUnitStarter.java:232) [junit-rt.jar:?]
	at com.intellij.rt.junit.JUnitStarter.main(JUnitStarter.java:55) [junit-rt.jar:?]
17:53:40.267 [main]INFO  stepDefinition.InnerBoxTextEntering - Selecting Country: India
12:42:28.914 [main]INFO  factory.BaseClass - browser initialized
12:42:28.914 [main]INFO  factory.BaseClass - get properties file from file directory
12:42:36.447 [main]INFO  stepDefinition.InnerBoxTextEntering - Initializing LoginPage and HomePage
12:42:36.494 [main]INFO  stepDefinition.InnerBoxTextEntering - Navigating to SignIn via HomePage
12:42:36.688 [main]INFO  stepDefinition.InnerBoxTextEntering - SignIn page loaded
12:42:36.697 [main]INFO  stepDefinition.Registration_Validation - Navigating to the registration page
12:42:36.883 [main]INFO  stepDefinition.Registration_Validation - Clicked on Registration button
12:44:23.867 [main]INFO  factory.BaseClass - browser initialized
12:44:23.872 [main]INFO  factory.BaseClass - get properties file from file directory
12:44:32.387 [main]INFO  stepDefinition.InnerBoxTextEntering - Initializing LoginPage and HomePage
12:44:32.408 [main]INFO  stepDefinition.InnerBoxTextEntering - Navigating to SignIn via HomePage
12:44:32.577 [main]INFO  stepDefinition.InnerBoxTextEntering - SignIn page loaded
12:44:32.584 [main]INFO  stepDefinition.Registration_Validation - Navigating to the registration page
12:44:32.828 [main]INFO  stepDefinition.Registration_Validation - Clicked on Registration button
12:51:18.099 [main]INFO  factory.BaseClass - browser initialized
12:51:18.102 [main]INFO  factory.BaseClass - get properties file from file directory
12:51:29.822 [main]INFO  stepDefinition.InnerBoxTextEntering - Initializing LoginPage and HomePage
12:51:29.831 [main]INFO  stepDefinition.InnerBoxTextEntering - Navigating to SignIn via HomePage
12:51:29.989 [main]INFO  stepDefinition.InnerBoxTextEntering - SignIn page loaded
12:51:29.995 [main]INFO  stepDefinition.Registration_Validation - Navigating to the registration page
12:51:30.251 [main]INFO  stepDefinition.Registration_Validation - Clicked on Registration button
12:52:30.402 [main]INFO  factory.BaseClass - browser initialized
12:52:30.406 [main]INFO  factory.BaseClass - get properties file from file directory
12:52:39.529 [main]INFO  stepDefinition.InnerBoxTextEntering - Initializing LoginPage and HomePage
12:52:39.544 [main]INFO  stepDefinition.InnerBoxTextEntering - Navigating to SignIn via HomePage
12:52:39.729 [main]INFO  stepDefinition.InnerBoxTextEntering - SignIn page loaded
12:52:39.731 [main]INFO  stepDefinition.Registration_Validation - Navigating to the registration page
12:52:40.031 [main]INFO  stepDefinition.Registration_Validation - Clicked on Registration button
13:11:21.078 [main]INFO  factory.BaseClass - browser initialized
13:11:21.085 [main]INFO  factory.BaseClass - get properties file from file directory
13:11:37.457 [main]INFO  stepDefinition.InnerBoxTextEntering - Initializing LoginPage and HomePage
13:11:37.463 [main]INFO  stepDefinition.InnerBoxTextEntering - Navigating to SignIn via HomePage
13:11:37.849 [main]INFO  stepDefinition.InnerBoxTextEntering - SignIn page loaded
13:11:37.854 [main]INFO  stepDefinition.Registration_Validation - Navigating to the registration page
13:11:38.035 [main]INFO  stepDefinition.Registration_Validation - Clicked on Registration button
13:11:38.229 [main]INFO  utility.ExelUtility - Starting to read Excel data from file: F:\Gyansetu\G_TestCase001/src/test-data/data for sign-up chat.xlsx, sheet: Register as Teacher
13:11:39.240 [main]INFO  utility.ExelUtility - Total rows found (excluding header): 12
13:11:39.271 [main]INFO  utility.ExelUtility - Row 1 processed and added to data list.
13:11:39.272 [main]WARN  utility.ExelUtility - Skipping empty/null row at index: 2
13:11:39.272 [main]WARN  utility.ExelUtility - Skipping empty/null row at index: 3
13:11:39.272 [main]WARN  utility.ExelUtility - Skipping empty/null row at index: 4
13:11:39.272 [main]WARN  utility.ExelUtility - Skipping empty/null row at index: 5
13:11:39.272 [main]WARN  utility.ExelUtility - Skipping empty/null row at index: 6
13:11:39.273 [main]WARN  utility.ExelUtility - Skipping empty/null row at index: 7
13:11:39.273 [main]WARN  utility.ExelUtility - Skipping empty/null row at index: 8
13:11:39.274 [main]WARN  utility.ExelUtility - Skipping empty/null row at index: 9
13:11:39.274 [main]WARN  utility.ExelUtility - Skipping empty/null row at index: 10
13:11:39.274 [main]WARN  utility.ExelUtility - Skipping empty/null row at index: 11
13:11:39.274 [main]INFO  utility.ExelUtility - Row 12 processed and added to data list.
13:11:39.275 [main]INFO  utility.ExelUtility - Excel data extraction completed successfully.
13:11:39.275 [main]INFO  factory.BaseClass - Shashi
13:11:39.276 [main]INFO  factory.BaseClass - Lal
13:11:39.276 [main]INFO  factory.BaseClass - 9998881100
13:11:39.276 [main]INFO  factory.BaseClass - shashilal98@yopmail.com
13:17:41.334 [main]INFO  factory.BaseClass - browser initialized
13:17:41.338 [main]INFO  factory.BaseClass - get properties file from file directory
13:17:48.859 [main]INFO  stepDefinition.InnerBoxTextEntering - Initializing LoginPage and HomePage
13:17:48.864 [main]INFO  stepDefinition.InnerBoxTextEntering - Navigating to SignIn via HomePage
13:17:49.092 [main]INFO  stepDefinition.InnerBoxTextEntering - SignIn page loaded
13:17:49.094 [main]INFO  stepDefinition.Registration_Validation - Navigating to the registration page
13:17:49.300 [main]INFO  stepDefinition.Registration_Validation - Clicked on Registration button
13:17:49.450 [main]INFO  utility.ExelUtility - Starting to read Excel data from file: F:\Gyansetu\G_TestCase001/src/test-data/data for sign-up chat.xlsx, sheet: Register as Teacher
13:17:50.364 [main]INFO  utility.ExelUtility - Total rows found (excluding header): 12
13:17:50.385 [main]INFO  utility.ExelUtility - Row 1 processed and added to data list.
13:17:50.385 [main]WARN  utility.ExelUtility - Skipping empty/null row at index: 2
13:17:50.385 [main]WARN  utility.ExelUtility - Skipping empty/null row at index: 3
13:17:50.385 [main]WARN  utility.ExelUtility - Skipping empty/null row at index: 4
13:17:50.385 [main]WARN  utility.ExelUtility - Skipping empty/null row at index: 5
13:17:50.385 [main]WARN  utility.ExelUtility - Skipping empty/null row at index: 6
13:17:50.385 [main]WARN  utility.ExelUtility - Skipping empty/null row at index: 7
13:17:50.385 [main]WARN  utility.ExelUtility - Skipping empty/null row at index: 8
13:17:50.385 [main]WARN  utility.ExelUtility - Skipping empty/null row at index: 9
13:17:50.385 [main]WARN  utility.ExelUtility - Skipping empty/null row at index: 10
13:17:50.385 [main]WARN  utility.ExelUtility - Skipping empty/null row at index: 11
13:17:50.385 [main]INFO  utility.ExelUtility - Row 12 processed and added to data list.
13:17:50.385 [main]INFO  utility.ExelUtility - Excel data extraction completed successfully.
13:17:50.385 [main]INFO  factory.BaseClass - Shashi
13:17:50.385 [main]INFO  factory.BaseClass - Lal
13:17:50.385 [main]INFO  factory.BaseClass - 9998881100
13:17:50.385 [main]INFO  factory.BaseClass - shashilal98@yopmail.com
13:17:50.385 [main]INFO  utility.DatePicker - Opening date picker....
13:17:50.619 [main]INFO  utility.DatePicker - Switched to year view..
13:17:51.831 [main]INFO  utility.DatePicker - Year 1993 selected..
13:17:52.049 [main]INFO  utility.DatePicker - Clicked previous month
13:17:52.101 [main]INFO  utility.DatePicker - Target month/year visible: JULY 1993
13:17:52.563 [main]INFO  utility.DatePicker - Date 23 selected
13:18:02.606 [main]ERROR utility.DatePicker - Exception in date picker Gy: no such element: Unable to locate element: {"method":"xpath","selector":"//button[@class='chat_search_btn']"}
  (Session info: chrome=138.0.7204.184)
For documentation on this error, please visit: https://www.selenium.dev/documentation/webdriver/troubleshooting/errors#no-such-element-exception
Build info: version: '4.33.0', revision: '2c6aaad03a'
System info: os.name: 'Windows 11', os.arch: 'amd64', os.version: '10.0', java.version: '23.0.2'
Driver info: org.openqa.selenium.chrome.ChromeDriver
Command: [977d1cff84402300208645cce7eb1815, findElement {using=xpath, value=//button[@class='chat_search_btn']}]
Capabilities {acceptInsecureCerts: false, browserName: chrome, browserVersion: 138.0.7204.184, chrome: {chromedriverVersion: 138.0.7204.183 (e90faf484dd..., userDataDir: C:\Users\WIIS\AppData\Local...}, fedcm:accounts: true, goog:chromeOptions: {debuggerAddress: localhost:55209}, networkConnectionEnabled: false, pageLoadStrategy: normal, platformName: windows, proxy: Proxy(), se:cdp: ws://localhost:55209/devtoo..., se:cdpVersion: 138.0.7204.184, setWindowRect: true, strictFileInteractability: false, timeouts: {implicit: 0, pageLoad: 300000, script: 30000}, unhandledPromptBehavior: dismiss and notify, webauthn:extension:credBlob: true, webauthn:extension:largeBlob: true, webauthn:extension:minPinLength: true, webauthn:extension:prf: true, webauthn:virtualAuthenticators: true}
Session ID: 977d1cff84402300208645cce7eb1815
org.openqa.selenium.NoSuchElementException: no such element: Unable to locate element: {"method":"xpath","selector":"//button[@class='chat_search_btn']"}
  (Session info: chrome=138.0.7204.184)
For documentation on this error, please visit: https://www.selenium.dev/documentation/webdriver/troubleshooting/errors#no-such-element-exception
Build info: version: '4.33.0', revision: '2c6aaad03a'
System info: os.name: 'Windows 11', os.arch: 'amd64', os.version: '10.0', java.version: '23.0.2'
Driver info: org.openqa.selenium.chrome.ChromeDriver
Command: [977d1cff84402300208645cce7eb1815, findElement {using=xpath, value=//button[@class='chat_search_btn']}]
Capabilities {acceptInsecureCerts: false, browserName: chrome, browserVersion: 138.0.7204.184, chrome: {chromedriverVersion: 138.0.7204.183 (e90faf484dd..., userDataDir: C:\Users\WIIS\AppData\Local...}, fedcm:accounts: true, goog:chromeOptions: {debuggerAddress: localhost:55209}, networkConnectionEnabled: false, pageLoadStrategy: normal, platformName: windows, proxy: Proxy(), se:cdp: ws://localhost:55209/devtoo..., se:cdpVersion: 138.0.7204.184, setWindowRect: true, strictFileInteractability: false, timeouts: {implicit: 0, pageLoad: 300000, script: 30000}, unhandledPromptBehavior: dismiss and notify, webauthn:extension:credBlob: true, webauthn:extension:largeBlob: true, webauthn:extension:minPinLength: true, webauthn:extension:prf: true, webauthn:virtualAuthenticators: true}
Session ID: 977d1cff84402300208645cce7eb1815
	at jdk.internal.reflect.DirectConstructorHandleAccessor.newInstance(DirectConstructorHandleAccessor.java:62) ~[?:?]
	at java.lang.reflect.Constructor.newInstanceWithCaller(Constructor.java:501) ~[?:?]
	at java.lang.reflect.Constructor.newInstance(Constructor.java:485) ~[?:?]
	at org.openqa.selenium.remote.ErrorCodec.decode(ErrorCodec.java:167) ~[selenium-remote-driver-4.33.0.jar:?]
	at org.openqa.selenium.remote.codec.w3c.W3CHttpResponseCodec.decode(W3CHttpResponseCodec.java:138) ~[selenium-remote-driver-4.33.0.jar:?]
	at org.openqa.selenium.remote.codec.w3c.W3CHttpResponseCodec.decode(W3CHttpResponseCodec.java:50) ~[selenium-remote-driver-4.33.0.jar:?]
	at org.openqa.selenium.remote.HttpCommandExecutor.execute(HttpCommandExecutor.java:215) ~[selenium-remote-driver-4.33.0.jar:?]
	at org.openqa.selenium.remote.service.DriverCommandExecutor.invokeExecute(DriverCommandExecutor.java:216) ~[selenium-remote-driver-4.33.0.jar:?]
	at org.openqa.selenium.remote.service.DriverCommandExecutor.execute(DriverCommandExecutor.java:174) ~[selenium-remote-driver-4.33.0.jar:?]
	at org.openqa.selenium.remote.RemoteWebDriver.execute(RemoteWebDriver.java:544) ~[selenium-remote-driver-4.33.0.jar:?]
	at org.openqa.selenium.remote.ElementLocation$ElementFinder$2.findElement(ElementLocation.java:165) ~[selenium-remote-driver-4.33.0.jar:?]
	at org.openqa.selenium.remote.ElementLocation.findElement(ElementLocation.java:59) ~[selenium-remote-driver-4.33.0.jar:?]
	at org.openqa.selenium.remote.RemoteWebDriver.findElement(RemoteWebDriver.java:367) ~[selenium-remote-driver-4.33.0.jar:?]
	at org.openqa.selenium.remote.RemoteWebDriver.findElement(RemoteWebDriver.java:361) ~[selenium-remote-driver-4.33.0.jar:?]
	at utility.DatePicker.datepickerGy(DatePicker.java:179) ~[test-classes/:?]
	at stepDefinition.registerf_as_teacher.fetchTheDataFromExcelSheetEnterTheDeatilsFirstPage(registerf_as_teacher.java:46) ~[test-classes/:?]
	at jdk.internal.reflect.DirectMethodHandleAccessor.invoke(DirectMethodHandleAccessor.java:103) ~[?:?]
	at java.lang.reflect.Method.invoke(Method.java:580) ~[?:?]
	at io.cucumber.java.Invoker.doInvoke(Invoker.java:66) ~[cucumber-java-7.23.0.jar:7.23.0]
	at io.cucumber.java.Invoker.invoke(Invoker.java:24) ~[cucumber-java-7.23.0.jar:7.23.0]
	at io.cucumber.java.AbstractGlueDefinition.invokeMethod(AbstractGlueDefinition.java:47) ~[cucumber-java-7.23.0.jar:7.23.0]
	at io.cucumber.java.JavaStepDefinition.execute(JavaStepDefinition.java:29) ~[cucumber-java-7.23.0.jar:7.23.0]
	at io.cucumber.core.runner.CoreStepDefinition.execute(CoreStepDefinition.java:66) ~[cucumber-core-7.23.0.jar:7.23.0]
	at io.cucumber.core.runner.PickleStepDefinitionMatch.runStep(PickleStepDefinitionMatch.java:62) ~[cucumber-core-7.23.0.jar:7.23.0]
	at io.cucumber.core.runner.ExecutionMode$1.execute(ExecutionMode.java:10) ~[cucumber-core-7.23.0.jar:7.23.0]
	at io.cucumber.core.runner.TestStep.executeStep(TestStep.java:81) ~[cucumber-core-7.23.0.jar:7.23.0]
	at io.cucumber.core.runner.TestStep.run(TestStep.java:53) ~[cucumber-core-7.23.0.jar:7.23.0]
	at io.cucumber.core.runner.PickleStepTestStep.run(PickleStepTestStep.java:51) ~[cucumber-core-7.23.0.jar:7.23.0]
	at io.cucumber.core.runner.TestCase.run(TestCase.java:86) ~[cucumber-core-7.23.0.jar:7.23.0]
	at io.cucumber.core.runner.Runner.runPickle(Runner.java:77) ~[cucumber-core-7.23.0.jar:7.23.0]
	at io.cucumber.junit.PickleRunners$NoStepDescriptions.lambda$run$0(PickleRunners.java:151) ~[cucumber-junit-7.23.0.jar:7.23.0]
	at io.cucumber.core.runtime.CucumberExecutionContext.lambda$runTestCase$5(CucumberExecutionContext.java:136) ~[cucumber-core-7.23.0.jar:7.23.0]
	at io.cucumber.core.runtime.RethrowingThrowableCollector.executeAndThrow(RethrowingThrowableCollector.java:23) ~[cucumber-core-7.23.0.jar:7.23.0]
	at io.cucumber.core.runtime.CucumberExecutionContext.runTestCase(CucumberExecutionContext.java:136) ~[cucumber-core-7.23.0.jar:7.23.0]
	at io.cucumber.junit.PickleRunners$NoStepDescriptions.run(PickleRunners.java:148) ~[cucumber-junit-7.23.0.jar:7.23.0]
	at io.cucumber.junit.FeatureRunner.runChild(FeatureRunner.java:144) ~[cucumber-junit-7.23.0.jar:7.23.0]
	at io.cucumber.junit.FeatureRunner.runChild(FeatureRunner.java:28) ~[cucumber-junit-7.23.0.jar:7.23.0]
	at org.junit.runners.ParentRunner$4.run(ParentRunner.java:331) ~[junit-4.13.2.jar:4.13.2]
	at org.junit.runners.ParentRunner$1.schedule(ParentRunner.java:79) ~[junit-4.13.2.jar:4.13.2]
	at org.junit.runners.ParentRunner.runChildren(ParentRunner.java:329) ~[junit-4.13.2.jar:4.13.2]
	at org.junit.runners.ParentRunner.access$100(ParentRunner.java:66) ~[junit-4.13.2.jar:4.13.2]
	at org.junit.runners.ParentRunner$2.evaluate(ParentRunner.java:293) ~[junit-4.13.2.jar:4.13.2]
	at org.junit.runners.ParentRunner$3.evaluate(ParentRunner.java:306) ~[junit-4.13.2.jar:4.13.2]
	at org.junit.runners.ParentRunner.run(ParentRunner.java:413) ~[junit-4.13.2.jar:4.13.2]
	at io.cucumber.junit.FeatureRunner.run(FeatureRunner.java:137) ~[cucumber-junit-7.23.0.jar:7.23.0]
	at io.cucumber.junit.Cucumber.runChild(Cucumber.java:199) ~[cucumber-junit-7.23.0.jar:7.23.0]
	at io.cucumber.junit.Cucumber.runChild(Cucumber.java:89) ~[cucumber-junit-7.23.0.jar:7.23.0]
	at org.junit.runners.ParentRunner$4.run(ParentRunner.java:331) ~[junit-4.13.2.jar:4.13.2]
	at org.junit.runners.ParentRunner$1.schedule(ParentRunner.java:79) ~[junit-4.13.2.jar:4.13.2]
	at org.junit.runners.ParentRunner.runChildren(ParentRunner.java:329) ~[junit-4.13.2.jar:4.13.2]
	at org.junit.runners.ParentRunner.access$100(ParentRunner.java:66) ~[junit-4.13.2.jar:4.13.2]
	at org.junit.runners.ParentRunner$2.evaluate(ParentRunner.java:293) ~[junit-4.13.2.jar:4.13.2]
	at io.cucumber.core.runtime.CucumberExecutionContext.lambda$runFeatures$6(CucumberExecutionContext.java:147) ~[cucumber-core-7.23.0.jar:7.23.0]
	at io.cucumber.core.runtime.CucumberExecutionContext.execute(CucumberExecutionContext.java:162) [cucumber-core-7.23.0.jar:7.23.0]
	at io.cucumber.core.runtime.CucumberExecutionContext.runFeatures(CucumberExecutionContext.java:145) [cucumber-core-7.23.0.jar:7.23.0]
	at io.cucumber.junit.Cucumber$StartAndFinishTestRun.evaluate(Cucumber.java:229) [cucumber-junit-7.23.0.jar:7.23.0]
	at org.junit.runners.ParentRunner$3.evaluate(ParentRunner.java:306) [junit-4.13.2.jar:4.13.2]
	at org.junit.runners.ParentRunner.run(ParentRunner.java:413) [junit-4.13.2.jar:4.13.2]
	at org.junit.runner.JUnitCore.run(JUnitCore.java:137) [junit-4.13.2.jar:4.13.2]
	at com.intellij.junit4.JUnit4IdeaTestRunner.startRunnerWithArgs(JUnit4IdeaTestRunner.java:69) [junit-rt.jar:?]
	at com.intellij.rt.junit.IdeaTestRunner$Repeater$1.execute(IdeaTestRunner.java:38) [junit-rt.jar:?]
	at com.intellij.rt.execution.junit.TestsRepeater.repeat(TestsRepeater.java:11) [idea_rt.jar:?]
	at com.intellij.rt.junit.IdeaTestRunner$Repeater.startRunnerWithArgs(IdeaTestRunner.java:35) [junit-rt.jar:?]
	at com.intellij.rt.junit.JUnitStarter.prepareStreamsAndStart(JUnitStarter.java:232) [junit-rt.jar:?]
	at com.intellij.rt.junit.JUnitStarter.main(JUnitStarter.java:55) [junit-rt.jar:?]
14:22:24.295 [main]INFO  factory.BaseClass - browser initialized
14:22:24.299 [main]INFO  factory.BaseClass - get properties file from file directory
14:22:32.243 [main]INFO  stepDefinition.InnerBoxTextEntering - Initializing LoginPage and HomePage
14:22:32.251 [main]INFO  stepDefinition.InnerBoxTextEntering - Navigating to SignIn via HomePage
14:22:32.464 [main]INFO  stepDefinition.InnerBoxTextEntering - SignIn page loaded
14:22:32.472 [main]INFO  stepDefinition.Registration_Validation - Navigating to the registration page
14:22:32.740 [main]INFO  stepDefinition.Registration_Validation - Clicked on Registration button
14:22:32.873 [main]INFO  utility.ExelUtility - Starting to read Excel data from file: F:\Gyansetu\G_TestCase001/src/test-data/data for sign-up chat.xlsx, sheet: Register as Teacher
14:22:33.801 [main]INFO  utility.ExelUtility - Total rows found (excluding header): 12
14:22:33.825 [main]INFO  utility.ExelUtility - Row 1 processed and added to data list.
14:22:33.825 [main]WARN  utility.ExelUtility - Skipping empty/null row at index: 2
14:22:33.825 [main]WARN  utility.ExelUtility - Skipping empty/null row at index: 3
14:22:33.827 [main]WARN  utility.ExelUtility - Skipping empty/null row at index: 4
14:22:33.827 [main]WARN  utility.ExelUtility - Skipping empty/null row at index: 5
14:22:33.827 [main]WARN  utility.ExelUtility - Skipping empty/null row at index: 6
14:22:33.827 [main]WARN  utility.ExelUtility - Skipping empty/null row at index: 7
14:22:33.827 [main]WARN  utility.ExelUtility - Skipping empty/null row at index: 8
14:22:33.827 [main]WARN  utility.ExelUtility - Skipping empty/null row at index: 9
14:22:33.827 [main]WARN  utility.ExelUtility - Skipping empty/null row at index: 10
14:22:33.827 [main]WARN  utility.ExelUtility - Skipping empty/null row at index: 11
14:22:33.827 [main]INFO  utility.ExelUtility - Row 12 processed and added to data list.
14:22:33.827 [main]INFO  utility.ExelUtility - Excel data extraction completed successfully.
14:22:33.827 [main]INFO  factory.BaseClass - fetched data of first name: Shashi
14:22:33.827 [main]INFO  factory.BaseClass - fetched data of  last name: Lal
14:22:33.827 [main]INFO  factory.BaseClass - fetched data of mobile Number: 9998881100
14:22:33.827 [main]INFO  factory.BaseClass - fetched data of: shashilal98@yopmail.com
14:22:33.827 [main]INFO  factory.BaseClass - fetched data of date date: 23
14:22:33.827 [main]INFO  factory.BaseClass - fetched data of month: July
14:22:33.827 [main]INFO  factory.BaseClass - fetched data of year: 1993
14:22:33.830 [main]INFO  factory.BaseClass - Initialize the teacher POM page
14:22:34.049 [main]INFO  factory.BaseClass - Entered data of first name: Shashi
14:22:34.196 [main]INFO  factory.BaseClass - Entered data of last name: Lal
14:22:34.407 [main]INFO  factory.BaseClass - Entered data of mobile number: 9998881100
14:22:34.719 [main]INFO  factory.BaseClass - Entered data of email id: shashilal98@yopmail.com
14:22:34.719 [main]INFO  utility.DatePicker - Opening date picker....
14:22:34.946 [main]INFO  utility.DatePicker - Switched to year view..
14:22:36.151 [main]INFO  utility.DatePicker - Year 1993 selected..
14:22:36.390 [main]INFO  utility.DatePicker - Clicked previous month
14:22:36.449 [main]INFO  utility.DatePicker - Target month/year visible: JULY 1993
14:22:36.928 [main]INFO  utility.DatePicker - Date 23 selected
14:22:46.991 [main]ERROR utility.DatePicker - Exception in date picker Gy: no such element: Unable to locate element: {"method":"xpath","selector":"//button[@class='chat_search_btn']"}
  (Session info: chrome=138.0.7204.184)
For documentation on this error, please visit: https://www.selenium.dev/documentation/webdriver/troubleshooting/errors#no-such-element-exception
Build info: version: '4.33.0', revision: '2c6aaad03a'
System info: os.name: 'Windows 11', os.arch: 'amd64', os.version: '10.0', java.version: '23.0.2'
Driver info: org.openqa.selenium.chrome.ChromeDriver
Command: [3725f9c8b831086c9cf8ec6c87765617, findElement {value=//button[@class='chat_search_btn'], using=xpath}]
Capabilities {acceptInsecureCerts: false, browserName: chrome, browserVersion: 138.0.7204.184, chrome: {chromedriverVersion: 138.0.7204.183 (e90faf484dd..., userDataDir: C:\Users\WIIS\AppData\Local...}, fedcm:accounts: true, goog:chromeOptions: {debuggerAddress: localhost:55803}, networkConnectionEnabled: false, pageLoadStrategy: normal, platformName: windows, proxy: Proxy(), se:cdp: ws://localhost:55803/devtoo..., se:cdpVersion: 138.0.7204.184, setWindowRect: true, strictFileInteractability: false, timeouts: {implicit: 0, pageLoad: 300000, script: 30000}, unhandledPromptBehavior: dismiss and notify, webauthn:extension:credBlob: true, webauthn:extension:largeBlob: true, webauthn:extension:minPinLength: true, webauthn:extension:prf: true, webauthn:virtualAuthenticators: true}
Session ID: 3725f9c8b831086c9cf8ec6c87765617
org.openqa.selenium.NoSuchElementException: no such element: Unable to locate element: {"method":"xpath","selector":"//button[@class='chat_search_btn']"}
  (Session info: chrome=138.0.7204.184)
For documentation on this error, please visit: https://www.selenium.dev/documentation/webdriver/troubleshooting/errors#no-such-element-exception
Build info: version: '4.33.0', revision: '2c6aaad03a'
System info: os.name: 'Windows 11', os.arch: 'amd64', os.version: '10.0', java.version: '23.0.2'
Driver info: org.openqa.selenium.chrome.ChromeDriver
Command: [3725f9c8b831086c9cf8ec6c87765617, findElement {value=//button[@class='chat_search_btn'], using=xpath}]
Capabilities {acceptInsecureCerts: false, browserName: chrome, browserVersion: 138.0.7204.184, chrome: {chromedriverVersion: 138.0.7204.183 (e90faf484dd..., userDataDir: C:\Users\WIIS\AppData\Local...}, fedcm:accounts: true, goog:chromeOptions: {debuggerAddress: localhost:55803}, networkConnectionEnabled: false, pageLoadStrategy: normal, platformName: windows, proxy: Proxy(), se:cdp: ws://localhost:55803/devtoo..., se:cdpVersion: 138.0.7204.184, setWindowRect: true, strictFileInteractability: false, timeouts: {implicit: 0, pageLoad: 300000, script: 30000}, unhandledPromptBehavior: dismiss and notify, webauthn:extension:credBlob: true, webauthn:extension:largeBlob: true, webauthn:extension:minPinLength: true, webauthn:extension:prf: true, webauthn:virtualAuthenticators: true}
Session ID: 3725f9c8b831086c9cf8ec6c87765617
	at jdk.internal.reflect.DirectConstructorHandleAccessor.newInstance(DirectConstructorHandleAccessor.java:62) ~[?:?]
	at java.lang.reflect.Constructor.newInstanceWithCaller(Constructor.java:501) ~[?:?]
	at java.lang.reflect.Constructor.newInstance(Constructor.java:485) ~[?:?]
	at org.openqa.selenium.remote.ErrorCodec.decode(ErrorCodec.java:167) ~[selenium-remote-driver-4.33.0.jar:?]
	at org.openqa.selenium.remote.codec.w3c.W3CHttpResponseCodec.decode(W3CHttpResponseCodec.java:138) ~[selenium-remote-driver-4.33.0.jar:?]
	at org.openqa.selenium.remote.codec.w3c.W3CHttpResponseCodec.decode(W3CHttpResponseCodec.java:50) ~[selenium-remote-driver-4.33.0.jar:?]
	at org.openqa.selenium.remote.HttpCommandExecutor.execute(HttpCommandExecutor.java:215) ~[selenium-remote-driver-4.33.0.jar:?]
	at org.openqa.selenium.remote.service.DriverCommandExecutor.invokeExecute(DriverCommandExecutor.java:216) ~[selenium-remote-driver-4.33.0.jar:?]
	at org.openqa.selenium.remote.service.DriverCommandExecutor.execute(DriverCommandExecutor.java:174) ~[selenium-remote-driver-4.33.0.jar:?]
	at org.openqa.selenium.remote.RemoteWebDriver.execute(RemoteWebDriver.java:544) ~[selenium-remote-driver-4.33.0.jar:?]
	at org.openqa.selenium.remote.ElementLocation$ElementFinder$2.findElement(ElementLocation.java:165) ~[selenium-remote-driver-4.33.0.jar:?]
	at org.openqa.selenium.remote.ElementLocation.findElement(ElementLocation.java:59) ~[selenium-remote-driver-4.33.0.jar:?]
	at org.openqa.selenium.remote.RemoteWebDriver.findElement(RemoteWebDriver.java:367) ~[selenium-remote-driver-4.33.0.jar:?]
	at org.openqa.selenium.remote.RemoteWebDriver.findElement(RemoteWebDriver.java:361) ~[selenium-remote-driver-4.33.0.jar:?]
	at utility.DatePicker.datepickerGy(DatePicker.java:179) ~[test-classes/:?]
	at stepDefinition.registerf_as_teacher.fetchTheDataFromExcelSheetEnterTheDeatilsFirstPage(registerf_as_teacher.java:62) ~[test-classes/:?]
	at jdk.internal.reflect.DirectMethodHandleAccessor.invoke(DirectMethodHandleAccessor.java:103) ~[?:?]
	at java.lang.reflect.Method.invoke(Method.java:580) ~[?:?]
	at io.cucumber.java.Invoker.doInvoke(Invoker.java:66) ~[cucumber-java-7.23.0.jar:7.23.0]
	at io.cucumber.java.Invoker.invoke(Invoker.java:24) ~[cucumber-java-7.23.0.jar:7.23.0]
	at io.cucumber.java.AbstractGlueDefinition.invokeMethod(AbstractGlueDefinition.java:47) ~[cucumber-java-7.23.0.jar:7.23.0]
	at io.cucumber.java.JavaStepDefinition.execute(JavaStepDefinition.java:29) ~[cucumber-java-7.23.0.jar:7.23.0]
	at io.cucumber.core.runner.CoreStepDefinition.execute(CoreStepDefinition.java:66) ~[cucumber-core-7.23.0.jar:7.23.0]
	at io.cucumber.core.runner.PickleStepDefinitionMatch.runStep(PickleStepDefinitionMatch.java:62) ~[cucumber-core-7.23.0.jar:7.23.0]
	at io.cucumber.core.runner.ExecutionMode$1.execute(ExecutionMode.java:10) ~[cucumber-core-7.23.0.jar:7.23.0]
	at io.cucumber.core.runner.TestStep.executeStep(TestStep.java:81) ~[cucumber-core-7.23.0.jar:7.23.0]
	at io.cucumber.core.runner.TestStep.run(TestStep.java:53) ~[cucumber-core-7.23.0.jar:7.23.0]
	at io.cucumber.core.runner.PickleStepTestStep.run(PickleStepTestStep.java:51) ~[cucumber-core-7.23.0.jar:7.23.0]
	at io.cucumber.core.runner.TestCase.run(TestCase.java:86) ~[cucumber-core-7.23.0.jar:7.23.0]
	at io.cucumber.core.runner.Runner.runPickle(Runner.java:77) ~[cucumber-core-7.23.0.jar:7.23.0]
	at io.cucumber.junit.PickleRunners$NoStepDescriptions.lambda$run$0(PickleRunners.java:151) ~[cucumber-junit-7.23.0.jar:7.23.0]
	at io.cucumber.core.runtime.CucumberExecutionContext.lambda$runTestCase$5(CucumberExecutionContext.java:136) ~[cucumber-core-7.23.0.jar:7.23.0]
	at io.cucumber.core.runtime.RethrowingThrowableCollector.executeAndThrow(RethrowingThrowableCollector.java:23) ~[cucumber-core-7.23.0.jar:7.23.0]
	at io.cucumber.core.runtime.CucumberExecutionContext.runTestCase(CucumberExecutionContext.java:136) ~[cucumber-core-7.23.0.jar:7.23.0]
	at io.cucumber.junit.PickleRunners$NoStepDescriptions.run(PickleRunners.java:148) ~[cucumber-junit-7.23.0.jar:7.23.0]
	at io.cucumber.junit.FeatureRunner.runChild(FeatureRunner.java:144) ~[cucumber-junit-7.23.0.jar:7.23.0]
	at io.cucumber.junit.FeatureRunner.runChild(FeatureRunner.java:28) ~[cucumber-junit-7.23.0.jar:7.23.0]
	at org.junit.runners.ParentRunner$4.run(ParentRunner.java:331) ~[junit-4.13.2.jar:4.13.2]
	at org.junit.runners.ParentRunner$1.schedule(ParentRunner.java:79) ~[junit-4.13.2.jar:4.13.2]
	at org.junit.runners.ParentRunner.runChildren(ParentRunner.java:329) ~[junit-4.13.2.jar:4.13.2]
	at org.junit.runners.ParentRunner.access$100(ParentRunner.java:66) ~[junit-4.13.2.jar:4.13.2]
	at org.junit.runners.ParentRunner$2.evaluate(ParentRunner.java:293) ~[junit-4.13.2.jar:4.13.2]
	at org.junit.runners.ParentRunner$3.evaluate(ParentRunner.java:306) ~[junit-4.13.2.jar:4.13.2]
	at org.junit.runners.ParentRunner.run(ParentRunner.java:413) ~[junit-4.13.2.jar:4.13.2]
	at io.cucumber.junit.FeatureRunner.run(FeatureRunner.java:137) ~[cucumber-junit-7.23.0.jar:7.23.0]
	at io.cucumber.junit.Cucumber.runChild(Cucumber.java:199) ~[cucumber-junit-7.23.0.jar:7.23.0]
	at io.cucumber.junit.Cucumber.runChild(Cucumber.java:89) ~[cucumber-junit-7.23.0.jar:7.23.0]
	at org.junit.runners.ParentRunner$4.run(ParentRunner.java:331) ~[junit-4.13.2.jar:4.13.2]
	at org.junit.runners.ParentRunner$1.schedule(ParentRunner.java:79) ~[junit-4.13.2.jar:4.13.2]
	at org.junit.runners.ParentRunner.runChildren(ParentRunner.java:329) ~[junit-4.13.2.jar:4.13.2]
	at org.junit.runners.ParentRunner.access$100(ParentRunner.java:66) ~[junit-4.13.2.jar:4.13.2]
	at org.junit.runners.ParentRunner$2.evaluate(ParentRunner.java:293) ~[junit-4.13.2.jar:4.13.2]
	at io.cucumber.core.runtime.CucumberExecutionContext.lambda$runFeatures$6(CucumberExecutionContext.java:147) ~[cucumber-core-7.23.0.jar:7.23.0]
	at io.cucumber.core.runtime.CucumberExecutionContext.execute(CucumberExecutionContext.java:162) [cucumber-core-7.23.0.jar:7.23.0]
	at io.cucumber.core.runtime.CucumberExecutionContext.runFeatures(CucumberExecutionContext.java:145) [cucumber-core-7.23.0.jar:7.23.0]
	at io.cucumber.junit.Cucumber$StartAndFinishTestRun.evaluate(Cucumber.java:229) [cucumber-junit-7.23.0.jar:7.23.0]
	at org.junit.runners.ParentRunner$3.evaluate(ParentRunner.java:306) [junit-4.13.2.jar:4.13.2]
	at org.junit.runners.ParentRunner.run(ParentRunner.java:413) [junit-4.13.2.jar:4.13.2]
	at org.junit.runner.JUnitCore.run(JUnitCore.java:137) [junit-4.13.2.jar:4.13.2]
	at com.intellij.junit4.JUnit4IdeaTestRunner.startRunnerWithArgs(JUnit4IdeaTestRunner.java:69) [junit-rt.jar:?]
	at com.intellij.rt.junit.IdeaTestRunner$Repeater$1.execute(IdeaTestRunner.java:38) [junit-rt.jar:?]
	at com.intellij.rt.execution.junit.TestsRepeater.repeat(TestsRepeater.java:11) [idea_rt.jar:?]
	at com.intellij.rt.junit.IdeaTestRunner$Repeater.startRunnerWithArgs(IdeaTestRunner.java:35) [junit-rt.jar:?]
	at com.intellij.rt.junit.JUnitStarter.prepareStreamsAndStart(JUnitStarter.java:232) [junit-rt.jar:?]
	at com.intellij.rt.junit.JUnitStarter.main(JUnitStarter.java:55) [junit-rt.jar:?]
14:40:44.876 [main]INFO  factory.BaseClass - browser initialized
14:40:44.886 [main]INFO  factory.BaseClass - get properties file from file directory
14:41:00.290 [main]INFO  stepDefinition.InnerBoxTextEntering - Initializing LoginPage and HomePage
14:41:00.297 [main]INFO  stepDefinition.InnerBoxTextEntering - Navigating to SignIn via HomePage
14:41:00.490 [main]INFO  stepDefinition.InnerBoxTextEntering - SignIn page loaded
14:41:00.500 [main]INFO  stepDefinition.Registration_Validation - Navigating to the registration page
14:41:00.699 [main]INFO  stepDefinition.Registration_Validation - Clicked on Registration button
14:41:00.850 [main]INFO  utility.ExelUtility - Starting to read Excel data from file: F:\Gyansetu\G_TestCase001/src/test-data/data for sign-up chat.xlsx, sheet: Register as Teacher
14:41:01.986 [main]INFO  utility.ExelUtility - Total rows found (excluding header): 12
14:41:02.016 [main]INFO  utility.ExelUtility - Row 1 processed and added to data list.
14:41:02.022 [main]WARN  utility.ExelUtility - Skipping empty/null row at index: 2
14:41:02.022 [main]WARN  utility.ExelUtility - Skipping empty/null row at index: 3
14:41:02.022 [main]WARN  utility.ExelUtility - Skipping empty/null row at index: 4
14:41:02.022 [main]WARN  utility.ExelUtility - Skipping empty/null row at index: 5
14:41:02.022 [main]WARN  utility.ExelUtility - Skipping empty/null row at index: 6
14:41:02.022 [main]WARN  utility.ExelUtility - Skipping empty/null row at index: 7
14:41:02.022 [main]WARN  utility.ExelUtility - Skipping empty/null row at index: 8
14:41:02.022 [main]WARN  utility.ExelUtility - Skipping empty/null row at index: 9
14:41:02.022 [main]WARN  utility.ExelUtility - Skipping empty/null row at index: 10
14:41:02.022 [main]WARN  utility.ExelUtility - Skipping empty/null row at index: 11
14:41:02.022 [main]INFO  utility.ExelUtility - Row 12 processed and added to data list.
14:41:02.022 [main]INFO  utility.ExelUtility - Excel data extraction completed successfully.
14:41:02.022 [main]INFO  factory.BaseClass - fetched data of first name: Shashi
14:41:02.022 [main]INFO  factory.BaseClass - fetched data of  last name: Lal
14:41:02.024 [main]INFO  factory.BaseClass - fetched data of mobile Number: 9998881100
14:41:02.024 [main]INFO  factory.BaseClass - fetched data of: shashilal98@yopmail.com
14:41:02.024 [main]INFO  factory.BaseClass - fetched data of date date: 23
14:41:02.024 [main]INFO  factory.BaseClass - fetched data of month: July
14:41:02.024 [main]INFO  factory.BaseClass - fetched data of year: 1993
14:41:02.050 [main]INFO  factory.BaseClass - Initialize the teacher POM page
14:41:02.266 [main]INFO  factory.BaseClass - Entered data of first name: Shashi
14:41:02.452 [main]INFO  factory.BaseClass - Entered data of last name: Lal
14:41:02.724 [main]INFO  factory.BaseClass - Entered data of mobile number: 9998881100
14:41:03.123 [main]INFO  factory.BaseClass - Entered data of email id: shashilal98@yopmail.com
14:41:03.128 [main]INFO  utility.DatePicker - Opening date picker....
14:41:03.392 [main]INFO  utility.DatePicker - Switched to year view..
14:41:04.798 [main]INFO  utility.DatePicker - Year 1993 selected..
14:41:05.067 [main]INFO  utility.DatePicker - Clicked previous month
14:41:05.091 [main]INFO  utility.DatePicker - Target month/year visible: JULY 1993
14:41:05.629 [main]INFO  utility.DatePicker - Date 23 selected
14:42:09.081 [main]INFO  factory.BaseClass - browser initialized
14:42:09.091 [main]INFO  factory.BaseClass - get properties file from file directory
14:42:18.701 [main]INFO  stepDefinition.InnerBoxTextEntering - Initializing LoginPage and HomePage
14:42:18.709 [main]INFO  stepDefinition.InnerBoxTextEntering - Navigating to SignIn via HomePage
14:42:18.861 [main]INFO  stepDefinition.InnerBoxTextEntering - SignIn page loaded
14:42:18.870 [main]INFO  stepDefinition.Registration_Validation - Navigating to the registration page
14:42:19.090 [main]INFO  stepDefinition.Registration_Validation - Clicked on Registration button
14:42:19.220 [main]INFO  utility.ExelUtility - Starting to read Excel data from file: F:\Gyansetu\G_TestCase001/src/test-data/data for sign-up chat.xlsx, sheet: Register as Teacher
14:42:20.282 [main]INFO  utility.ExelUtility - Total rows found (excluding header): 12
14:42:20.327 [main]INFO  utility.ExelUtility - Row 1 processed and added to data list.
14:42:20.327 [main]WARN  utility.ExelUtility - Skipping empty/null row at index: 2
14:42:20.327 [main]WARN  utility.ExelUtility - Skipping empty/null row at index: 3
14:42:20.327 [main]WARN  utility.ExelUtility - Skipping empty/null row at index: 4
14:42:20.328 [main]WARN  utility.ExelUtility - Skipping empty/null row at index: 5
14:42:20.328 [main]WARN  utility.ExelUtility - Skipping empty/null row at index: 6
14:42:20.328 [main]WARN  utility.ExelUtility - Skipping empty/null row at index: 7
14:42:20.328 [main]WARN  utility.ExelUtility - Skipping empty/null row at index: 8
14:42:20.328 [main]WARN  utility.ExelUtility - Skipping empty/null row at index: 9
14:42:20.328 [main]WARN  utility.ExelUtility - Skipping empty/null row at index: 10
14:42:20.328 [main]WARN  utility.ExelUtility - Skipping empty/null row at index: 11
14:42:20.329 [main]INFO  utility.ExelUtility - Row 12 processed and added to data list.
14:42:20.329 [main]INFO  utility.ExelUtility - Excel data extraction completed successfully.
14:42:20.330 [main]INFO  factory.BaseClass - fetched data of first name: Shashi
14:42:20.330 [main]INFO  factory.BaseClass - fetched data of  last name: Lal
14:42:20.330 [main]INFO  factory.BaseClass - fetched data of mobile Number: 9998881100
14:42:20.330 [main]INFO  factory.BaseClass - fetched data of: shashilal98@yopmail.com
14:42:20.330 [main]INFO  factory.BaseClass - fetched data of date date: 23
14:42:20.331 [main]INFO  factory.BaseClass - fetched data of month: July
14:42:20.331 [main]INFO  factory.BaseClass - fetched data of year: 1993
14:42:20.360 [main]INFO  factory.BaseClass - Initialize the teacher POM page
14:42:20.611 [main]INFO  factory.BaseClass - Entered data of first name: Shashi
14:42:20.773 [main]INFO  factory.BaseClass - Entered data of last name: Lal
14:42:21.032 [main]INFO  factory.BaseClass - Entered data of mobile number: 9998881100
14:42:21.451 [main]INFO  factory.BaseClass - Entered data of email id: shashilal98@yopmail.com
14:42:21.451 [main]INFO  utility.DatePicker - Opening date picker....
14:42:21.693 [main]INFO  utility.DatePicker - Switched to year view..
14:42:23.267 [main]INFO  utility.DatePicker - Year 1993 selected..
14:42:23.595 [main]INFO  utility.DatePicker - Clicked previous month
14:42:23.674 [main]INFO  utility.DatePicker - Target month/year visible: JULY 1993
14:42:24.181 [main]INFO  utility.DatePicker - Date 23 selected
15:07:29.158 [main]INFO  factory.BaseClass - browser initialized
15:07:29.158 [main]INFO  factory.BaseClass - get properties file from file directory
15:07:38.974 [main]INFO  stepDefinition.InnerBoxTextEntering - Initializing LoginPage and HomePage
15:07:38.982 [main]INFO  stepDefinition.InnerBoxTextEntering - Navigating to SignIn via HomePage
15:07:39.169 [main]INFO  stepDefinition.InnerBoxTextEntering - SignIn page loaded
15:07:39.175 [main]INFO  stepDefinition.Registration_Validation - Navigating to the registration page
15:07:39.359 [main]INFO  stepDefinition.Registration_Validation - Clicked on Registration button
15:07:39.501 [main]INFO  utility.ExelUtility - Starting to read Excel data from file: F:\Gyansetu\G_TestCase001/src/test-data/data for sign-up chat.xlsx, sheet: Register as Teacher
15:07:40.834 [main]INFO  utility.ExelUtility - Total rows found (excluding header): 12
15:07:40.863 [main]INFO  utility.ExelUtility - Row 1 processed and added to data list.
15:07:40.863 [main]WARN  utility.ExelUtility - Skipping empty/null row at index: 2
15:07:40.863 [main]WARN  utility.ExelUtility - Skipping empty/null row at index: 3
15:07:40.863 [main]WARN  utility.ExelUtility - Skipping empty/null row at index: 4
15:07:40.863 [main]WARN  utility.ExelUtility - Skipping empty/null row at index: 5
15:07:40.863 [main]WARN  utility.ExelUtility - Skipping empty/null row at index: 6
15:07:40.863 [main]WARN  utility.ExelUtility - Skipping empty/null row at index: 7
15:07:40.863 [main]WARN  utility.ExelUtility - Skipping empty/null row at index: 8
15:07:40.863 [main]WARN  utility.ExelUtility - Skipping empty/null row at index: 9
15:07:40.863 [main]WARN  utility.ExelUtility - Skipping empty/null row at index: 10
15:07:40.863 [main]WARN  utility.ExelUtility - Skipping empty/null row at index: 11
15:07:40.863 [main]INFO  utility.ExelUtility - Row 12 processed and added to data list.
15:07:40.865 [main]INFO  utility.ExelUtility - Excel data extraction completed successfully.
15:07:40.865 [main]INFO  factory.BaseClass - fetched data of first name: Shashi
15:07:40.865 [main]INFO  factory.BaseClass - fetched data of  last name: Lal
15:07:40.865 [main]INFO  factory.BaseClass - fetched data of mobile Number: 9998881100
15:07:40.865 [main]INFO  factory.BaseClass - fetched data of: shashilal98@yopmail.com
15:07:40.865 [main]INFO  factory.BaseClass - fetched data of date date: 23
15:07:40.865 [main]INFO  factory.BaseClass - fetched data of month: July
15:07:40.865 [main]INFO  factory.BaseClass - fetched data of year: 1993
15:07:40.890 [main]INFO  factory.BaseClass - Initialize the teacher POM page
15:07:41.129 [main]INFO  factory.BaseClass - Entered data of first name: Shashi
15:07:41.334 [main]INFO  factory.BaseClass - Entered data of last name: Lal
15:07:41.589 [main]INFO  factory.BaseClass - Entered data of mobile number: 9998881100
15:07:42.042 [main]INFO  factory.BaseClass - Entered data of email id: shashilal98@yopmail.com
15:07:42.047 [main]INFO  utility.DatePicker - Opening date picker....
15:07:42.336 [main]INFO  utility.DatePicker - Switched to year view..
15:07:44.205 [main]INFO  utility.DatePicker - Year 1993 selected..
15:07:44.453 [main]INFO  utility.DatePicker - Clicked previous month
15:07:44.497 [main]INFO  utility.DatePicker - Target month/year visible: JULY 1993
15:07:45.080 [main]INFO  utility.DatePicker - Date 23 selected
16:16:01.232 [main]INFO  factory.BaseClass - browser initialized
16:16:01.236 [main]INFO  factory.BaseClass - get properties file from file directory
16:16:09.444 [main]INFO  stepDefinition.InnerBoxTextEntering - Initializing LoginPage and HomePage
16:16:09.457 [main]INFO  stepDefinition.InnerBoxTextEntering - Navigating to SignIn via HomePage
16:16:09.628 [main]INFO  stepDefinition.InnerBoxTextEntering - SignIn page loaded
16:16:09.634 [main]INFO  stepDefinition.Registration_Validation - Navigating to the registration page
16:16:09.861 [main]INFO  stepDefinition.Registration_Validation - Clicked on Registration button
16:16:09.995 [main]INFO  utility.ExelUtility - Starting to read Excel data from file: F:\Gyansetu\G_TestCase001/src/test-data/data for sign-up chat.xlsx, sheet: Register as Teacher
16:16:10.885 [main]INFO  utility.ExelUtility - Total rows found (excluding header): 12
16:16:10.924 [main]INFO  utility.ExelUtility - Row 1 processed and added to data list.
16:16:10.924 [main]WARN  utility.ExelUtility - Skipping empty/null row at index: 2
16:16:10.924 [main]WARN  utility.ExelUtility - Skipping empty/null row at index: 3
16:16:10.924 [main]WARN  utility.ExelUtility - Skipping empty/null row at index: 4
16:16:10.924 [main]WARN  utility.ExelUtility - Skipping empty/null row at index: 5
16:16:10.924 [main]WARN  utility.ExelUtility - Skipping empty/null row at index: 6
16:16:10.924 [main]WARN  utility.ExelUtility - Skipping empty/null row at index: 7
16:16:10.924 [main]WARN  utility.ExelUtility - Skipping empty/null row at index: 8
16:16:10.924 [main]WARN  utility.ExelUtility - Skipping empty/null row at index: 9
16:16:10.924 [main]WARN  utility.ExelUtility - Skipping empty/null row at index: 10
16:16:10.924 [main]WARN  utility.ExelUtility - Skipping empty/null row at index: 11
16:16:10.926 [main]INFO  utility.ExelUtility - Row 12 processed and added to data list.
16:16:10.926 [main]INFO  utility.ExelUtility - Excel data extraction completed successfully.
16:16:10.926 [main]INFO  factory.BaseClass - fetched data of first name: Shashi
16:16:10.926 [main]INFO  factory.BaseClass - fetched data of  last name: Lal
16:16:10.926 [main]INFO  factory.BaseClass - fetched data of mobile Number: 9998881100
16:16:10.926 [main]INFO  factory.BaseClass - fetched data of: shashilal98@yopmail.com
16:16:10.926 [main]INFO  factory.BaseClass - fetched data of date date: 23
16:16:10.926 [main]INFO  factory.BaseClass - fetched data of month: July
16:16:10.926 [main]INFO  factory.BaseClass - fetched data of year: 1993
16:16:10.952 [main]INFO  factory.BaseClass - Initialize the teacher POM page
16:16:11.215 [main]INFO  factory.BaseClass - Entered data of first name: Shashi
16:16:11.391 [main]INFO  factory.BaseClass - Entered data of last name: Lal
16:16:11.643 [main]INFO  factory.BaseClass - Entered data of mobile number: 9998881100
16:16:11.987 [main]INFO  factory.BaseClass - Entered data of email id: shashilal98@yopmail.com
16:16:11.987 [main]INFO  utility.DatePicker - Opening date picker....
16:16:12.185 [main]INFO  utility.DatePicker - Switched to year view..
16:16:13.462 [main]INFO  utility.DatePicker - Year 1993 selected..
16:16:13.686 [main]INFO  utility.DatePicker - Clicked previous month
16:16:13.727 [main]INFO  utility.DatePicker - Target month/year visible: JULY 1993
16:16:14.209 [main]INFO  utility.DatePicker - Date 23 selected
17:08:06.920 [main]INFO  factory.BaseClass - browser initialized
17:08:06.933 [main]INFO  factory.BaseClass - get properties file from file directory
17:08:20.645 [main]INFO  stepDefinition.InnerBoxTextEntering - Initializing LoginPage and HomePage
17:08:20.660 [main]INFO  stepDefinition.InnerBoxTextEntering - Navigating to SignIn via HomePage
17:08:21.418 [main]INFO  stepDefinition.InnerBoxTextEntering - SignIn page loaded
17:08:21.423 [main]INFO  stepDefinition.Registration_Validation - Navigating to the registration page
17:08:22.078 [main]INFO  stepDefinition.Registration_Validation - Clicked on Registration button
17:08:22.444 [main]INFO  utility.ExelUtility - Starting to read Excel data from file: F:\Gyansetu\G_TestCase001/src/test-data/data for sign-up chat.xlsx, sheet: Register as Teacher
17:08:24.249 [main]INFO  utility.ExelUtility - Total rows found (excluding header): 12
17:08:24.297 [main]INFO  utility.ExelUtility - Row 1 processed and added to data list.
17:08:24.299 [main]WARN  utility.ExelUtility - Skipping empty/null row at index: 2
17:08:24.299 [main]WARN  utility.ExelUtility - Skipping empty/null row at index: 3
17:08:24.299 [main]WARN  utility.ExelUtility - Skipping empty/null row at index: 4
17:08:24.299 [main]WARN  utility.ExelUtility - Skipping empty/null row at index: 5
17:08:24.299 [main]WARN  utility.ExelUtility - Skipping empty/null row at index: 6
17:08:24.299 [main]WARN  utility.ExelUtility - Skipping empty/null row at index: 7
17:08:24.299 [main]WARN  utility.ExelUtility - Skipping empty/null row at index: 8
17:08:24.299 [main]WARN  utility.ExelUtility - Skipping empty/null row at index: 9
17:08:24.299 [main]WARN  utility.ExelUtility - Skipping empty/null row at index: 10
17:08:24.299 [main]WARN  utility.ExelUtility - Skipping empty/null row at index: 11
17:08:24.299 [main]INFO  utility.ExelUtility - Row 12 processed and added to data list.
17:08:24.301 [main]INFO  utility.ExelUtility - Excel data extraction completed successfully.
17:08:24.301 [main]INFO  factory.BaseClass - fetched data of first name: Shashi
17:08:24.301 [main]INFO  factory.BaseClass - fetched data of  last name: Lal
17:08:24.301 [main]INFO  factory.BaseClass - fetched data of mobile Number: 9998881100
17:08:24.301 [main]INFO  factory.BaseClass - fetched data of: shashilal98@yopmail.com
17:08:24.301 [main]INFO  factory.BaseClass - fetched data of date date: 23
17:08:24.301 [main]INFO  factory.BaseClass - fetched data of month: July
17:08:24.301 [main]INFO  factory.BaseClass - fetched data of year: 1993
17:08:24.355 [main]INFO  factory.BaseClass - Initialize the teacher POM page
17:08:24.762 [main]INFO  factory.BaseClass - Entered data of first name: Shashi
17:08:25.041 [main]INFO  factory.BaseClass - Entered data of last name: Lal
17:08:25.499 [main]INFO  factory.BaseClass - Entered data of mobile number: 9998881100
17:08:26.012 [main]INFO  factory.BaseClass - Entered data of email id: shashilal98@yopmail.com
17:08:26.016 [main]INFO  utility.DatePicker - Opening date picker....
17:08:26.392 [main]INFO  utility.DatePicker - Switched to year view..
17:08:28.552 [main]INFO  utility.DatePicker - Year 1993 selected..
17:08:28.947 [main]INFO  utility.DatePicker - Clicked previous month
17:08:28.981 [main]INFO  utility.DatePicker - Target month/year visible: JULY 1993
17:08:29.705 [main]INFO  utility.DatePicker - Date 23 selected
17:11:34.303 [main]INFO  factory.BaseClass - browser initialized
17:11:34.307 [main]INFO  factory.BaseClass - get properties file from file directory
17:11:40.078 [main]INFO  stepDefinition.InnerBoxTextEntering - Initializing LoginPage and HomePage
17:11:40.084 [main]INFO  stepDefinition.InnerBoxTextEntering - Navigating to SignIn via HomePage
17:11:40.443 [main]INFO  stepDefinition.InnerBoxTextEntering - SignIn page loaded
17:11:40.449 [main]INFO  stepDefinition.Registration_Validation - Navigating to the registration page
17:11:40.741 [main]INFO  stepDefinition.Registration_Validation - Clicked on Registration button
17:11:41.009 [main]INFO  utility.ExelUtility - Starting to read Excel data from file: F:\Gyansetu\G_TestCase001/src/test-data/data for sign-up chat.xlsx, sheet: Register as Teacher
17:11:42.331 [main]INFO  utility.ExelUtility - Total rows found (excluding header): 12
17:11:42.380 [main]INFO  utility.ExelUtility - Row 1 processed and added to data list.
17:11:42.380 [main]WARN  utility.ExelUtility - Skipping empty/null row at index: 2
17:11:42.380 [main]WARN  utility.ExelUtility - Skipping empty/null row at index: 3
17:11:42.380 [main]WARN  utility.ExelUtility - Skipping empty/null row at index: 4
17:11:42.380 [main]WARN  utility.ExelUtility - Skipping empty/null row at index: 5
17:11:42.380 [main]WARN  utility.ExelUtility - Skipping empty/null row at index: 6
17:11:42.380 [main]WARN  utility.ExelUtility - Skipping empty/null row at index: 7
17:11:42.380 [main]WARN  utility.ExelUtility - Skipping empty/null row at index: 8
17:11:42.380 [main]WARN  utility.ExelUtility - Skipping empty/null row at index: 9
17:11:42.380 [main]WARN  utility.ExelUtility - Skipping empty/null row at index: 10
17:11:42.380 [main]WARN  utility.ExelUtility - Skipping empty/null row at index: 11
17:11:42.380 [main]INFO  utility.ExelUtility - Row 12 processed and added to data list.
17:11:42.380 [main]INFO  utility.ExelUtility - Excel data extraction completed successfully.
17:11:42.380 [main]INFO  factory.BaseClass - fetched data of first name: Shashi
17:11:42.380 [main]INFO  factory.BaseClass - fetched data of  last name: Lal
17:11:42.380 [main]INFO  factory.BaseClass - fetched data of mobile Number: 9998881100
17:11:42.380 [main]INFO  factory.BaseClass - fetched data of: shashilal98@yopmail.com
17:11:42.380 [main]INFO  factory.BaseClass - fetched data of date date: 23
17:11:42.380 [main]INFO  factory.BaseClass - fetched data of month: July
17:11:42.380 [main]INFO  factory.BaseClass - fetched data of year: 1993
17:11:42.451 [main]INFO  factory.BaseClass - Initialize the teacher POM page
17:11:42.820 [main]INFO  factory.BaseClass - Entered data of first name: Shashi
17:11:43.064 [main]INFO  factory.BaseClass - Entered data of last name: Lal
17:11:43.509 [main]INFO  factory.BaseClass - Entered data of mobile number: 9998881100
17:11:44.131 [main]INFO  factory.BaseClass - Entered data of email id: shashilal98@yopmail.com
17:11:44.131 [main]INFO  utility.DatePicker - Opening date picker....
17:11:44.533 [main]INFO  utility.DatePicker - Switched to year view..
17:11:46.429 [main]INFO  utility.DatePicker - Year 1993 selected..
17:11:46.815 [main]INFO  utility.DatePicker - Clicked previous month
17:11:46.862 [main]INFO  utility.DatePicker - Target month/year visible: JULY 1993
17:11:47.900 [main]INFO  utility.DatePicker - Date 23 selected
17:13:49.041 [main]INFO  factory.BaseClass - browser initialized
17:13:49.051 [main]INFO  factory.BaseClass - get properties file from file directory
17:13:54.651 [main]INFO  stepDefinition.InnerBoxTextEntering - Initializing LoginPage and HomePage
17:13:54.665 [main]INFO  stepDefinition.InnerBoxTextEntering - Navigating to SignIn via HomePage
17:13:55.028 [main]INFO  stepDefinition.InnerBoxTextEntering - SignIn page loaded
17:13:55.036 [main]INFO  stepDefinition.Registration_Validation - Navigating to the registration page
17:13:55.298 [main]INFO  stepDefinition.Registration_Validation - Clicked on Registration button
17:13:55.503 [main]INFO  utility.ExelUtility - Starting to read Excel data from file: F:\Gyansetu\G_TestCase001/src/test-data/data for sign-up chat.xlsx, sheet: Register as Teacher
17:13:56.864 [main]INFO  utility.ExelUtility - Total rows found (excluding header): 12
17:13:56.926 [main]INFO  utility.ExelUtility - Row 1 processed and added to data list.
17:13:56.928 [main]WARN  utility.ExelUtility - Skipping empty/null row at index: 2
17:13:56.930 [main]WARN  utility.ExelUtility - Skipping empty/null row at index: 3
17:13:56.930 [main]WARN  utility.ExelUtility - Skipping empty/null row at index: 4
17:13:56.930 [main]WARN  utility.ExelUtility - Skipping empty/null row at index: 5
17:13:56.930 [main]WARN  utility.ExelUtility - Skipping empty/null row at index: 6
17:13:56.930 [main]WARN  utility.ExelUtility - Skipping empty/null row at index: 7
17:13:56.930 [main]WARN  utility.ExelUtility - Skipping empty/null row at index: 8
17:13:56.930 [main]WARN  utility.ExelUtility - Skipping empty/null row at index: 9
17:13:56.932 [main]WARN  utility.ExelUtility - Skipping empty/null row at index: 10
17:13:56.932 [main]WARN  utility.ExelUtility - Skipping empty/null row at index: 11
17:13:56.932 [main]INFO  utility.ExelUtility - Row 12 processed and added to data list.
17:13:56.932 [main]INFO  utility.ExelUtility - Excel data extraction completed successfully.
17:13:56.932 [main]INFO  factory.BaseClass - fetched data of first name: Shashi
17:13:56.932 [main]INFO  factory.BaseClass - fetched data of  last name: Lal
17:13:56.932 [main]INFO  factory.BaseClass - fetched data of mobile Number: 9998881100
17:13:56.936 [main]INFO  factory.BaseClass - fetched data of: shashilal98@yopmail.com
17:13:56.936 [main]INFO  factory.BaseClass - fetched data of date date: 23
17:13:56.936 [main]INFO  factory.BaseClass - fetched data of month: July
17:13:56.936 [main]INFO  factory.BaseClass - fetched data of year: 1993
17:13:57.001 [main]INFO  factory.BaseClass - Initialize the teacher POM page
17:13:57.429 [main]INFO  factory.BaseClass - Entered data of first name: Shashi
17:13:57.586 [main]INFO  factory.BaseClass - Entered data of last name: Lal
17:13:57.952 [main]INFO  factory.BaseClass - Entered data of mobile number: 9998881100
17:13:58.384 [main]INFO  factory.BaseClass - Entered data of email id: shashilal98@yopmail.com
17:13:58.384 [main]INFO  utility.DatePicker - Opening date picker....
17:13:58.677 [main]INFO  utility.DatePicker - Switched to year view..
17:14:00.419 [main]INFO  utility.DatePicker - Year 1993 selected..
17:14:00.752 [main]INFO  utility.DatePicker - Clicked previous month
17:14:00.789 [main]INFO  utility.DatePicker - Target month/year visible: JULY 1993
17:14:01.537 [main]INFO  utility.DatePicker - Date 23 selected
17:15:44.593 [main]INFO  factory.BaseClass - browser initialized
17:15:44.604 [main]INFO  factory.BaseClass - get properties file from file directory
17:15:51.153 [main]INFO  stepDefinition.InnerBoxTextEntering - Initializing LoginPage and HomePage
17:15:51.162 [main]INFO  stepDefinition.InnerBoxTextEntering - Navigating to SignIn via HomePage
17:15:51.505 [main]INFO  stepDefinition.InnerBoxTextEntering - SignIn page loaded
17:15:51.512 [main]INFO  stepDefinition.Registration_Validation - Navigating to the registration page
17:15:51.882 [main]INFO  stepDefinition.Registration_Validation - Clicked on Registration button
17:15:52.175 [main]INFO  utility.ExelUtility - Starting to read Excel data from file: F:\Gyansetu\G_TestCase001/src/test-data/data for sign-up chat.xlsx, sheet: Register as Teacher
17:15:54.093 [main]INFO  utility.ExelUtility - Total rows found (excluding header): 12
17:15:54.150 [main]INFO  utility.ExelUtility - Row 1 processed and added to data list.
17:15:54.150 [main]WARN  utility.ExelUtility - Skipping empty/null row at index: 2
17:15:54.150 [main]WARN  utility.ExelUtility - Skipping empty/null row at index: 3
17:15:54.154 [main]WARN  utility.ExelUtility - Skipping empty/null row at index: 4
17:15:54.154 [main]WARN  utility.ExelUtility - Skipping empty/null row at index: 5
17:15:54.154 [main]WARN  utility.ExelUtility - Skipping empty/null row at index: 6
17:15:54.154 [main]WARN  utility.ExelUtility - Skipping empty/null row at index: 7
17:15:54.154 [main]WARN  utility.ExelUtility - Skipping empty/null row at index: 8
17:15:54.154 [main]WARN  utility.ExelUtility - Skipping empty/null row at index: 9
17:15:54.156 [main]WARN  utility.ExelUtility - Skipping empty/null row at index: 10
17:15:54.156 [main]WARN  utility.ExelUtility - Skipping empty/null row at index: 11
17:15:54.156 [main]INFO  utility.ExelUtility - Row 12 processed and added to data list.
17:15:54.156 [main]INFO  utility.ExelUtility - Excel data extraction completed successfully.
17:15:54.158 [main]INFO  factory.BaseClass - fetched data of first name: Shashi
17:15:54.158 [main]INFO  factory.BaseClass - fetched data of  last name: Lal
17:15:54.158 [main]INFO  factory.BaseClass - fetched data of mobile Number: 9998881100
17:15:54.158 [main]INFO  factory.BaseClass - fetched data of: shashilal98@yopmail.com
17:15:54.158 [main]INFO  factory.BaseClass - fetched data of date date: 23
17:15:54.158 [main]INFO  factory.BaseClass - fetched data of month: July
17:15:54.158 [main]INFO  factory.BaseClass - fetched data of year: 1993
17:15:54.199 [main]INFO  factory.BaseClass - Initialize the teacher POM page
17:15:54.670 [main]INFO  factory.BaseClass - Entered data of first name: Shashi
17:15:54.841 [main]INFO  factory.BaseClass - Entered data of last name: Lal
17:15:55.176 [main]INFO  factory.BaseClass - Entered data of mobile number: 9998881100
17:15:55.674 [main]INFO  factory.BaseClass - Entered data of email id: shashilal98@yopmail.com
17:15:55.675 [main]INFO  utility.DatePicker - Opening date picker....
17:15:56.044 [main]INFO  utility.DatePicker - Switched to year view..
17:15:58.382 [main]INFO  utility.DatePicker - Year 1993 selected..
17:15:58.693 [main]INFO  utility.DatePicker - Clicked previous month
17:15:58.728 [main]INFO  utility.DatePicker - Target month/year visible: JULY 1993
17:15:59.346 [main]INFO  utility.DatePicker - Date 23 selected
17:17:21.572 [main]INFO  factory.BaseClass - browser initialized
17:17:21.579 [main]INFO  factory.BaseClass - get properties file from file directory
17:17:26.903 [main]INFO  stepDefinition.InnerBoxTextEntering - Initializing LoginPage and HomePage
17:17:26.919 [main]INFO  stepDefinition.InnerBoxTextEntering - Navigating to SignIn via HomePage
17:17:27.175 [main]INFO  stepDefinition.InnerBoxTextEntering - SignIn page loaded
17:17:27.175 [main]INFO  stepDefinition.Registration_Validation - Navigating to the registration page
17:17:27.460 [main]INFO  stepDefinition.Registration_Validation - Clicked on Registration button
17:17:27.697 [main]INFO  utility.ExelUtility - Starting to read Excel data from file: F:\Gyansetu\G_TestCase001/src/test-data/data for sign-up chat.xlsx, sheet: Register as Teacher
17:17:28.947 [main]INFO  utility.ExelUtility - Total rows found (excluding header): 12
17:17:28.977 [main]INFO  utility.ExelUtility - Row 1 processed and added to data list.
17:17:28.985 [main]WARN  utility.ExelUtility - Skipping empty/null row at index: 2
17:17:28.985 [main]WARN  utility.ExelUtility - Skipping empty/null row at index: 3
17:17:28.985 [main]WARN  utility.ExelUtility - Skipping empty/null row at index: 4
17:17:28.985 [main]WARN  utility.ExelUtility - Skipping empty/null row at index: 5
17:17:28.985 [main]WARN  utility.ExelUtility - Skipping empty/null row at index: 6
17:17:28.986 [main]WARN  utility.ExelUtility - Skipping empty/null row at index: 7
17:17:28.986 [main]WARN  utility.ExelUtility - Skipping empty/null row at index: 8
17:17:28.987 [main]WARN  utility.ExelUtility - Skipping empty/null row at index: 9
17:17:28.987 [main]WARN  utility.ExelUtility - Skipping empty/null row at index: 10
17:17:28.987 [main]WARN  utility.ExelUtility - Skipping empty/null row at index: 11
17:17:28.987 [main]INFO  utility.ExelUtility - Row 12 processed and added to data list.
17:17:28.987 [main]INFO  utility.ExelUtility - Excel data extraction completed successfully.
17:17:28.987 [main]INFO  factory.BaseClass - fetched data of first name: Shashi
17:17:28.989 [main]INFO  factory.BaseClass - fetched data of  last name: Lal
17:17:28.989 [main]INFO  factory.BaseClass - fetched data of mobile Number: 9998881100
17:17:28.989 [main]INFO  factory.BaseClass - fetched data of: shashilal98@yopmail.com
17:17:28.991 [main]INFO  factory.BaseClass - fetched data of date date: 23
17:17:28.991 [main]INFO  factory.BaseClass - fetched data of month: July
17:17:28.991 [main]INFO  factory.BaseClass - fetched data of year: 1993
17:17:29.022 [main]INFO  factory.BaseClass - Initialize the teacher POM page
17:17:29.379 [main]INFO  factory.BaseClass - Entered data of first name: Shashi
17:17:29.659 [main]INFO  factory.BaseClass - Entered data of last name: Lal
17:17:30.069 [main]INFO  factory.BaseClass - Entered data of mobile number: 9998881100
17:17:30.658 [main]INFO  factory.BaseClass - Entered data of email id: shashilal98@yopmail.com
17:17:30.660 [main]INFO  utility.DatePicker - Opening date picker....
17:17:31.013 [main]INFO  utility.DatePicker - Switched to year view..
17:17:33.072 [main]INFO  utility.DatePicker - Year 1993 selected..
17:17:33.481 [main]INFO  utility.DatePicker - Clicked previous month
17:17:33.529 [main]INFO  utility.DatePicker - Target month/year visible: JULY 1993
17:17:34.331 [main]INFO  utility.DatePicker - Date 23 selected
17:17:40.609 [main]INFO  factory.BaseClass - Clicking on Subject dropdown
17:17:41.078 [main]INFO  factory.BaseClass - Subject dropdown clicked.
17:17:41.252 [main]WARN  factory.BaseClass - Subject not found in dropdown: Hindi Second
17:17:41.371 [main]WARN  factory.BaseClass - Subject not found in dropdown: Mathematics
17:24:36.802 [main]INFO  factory.BaseClass - browser initialized
17:24:36.813 [main]INFO  factory.BaseClass - get properties file from file directory
17:24:53.122 [main]INFO  stepDefinition.InnerBoxTextEntering - Initializing LoginPage and HomePage
17:24:53.130 [main]INFO  stepDefinition.InnerBoxTextEntering - Navigating to SignIn via HomePage
17:24:53.835 [main]INFO  stepDefinition.InnerBoxTextEntering - SignIn page loaded
17:24:53.844 [main]INFO  stepDefinition.Registration_Validation - Navigating to the registration page
17:24:54.194 [main]INFO  stepDefinition.Registration_Validation - Clicked on Registration button
17:24:54.513 [main]INFO  utility.ExelUtility - Starting to read Excel data from file: F:\Gyansetu\G_TestCase001/src/test-data/data for sign-up chat.xlsx, sheet: Register as Teacher
17:24:56.457 [main]INFO  utility.ExelUtility - Total rows found (excluding header): 12
17:24:56.510 [main]INFO  utility.ExelUtility - Row 1 processed and added to data list.
17:24:56.510 [main]WARN  utility.ExelUtility - Skipping empty/null row at index: 2
17:24:56.510 [main]WARN  utility.ExelUtility - Skipping empty/null row at index: 3
17:24:56.510 [main]WARN  utility.ExelUtility - Skipping empty/null row at index: 4
17:24:56.510 [main]WARN  utility.ExelUtility - Skipping empty/null row at index: 5
17:24:56.510 [main]WARN  utility.ExelUtility - Skipping empty/null row at index: 6
17:24:56.510 [main]WARN  utility.ExelUtility - Skipping empty/null row at index: 7
17:24:56.510 [main]WARN  utility.ExelUtility - Skipping empty/null row at index: 8
17:24:56.510 [main]WARN  utility.ExelUtility - Skipping empty/null row at index: 9
17:24:56.510 [main]WARN  utility.ExelUtility - Skipping empty/null row at index: 10
17:24:56.510 [main]WARN  utility.ExelUtility - Skipping empty/null row at index: 11
17:24:56.510 [main]INFO  utility.ExelUtility - Row 12 processed and added to data list.
17:24:56.510 [main]INFO  utility.ExelUtility - Excel data extraction completed successfully.
17:24:56.510 [main]INFO  factory.BaseClass - fetched data of first name: Shashi
17:24:56.510 [main]INFO  factory.BaseClass - fetched data of  last name: Lal
17:24:56.510 [main]INFO  factory.BaseClass - fetched data of mobile Number: 9998881100
17:24:56.510 [main]INFO  factory.BaseClass - fetched data of: shashilal98@yopmail.com
17:24:56.510 [main]INFO  factory.BaseClass - fetched data of date date: 23
17:24:56.516 [main]INFO  factory.BaseClass - fetched data of month: July
17:24:56.516 [main]INFO  factory.BaseClass - fetched data of year: 1993
17:24:56.596 [main]INFO  factory.BaseClass - Initialize the teacher POM page
17:24:57.066 [main]INFO  factory.BaseClass - Entered data of first name: Shashi
17:24:57.308 [main]INFO  factory.BaseClass - Entered data of last name: Lal
17:24:57.728 [main]INFO  factory.BaseClass - Entered data of mobile number: 9998881100
17:24:58.340 [main]INFO  factory.BaseClass - Entered data of email id: shashilal98@yopmail.com
17:24:58.342 [main]INFO  utility.DatePicker - Opening date picker....
17:24:58.749 [main]INFO  utility.DatePicker - Switched to year view..
17:25:01.463 [main]INFO  utility.DatePicker - Year 1993 selected..
17:25:01.966 [main]INFO  utility.DatePicker - Clicked previous month
17:25:02.109 [main]INFO  utility.DatePicker - Target month/year visible: JULY 1993
17:25:03.343 [main]INFO  utility.DatePicker - Date 23 selected
17:25:11.209 [main]INFO  factory.BaseClass - Clicking on Subject dropdown
17:25:11.776 [main]INFO  factory.BaseClass - Subject dropdown clicked.
17:25:12.364 [main]INFO  factory.BaseClass - Selected subject: Hindi Second
17:25:12.750 [main]INFO  factory.BaseClass - Selected subject: Mathematics
10:35:51.905 [main]INFO  factory.BaseClass - browser initialized
10:35:51.908 [main]INFO  factory.BaseClass - get properties file from file directory
10:35:56.162 [main]INFO  stepDefinition.InnerBoxTextEntering - Initializing LoginPage and HomePage
10:35:56.255 [main]INFO  stepDefinition.InnerBoxTextEntering - Navigating to SignIn via HomePage
10:35:56.585 [main]INFO  stepDefinition.InnerBoxTextEntering - SignIn page loaded
10:35:56.588 [main]INFO  stepDefinition.Registration_Validation - Navigating to the registration page
10:35:56.855 [main]INFO  stepDefinition.Registration_Validation - Clicked on Registration button
10:35:57.095 [main]INFO  utility.ExelUtility - Starting to read Excel data from file: F:\Gyansetu\G_TestCase001/src/test-data/data for sign-up chat.xlsx, sheet: Register as Teacher
10:35:58.413 [main]INFO  utility.ExelUtility - Total rows found (excluding header): 12
10:35:58.451 [main]INFO  utility.ExelUtility - Row 1 processed and added to data list.
10:35:58.451 [main]WARN  utility.ExelUtility - Skipping empty/null row at index: 2
10:35:58.453 [main]WARN  utility.ExelUtility - Skipping empty/null row at index: 3
10:35:58.453 [main]WARN  utility.ExelUtility - Skipping empty/null row at index: 4
10:35:58.453 [main]WARN  utility.ExelUtility - Skipping empty/null row at index: 5
10:35:58.453 [main]WARN  utility.ExelUtility - Skipping empty/null row at index: 6
10:35:58.453 [main]WARN  utility.ExelUtility - Skipping empty/null row at index: 7
10:35:58.453 [main]WARN  utility.ExelUtility - Skipping empty/null row at index: 8
10:35:58.453 [main]WARN  utility.ExelUtility - Skipping empty/null row at index: 9
10:35:58.453 [main]WARN  utility.ExelUtility - Skipping empty/null row at index: 10
10:35:58.453 [main]WARN  utility.ExelUtility - Skipping empty/null row at index: 11
10:35:58.455 [main]INFO  utility.ExelUtility - Row 12 processed and added to data list.
10:35:58.455 [main]INFO  utility.ExelUtility - Excel data extraction completed successfully.
10:35:58.455 [main]INFO  factory.BaseClass - fetched data of first name: Shashi
10:35:58.455 [main]INFO  factory.BaseClass - fetched data of  last name: Lal
10:35:58.455 [main]INFO  factory.BaseClass - fetched data of mobile Number: 9998881100
10:35:58.455 [main]INFO  factory.BaseClass - fetched data of: shashilal98@yopmail.com
10:35:58.455 [main]INFO  factory.BaseClass - fetched data of date date: 23
10:35:58.455 [main]INFO  factory.BaseClass - fetched data of month: July
10:35:58.455 [main]INFO  factory.BaseClass - fetched data of year: 1993
10:35:58.473 [main]INFO  factory.BaseClass - Initialize the teacher POM page
10:35:58.915 [main]INFO  factory.BaseClass - Entered data of first name: Shashi
10:35:59.104 [main]INFO  factory.BaseClass - Entered data of last name: Lal
10:35:59.386 [main]INFO  factory.BaseClass - Entered data of mobile number: 9998881100
10:35:59.787 [main]INFO  factory.BaseClass - Entered data of email id: shashilal98@yopmail.com
10:35:59.788 [main]INFO  utility.DatePicker - Opening date picker....
10:35:59.960 [main]INFO  utility.DatePicker - Switched to year view..
10:36:01.222 [main]INFO  utility.DatePicker - Year 1993 selected..
10:36:01.445 [main]INFO  utility.DatePicker - Clicked previous month
10:36:01.474 [main]INFO  utility.DatePicker - Target month/year visible: JULY 1993
10:36:01.990 [main]INFO  utility.DatePicker - Date 23 selected
10:36:06.363 [main]INFO  factory.BaseClass - Clicking on Subject dropdown
10:36:06.889 [main]INFO  factory.BaseClass - Subject dropdown clicked.
10:36:07.145 [main]INFO  factory.BaseClass - Selected subject: Hindi Second
10:36:07.297 [main]INFO  factory.BaseClass - Selected subject: Mathematics
10:41:41.227 [main]INFO  factory.BaseClass - browser initialized
10:41:41.234 [main]INFO  factory.BaseClass - get properties file from file directory
10:41:44.749 [main]INFO  stepDefinition.InnerBoxTextEntering - Initializing LoginPage and HomePage
10:41:44.754 [main]INFO  stepDefinition.InnerBoxTextEntering - Navigating to SignIn via HomePage
10:41:44.931 [main]INFO  stepDefinition.InnerBoxTextEntering - SignIn page loaded
10:41:44.935 [main]INFO  stepDefinition.Registration_Validation - Navigating to the registration page
10:41:45.108 [main]INFO  stepDefinition.Registration_Validation - Clicked on Registration button
10:41:45.234 [main]INFO  utility.ExelUtility - Starting to read Excel data from file: F:\Gyansetu\G_TestCase001/src/test-data/data for sign-up chat.xlsx, sheet: Register as Teacher
10:41:46.423 [main]INFO  utility.ExelUtility - Total rows found (excluding header): 12
10:41:46.464 [main]INFO  utility.ExelUtility - Row 1 processed and added to data list.
10:41:46.464 [main]WARN  utility.ExelUtility - Skipping empty/null row at index: 2
10:41:46.464 [main]WARN  utility.ExelUtility - Skipping empty/null row at index: 3
10:41:46.464 [main]WARN  utility.ExelUtility - Skipping empty/null row at index: 4
10:41:46.464 [main]WARN  utility.ExelUtility - Skipping empty/null row at index: 5
10:41:46.464 [main]WARN  utility.ExelUtility - Skipping empty/null row at index: 6
10:41:46.464 [main]WARN  utility.ExelUtility - Skipping empty/null row at index: 7
10:41:46.464 [main]WARN  utility.ExelUtility - Skipping empty/null row at index: 8
10:41:46.464 [main]WARN  utility.ExelUtility - Skipping empty/null row at index: 9
10:41:46.464 [main]WARN  utility.ExelUtility - Skipping empty/null row at index: 10
10:41:46.464 [main]WARN  utility.ExelUtility - Skipping empty/null row at index: 11
10:41:46.464 [main]INFO  utility.ExelUtility - Row 12 processed and added to data list.
10:41:46.464 [main]INFO  utility.ExelUtility - Excel data extraction completed successfully.
10:41:46.464 [main]INFO  factory.BaseClass - fetched data of first name: Shashi
10:41:46.464 [main]INFO  factory.BaseClass - fetched data of  last name: Lal
10:41:46.464 [main]INFO  factory.BaseClass - fetched data of mobile Number: 9998881100
10:41:46.464 [main]INFO  factory.BaseClass - fetched data of: shashilal98@yopmail.com
10:41:46.464 [main]INFO  factory.BaseClass - fetched data of date date: 23
10:41:46.464 [main]INFO  factory.BaseClass - fetched data of month: July
10:41:46.470 [main]INFO  factory.BaseClass - fetched data of year: 1993
10:41:46.486 [main]INFO  factory.BaseClass - Initialize the teacher POM page
10:41:46.688 [main]INFO  factory.BaseClass - Entered data of first name: Shashi
10:41:46.867 [main]INFO  factory.BaseClass - Entered data of last name: Lal
10:41:47.062 [main]INFO  factory.BaseClass - Entered data of mobile number: 9998881100
10:41:47.393 [main]INFO  factory.BaseClass - Entered data of email id: shashilal98@yopmail.com
10:41:47.393 [main]INFO  utility.DatePicker - Opening date picker....
10:41:47.568 [main]INFO  utility.DatePicker - Switched to year view..
10:41:48.740 [main]INFO  utility.DatePicker - Year 1993 selected..
10:41:48.935 [main]INFO  utility.DatePicker - Clicked previous month
10:41:48.985 [main]INFO  utility.DatePicker - Target month/year visible: JULY 1993
10:41:49.448 [main]INFO  utility.DatePicker - Date 23 selected
10:41:53.244 [main]INFO  factory.BaseClass - Clicking on Subject dropdown
10:41:53.682 [main]INFO  factory.BaseClass - Subject dropdown clicked.
10:41:53.847 [main]INFO  factory.BaseClass - Selected subject: Hindi Second
10:41:53.991 [main]INFO  factory.BaseClass - Selected subject: Mathematics
10:54:57.955 [main]INFO  factory.BaseClass - browser initialized
10:54:57.957 [main]INFO  factory.BaseClass - get properties file from file directory
10:55:01.858 [main]INFO  stepDefinition.InnerBoxTextEntering - Initializing LoginPage and HomePage
10:55:01.863 [main]INFO  stepDefinition.InnerBoxTextEntering - Navigating to SignIn via HomePage
10:55:02.055 [main]INFO  stepDefinition.InnerBoxTextEntering - SignIn page loaded
10:55:02.059 [main]INFO  stepDefinition.Registration_Validation - Navigating to the registration page
10:55:02.261 [main]INFO  stepDefinition.Registration_Validation - Clicked on Registration button
10:55:02.402 [main]INFO  utility.ExelUtility - Starting to read Excel data from file: F:\Gyansetu\G_TestCase001/src/test-data/data for sign-up chat.xlsx, sheet: Register as Teacher
10:55:03.260 [main]INFO  utility.ExelUtility - Total rows found (excluding header): 12
10:55:03.288 [main]INFO  utility.ExelUtility - Row 1 processed and added to data list.
10:55:03.289 [main]WARN  utility.ExelUtility - Skipping empty/null row at index: 2
10:55:03.289 [main]WARN  utility.ExelUtility - Skipping empty/null row at index: 3
10:55:03.289 [main]WARN  utility.ExelUtility - Skipping empty/null row at index: 4
10:55:03.289 [main]WARN  utility.ExelUtility - Skipping empty/null row at index: 5
10:55:03.289 [main]WARN  utility.ExelUtility - Skipping empty/null row at index: 6
10:55:03.289 [main]WARN  utility.ExelUtility - Skipping empty/null row at index: 7
10:55:03.289 [main]WARN  utility.ExelUtility - Skipping empty/null row at index: 8
10:55:03.289 [main]WARN  utility.ExelUtility - Skipping empty/null row at index: 9
10:55:03.289 [main]WARN  utility.ExelUtility - Skipping empty/null row at index: 10
10:55:03.289 [main]WARN  utility.ExelUtility - Skipping empty/null row at index: 11
10:55:03.290 [main]INFO  utility.ExelUtility - Row 12 processed and added to data list.
10:55:03.290 [main]INFO  utility.ExelUtility - Excel data extraction completed successfully.
10:55:03.290 [main]INFO  factory.BaseClass - fetched data of first name: Shashi
10:55:03.290 [main]INFO  factory.BaseClass - fetched data of  last name: Lal
10:55:03.291 [main]INFO  factory.BaseClass - fetched data of mobile Number: 9998881100
10:55:03.291 [main]INFO  factory.BaseClass - fetched data of: shashilal98@yopmail.com
10:55:03.291 [main]INFO  factory.BaseClass - fetched data of date date: 23
10:55:03.292 [main]INFO  factory.BaseClass - fetched data of month: July
10:55:03.292 [main]INFO  factory.BaseClass - fetched data of year: 1993
10:55:03.294 [main]INFO  factory.BaseClass - Initialize the teacher POM page
10:55:03.479 [main]INFO  factory.BaseClass - Entered data of first name: Shashi
10:55:03.672 [main]INFO  factory.BaseClass - Entered data of last name: Lal
10:55:03.865 [main]INFO  factory.BaseClass - Entered data of mobile number: 9998881100
10:55:04.206 [main]INFO  factory.BaseClass - Entered data of email id: shashilal98@yopmail.com
10:55:04.206 [main]INFO  utility.DatePicker - Opening date picker....
10:55:04.403 [main]INFO  utility.DatePicker - Switched to year view..
10:55:05.589 [main]INFO  utility.DatePicker - Year 1993 selected..
10:55:05.796 [main]INFO  utility.DatePicker - Clicked previous month
10:55:05.846 [main]INFO  utility.DatePicker - Target month/year visible: JULY 1993
10:55:06.363 [main]INFO  utility.DatePicker - Date 23 selected
10:56:40.148 [main]INFO  factory.BaseClass - browser initialized
10:56:40.151 [main]INFO  factory.BaseClass - get properties file from file directory
10:56:43.046 [main]INFO  stepDefinition.InnerBoxTextEntering - Initializing LoginPage and HomePage
10:56:43.051 [main]INFO  stepDefinition.InnerBoxTextEntering - Navigating to SignIn via HomePage
10:56:43.252 [main]INFO  stepDefinition.InnerBoxTextEntering - SignIn page loaded
10:56:43.254 [main]INFO  stepDefinition.Registration_Validation - Navigating to the registration page
10:56:43.402 [main]INFO  stepDefinition.Registration_Validation - Clicked on Registration button
10:56:43.565 [main]INFO  utility.ExelUtility - Starting to read Excel data from file: F:\Gyansetu\G_TestCase001/src/test-data/data for sign-up chat.xlsx, sheet: Register as Teacher
10:56:44.811 [main]INFO  utility.ExelUtility - Total rows found (excluding header): 12
10:56:44.874 [main]INFO  utility.ExelUtility - Row 1 processed and added to data list.
10:56:44.875 [main]WARN  utility.ExelUtility - Skipping empty/null row at index: 2
10:56:44.876 [main]WARN  utility.ExelUtility - Skipping empty/null row at index: 3
10:56:44.876 [main]WARN  utility.ExelUtility - Skipping empty/null row at index: 4
10:56:44.877 [main]WARN  utility.ExelUtility - Skipping empty/null row at index: 5
10:56:44.877 [main]WARN  utility.ExelUtility - Skipping empty/null row at index: 6
10:56:44.877 [main]WARN  utility.ExelUtility - Skipping empty/null row at index: 7
10:56:44.877 [main]WARN  utility.ExelUtility - Skipping empty/null row at index: 8
10:56:44.877 [main]WARN  utility.ExelUtility - Skipping empty/null row at index: 9
10:56:44.877 [main]WARN  utility.ExelUtility - Skipping empty/null row at index: 10
10:56:44.877 [main]WARN  utility.ExelUtility - Skipping empty/null row at index: 11
10:56:44.879 [main]INFO  utility.ExelUtility - Row 12 processed and added to data list.
10:56:44.880 [main]INFO  utility.ExelUtility - Excel data extraction completed successfully.
10:56:44.881 [main]INFO  factory.BaseClass - fetched data of first name: Shashi
10:56:44.882 [main]INFO  factory.BaseClass - fetched data of  last name: Lal
10:56:44.884 [main]INFO  factory.BaseClass - fetched data of mobile Number: 9998881100
10:56:44.884 [main]INFO  factory.BaseClass - fetched data of: shashilal98@yopmail.com
10:56:44.884 [main]INFO  factory.BaseClass - fetched data of date date: 23
10:56:44.885 [main]INFO  factory.BaseClass - fetched data of month: July
10:56:44.885 [main]INFO  factory.BaseClass - fetched data of year: 1993
10:56:44.889 [main]INFO  factory.BaseClass - Initialize the teacher POM page
10:56:45.177 [main]INFO  factory.BaseClass - Entered data of first name: Shashi
10:56:45.343 [main]INFO  factory.BaseClass - Entered data of last name: Lal
10:56:45.658 [main]INFO  factory.BaseClass - Entered data of mobile number: 9998881100
10:56:46.035 [main]INFO  factory.BaseClass - Entered data of email id: shashilal98@yopmail.com
10:56:46.036 [main]INFO  utility.DatePicker - Opening date picker....
10:56:46.238 [main]INFO  utility.DatePicker - Switched to year view..
10:56:47.517 [main]INFO  utility.DatePicker - Year 1993 selected..
10:56:47.787 [main]INFO  utility.DatePicker - Clicked previous month
10:56:47.814 [main]INFO  utility.DatePicker - Target month/year visible: JULY 1993
10:56:48.315 [main]INFO  utility.DatePicker - Date 23 selected
11:00:57.513 [main]INFO  factory.BaseClass - browser initialized
11:00:57.528 [main]INFO  factory.BaseClass - get properties file from file directory
11:01:01.421 [main]INFO  stepDefinition.InnerBoxTextEntering - Initializing LoginPage and HomePage
11:01:01.432 [main]INFO  stepDefinition.InnerBoxTextEntering - Navigating to SignIn via HomePage
11:01:01.670 [main]INFO  stepDefinition.InnerBoxTextEntering - SignIn page loaded
11:01:01.674 [main]INFO  stepDefinition.Registration_Validation - Navigating to the registration page
11:01:01.872 [main]INFO  stepDefinition.Registration_Validation - Clicked on Registration button
11:01:02.045 [main]INFO  utility.ExelUtility - Starting to read Excel data from file: F:\Gyansetu\G_TestCase001/src/test-data/data for sign-up chat.xlsx, sheet: Register as Teacher
11:01:03.183 [main]INFO  utility.ExelUtility - Total rows found (excluding header): 12
11:01:03.217 [main]INFO  utility.ExelUtility - Row 1 processed and added to data list.
11:01:03.219 [main]WARN  utility.ExelUtility - Skipping empty/null row at index: 2
11:01:03.219 [main]WARN  utility.ExelUtility - Skipping empty/null row at index: 3
11:01:03.220 [main]WARN  utility.ExelUtility - Skipping empty/null row at index: 4
11:01:03.220 [main]WARN  utility.ExelUtility - Skipping empty/null row at index: 5
11:01:03.220 [main]WARN  utility.ExelUtility - Skipping empty/null row at index: 6
11:01:03.220 [main]WARN  utility.ExelUtility - Skipping empty/null row at index: 7
11:01:03.220 [main]WARN  utility.ExelUtility - Skipping empty/null row at index: 8
11:01:03.220 [main]WARN  utility.ExelUtility - Skipping empty/null row at index: 9
11:01:03.220 [main]WARN  utility.ExelUtility - Skipping empty/null row at index: 10
11:01:03.220 [main]WARN  utility.ExelUtility - Skipping empty/null row at index: 11
11:01:03.222 [main]INFO  utility.ExelUtility - Row 12 processed and added to data list.
11:01:03.223 [main]INFO  utility.ExelUtility - Excel data extraction completed successfully.
11:01:03.223 [main]INFO  factory.BaseClass - fetched data of first name: Shashi
11:01:03.223 [main]INFO  factory.BaseClass - fetched data of  last name: Lal
11:01:03.223 [main]INFO  factory.BaseClass - fetched data of mobile Number: 9998881100
11:01:03.224 [main]INFO  factory.BaseClass - fetched data of: shashilal98@yopmail.com
11:01:03.224 [main]INFO  factory.BaseClass - fetched data of date date: 23
11:01:03.224 [main]INFO  factory.BaseClass - fetched data of month: July
11:01:03.224 [main]INFO  factory.BaseClass - fetched data of year: 1993
11:01:03.227 [main]INFO  factory.BaseClass - Initialize the teacher POM page
11:01:03.517 [main]INFO  factory.BaseClass - Entered data of first name: Shashi
11:01:03.687 [main]INFO  factory.BaseClass - Entered data of last name: Lal
11:01:03.882 [main]INFO  factory.BaseClass - Entered data of mobile number: 9998881100
11:01:04.195 [main]INFO  factory.BaseClass - Entered data of email id: shashilal98@yopmail.com
11:01:04.195 [main]INFO  utility.DatePicker - Opening date picker....
11:01:04.383 [main]INFO  utility.DatePicker - Switched to year view..
11:01:05.789 [main]INFO  utility.DatePicker - Year 1993 selected..
11:01:06.319 [main]INFO  utility.DatePicker - Clicked previous month
11:01:06.392 [main]INFO  utility.DatePicker - Target month/year visible: JULY 1993
11:01:06.893 [main]INFO  utility.DatePicker - Date 23 selected
11:01:08.604 [main]INFO  factory.BaseClass - School institute fetch from excel: 
11:02:49.980 [main]INFO  factory.BaseClass - browser initialized
11:02:49.985 [main]INFO  factory.BaseClass - get properties file from file directory
11:02:53.471 [main]INFO  stepDefinition.InnerBoxTextEntering - Initializing LoginPage and HomePage
11:02:53.516 [main]INFO  stepDefinition.InnerBoxTextEntering - Navigating to SignIn via HomePage
11:02:53.711 [main]INFO  stepDefinition.InnerBoxTextEntering - SignIn page loaded
11:02:53.713 [main]INFO  stepDefinition.Registration_Validation - Navigating to the registration page
11:02:53.928 [main]INFO  stepDefinition.Registration_Validation - Clicked on Registration button
11:02:54.066 [main]INFO  utility.ExelUtility - Starting to read Excel data from file: F:\Gyansetu\G_TestCase001/src/test-data/data for sign-up chat.xlsx, sheet: Register as Teacher
11:02:54.926 [main]INFO  utility.ExelUtility - Total rows found (excluding header): 12
11:02:54.958 [main]INFO  utility.ExelUtility - Row 1 processed and added to data list.
11:02:54.959 [main]WARN  utility.ExelUtility - Skipping empty/null row at index: 2
11:02:54.959 [main]WARN  utility.ExelUtility - Skipping empty/null row at index: 3
11:02:54.959 [main]WARN  utility.ExelUtility - Skipping empty/null row at index: 4
11:02:54.959 [main]WARN  utility.ExelUtility - Skipping empty/null row at index: 5
11:02:54.959 [main]WARN  utility.ExelUtility - Skipping empty/null row at index: 6
11:02:54.959 [main]WARN  utility.ExelUtility - Skipping empty/null row at index: 7
11:02:54.959 [main]WARN  utility.ExelUtility - Skipping empty/null row at index: 8
11:02:54.959 [main]WARN  utility.ExelUtility - Skipping empty/null row at index: 9
11:02:54.959 [main]WARN  utility.ExelUtility - Skipping empty/null row at index: 10
11:02:54.959 [main]WARN  utility.ExelUtility - Skipping empty/null row at index: 11
11:02:54.959 [main]INFO  utility.ExelUtility - Row 12 processed and added to data list.
11:02:54.960 [main]INFO  utility.ExelUtility - Excel data extraction completed successfully.
11:02:54.960 [main]INFO  factory.BaseClass - fetched data of first name: Shashi
11:02:54.960 [main]INFO  factory.BaseClass - fetched data of  last name: Lal
11:02:54.960 [main]INFO  factory.BaseClass - fetched data of mobile Number: 9998881100
11:02:54.960 [main]INFO  factory.BaseClass - fetched data of: shashilal98@yopmail.com
11:02:54.960 [main]INFO  factory.BaseClass - fetched data of date date: 23
11:02:54.960 [main]INFO  factory.BaseClass - fetched data of month: July
11:02:54.960 [main]INFO  factory.BaseClass - fetched data of year: 1993
11:02:54.963 [main]INFO  factory.BaseClass - Initialize the teacher POM page
11:02:55.226 [main]INFO  factory.BaseClass - Entered data of first name: Shashi
11:02:55.422 [main]INFO  factory.BaseClass - Entered data of last name: Lal
11:02:55.707 [main]INFO  factory.BaseClass - Entered data of mobile number: 9998881100
11:02:56.178 [main]INFO  factory.BaseClass - Entered data of email id: shashilal98@yopmail.com
11:02:56.180 [main]INFO  utility.DatePicker - Opening date picker....
11:02:56.422 [main]INFO  utility.DatePicker - Switched to year view..
11:02:57.809 [main]INFO  utility.DatePicker - Year 1993 selected..
11:02:58.104 [main]INFO  utility.DatePicker - Clicked previous month
11:02:58.187 [main]INFO  utility.DatePicker - Target month/year visible: JULY 1993
11:02:58.802 [main]INFO  utility.DatePicker - Date 23 selected
11:03:00.680 [main]INFO  factory.BaseClass - School institute fetch from excel: Aroma HSS
11:03:02.467 [main]INFO  factory.BaseClass - class institute fetch from excel: null
11:03:03.155 [main]INFO  factory.BaseClass - Subjects are fetched from execl sheet:Hindi Second, Mathematics
11:03:03.155 [main]INFO  factory.BaseClass - Clicking on Subject dropdown
11:03:40.921 [main]INFO  factory.BaseClass - browser initialized
11:03:40.928 [main]INFO  factory.BaseClass - get properties file from file directory
11:03:43.762 [main]INFO  stepDefinition.InnerBoxTextEntering - Initializing LoginPage and HomePage
11:03:43.777 [main]INFO  stepDefinition.InnerBoxTextEntering - Navigating to SignIn via HomePage
11:03:44.023 [main]INFO  stepDefinition.InnerBoxTextEntering - SignIn page loaded
11:03:44.026 [main]INFO  stepDefinition.Registration_Validation - Navigating to the registration page
11:03:44.238 [main]INFO  stepDefinition.Registration_Validation - Clicked on Registration button
11:03:44.419 [main]INFO  utility.ExelUtility - Starting to read Excel data from file: F:\Gyansetu\G_TestCase001/src/test-data/data for sign-up chat.xlsx, sheet: Register as Teacher
11:03:45.735 [main]INFO  utility.ExelUtility - Total rows found (excluding header): 12
11:03:45.774 [main]INFO  utility.ExelUtility - Row 1 processed and added to data list.
11:03:45.775 [main]WARN  utility.ExelUtility - Skipping empty/null row at index: 2
11:03:45.775 [main]WARN  utility.ExelUtility - Skipping empty/null row at index: 3
11:03:45.775 [main]WARN  utility.ExelUtility - Skipping empty/null row at index: 4
11:03:45.775 [main]WARN  utility.ExelUtility - Skipping empty/null row at index: 5
11:03:45.776 [main]WARN  utility.ExelUtility - Skipping empty/null row at index: 6
11:03:45.776 [main]WARN  utility.ExelUtility - Skipping empty/null row at index: 7
11:03:45.776 [main]WARN  utility.ExelUtility - Skipping empty/null row at index: 8
11:03:45.776 [main]WARN  utility.ExelUtility - Skipping empty/null row at index: 9
11:03:45.776 [main]WARN  utility.ExelUtility - Skipping empty/null row at index: 10
11:03:45.777 [main]WARN  utility.ExelUtility - Skipping empty/null row at index: 11
11:03:45.777 [main]INFO  utility.ExelUtility - Row 12 processed and added to data list.
11:03:45.778 [main]INFO  utility.ExelUtility - Excel data extraction completed successfully.
11:03:45.778 [main]INFO  factory.BaseClass - fetched data of first name: Shashi
11:03:45.778 [main]INFO  factory.BaseClass - fetched data of  last name: Lal
11:03:45.779 [main]INFO  factory.BaseClass - fetched data of mobile Number: 9998881100
11:03:45.779 [main]INFO  factory.BaseClass - fetched data of: shashilal98@yopmail.com
11:03:45.780 [main]INFO  factory.BaseClass - fetched data of date date: 23
11:03:45.780 [main]INFO  factory.BaseClass - fetched data of month: July
11:03:45.781 [main]INFO  factory.BaseClass - fetched data of year: 1993
11:03:45.785 [main]INFO  factory.BaseClass - Initialize the teacher POM page
11:03:46.016 [main]INFO  factory.BaseClass - Entered data of first name: Shashi
11:03:46.206 [main]INFO  factory.BaseClass - Entered data of last name: Lal
11:03:46.454 [main]INFO  factory.BaseClass - Entered data of mobile number: 9998881100
11:03:46.923 [main]INFO  factory.BaseClass - Entered data of email id: shashilal98@yopmail.com
11:03:46.924 [main]INFO  utility.DatePicker - Opening date picker....
11:03:47.235 [main]INFO  utility.DatePicker - Switched to year view..
11:03:49.302 [main]INFO  utility.DatePicker - Year 1993 selected..
11:03:49.548 [main]INFO  utility.DatePicker - Clicked previous month
11:03:49.618 [main]INFO  utility.DatePicker - Target month/year visible: JULY 1993
11:03:50.205 [main]INFO  utility.DatePicker - Date 23 selected
11:03:52.742 [main]INFO  factory.BaseClass - School institute fetch from excel: Aroma HSS
11:03:55.086 [main]INFO  factory.BaseClass - class institute fetch from excel: class_10
11:03:56.537 [main]INFO  factory.BaseClass - Subjects are fetched from execl sheet:Hindi Second, Mathematics
11:03:56.549 [main]INFO  factory.BaseClass - Clicking on Subject dropdown
11:03:56.999 [main]INFO  factory.BaseClass - Subject dropdown clicked.
11:03:57.272 [main]INFO  factory.BaseClass - Selected subject: Hindi Second
11:03:57.472 [main]INFO  factory.BaseClass - Selected subject: Mathematics
10:08:14.263 [main]INFO  factory.BaseClass - browser initialized
10:08:14.263 [main]INFO  factory.BaseClass - get properties file from file directory
10:08:18.495 [main]INFO  stepDefinition.InnerBoxTextEntering - Initializing LoginPage and HomePage
10:08:18.559 [main]INFO  stepDefinition.InnerBoxTextEntering - Navigating to SignIn via HomePage
10:08:18.842 [main]INFO  stepDefinition.InnerBoxTextEntering - SignIn page loaded
10:08:18.844 [main]INFO  stepDefinition.Registration_Validation - Navigating to the registration page
10:08:19.117 [main]INFO  stepDefinition.Registration_Validation - Clicked on Registration button
10:08:19.388 [main]INFO  utility.ExelUtility - Starting to read Excel data from file: F:\Gyansetu\G_TestCase001/src/test-data/data for sign-up chat.xlsx, sheet: Register as Teacher
10:08:21.304 [main]INFO  utility.ExelUtility - Total rows found (excluding header): 12
10:08:21.373 [main]INFO  utility.ExelUtility - Row 1 processed and added to data list.
10:08:21.373 [main]WARN  utility.ExelUtility - Skipping empty/null row at index: 2
10:08:21.373 [main]WARN  utility.ExelUtility - Skipping empty/null row at index: 3
10:08:21.373 [main]WARN  utility.ExelUtility - Skipping empty/null row at index: 4
10:08:21.373 [main]WARN  utility.ExelUtility - Skipping empty/null row at index: 5
10:08:21.373 [main]WARN  utility.ExelUtility - Skipping empty/null row at index: 6
10:08:21.375 [main]WARN  utility.ExelUtility - Skipping empty/null row at index: 7
10:08:21.375 [main]WARN  utility.ExelUtility - Skipping empty/null row at index: 8
10:08:21.375 [main]WARN  utility.ExelUtility - Skipping empty/null row at index: 9
10:08:21.375 [main]WARN  utility.ExelUtility - Skipping empty/null row at index: 10
10:08:21.375 [main]WARN  utility.ExelUtility - Skipping empty/null row at index: 11
10:08:21.377 [main]INFO  utility.ExelUtility - Row 12 processed and added to data list.
10:08:21.379 [main]INFO  utility.ExelUtility - Excel data extraction completed successfully.
10:08:21.379 [main]INFO  factory.BaseClass - fetched data of first name: Sunny
10:08:21.379 [main]INFO  factory.BaseClass - fetched data of  last name: Lal
10:08:21.381 [main]INFO  factory.BaseClass - fetched data of mobile Number: 9998881101
10:08:21.381 [main]INFO  factory.BaseClass - fetched data of: sunnylal98@yopmail.com
10:08:21.381 [main]INFO  factory.BaseClass - fetched data of date date: 23
10:08:21.381 [main]INFO  factory.BaseClass - fetched data of month: July
10:08:21.381 [main]INFO  factory.BaseClass - fetched data of year: 1993
10:08:21.387 [main]INFO  factory.BaseClass - Initialize the teacher POM page
10:08:21.760 [main]INFO  factory.BaseClass - Entered data of first name: Sunny
10:08:22.024 [main]INFO  factory.BaseClass - Entered data of last name: Lal
10:08:22.454 [main]INFO  factory.BaseClass - Entered data of mobile number: 9998881101
10:08:23.132 [main]INFO  factory.BaseClass - Entered data of email id: sunnylal98@yopmail.com
10:08:23.132 [main]INFO  utility.DatePicker - Opening date picker....
10:08:23.511 [main]INFO  utility.DatePicker - Switched to year view..
10:08:25.938 [main]INFO  utility.DatePicker - Year 1993 selected..
10:08:26.337 [main]INFO  utility.DatePicker - Clicked previous month
10:08:26.392 [main]INFO  utility.DatePicker - Target month/year visible: JULY 1993
10:08:27.411 [main]INFO  utility.DatePicker - Date 23 selected
10:08:32.848 [main]INFO  factory.BaseClass - School institute fetch from excel: Aroma HSS
10:08:35.150 [main]INFO  factory.BaseClass - class institute fetch from excel: class_10
10:08:36.180 [main]INFO  factory.BaseClass - Subjects are fetched from execl sheet:Hindi Second, Mathematics
10:08:36.182 [main]INFO  factory.BaseClass - Clicking on Subject dropdown
10:08:36.649 [main]INFO  factory.BaseClass - Subject dropdown clicked.
10:08:36.965 [main]INFO  factory.BaseClass - Selected subject: Hindi Second
10:08:37.299 [main]INFO  factory.BaseClass - Selected subject: Mathematics
10:08:37.443 [main]INFO  factory.BaseClass - Subjectes are clicked
10:08:37.615 [main]INFO  factory.BaseClass - Document uploaded
10:08:37.925 [main]INFO  factory.BaseClass - Terms and condition check box clicked
10:08:38.281 [main]INFO  factory.BaseClass - Submit button clicked
10:10:55.614 [main]INFO  factory.BaseClass - browser initialized
10:10:55.614 [main]INFO  factory.BaseClass - get properties file from file directory
10:10:59.560 [main]INFO  stepDefinition.InnerBoxTextEntering - Initializing LoginPage and HomePage
10:10:59.571 [main]INFO  stepDefinition.InnerBoxTextEntering - Navigating to SignIn via HomePage
10:10:59.861 [main]INFO  stepDefinition.InnerBoxTextEntering - SignIn page loaded
10:10:59.866 [main]INFO  stepDefinition.Registration_Validation - Navigating to the registration page
10:11:00.149 [main]INFO  stepDefinition.Registration_Validation - Clicked on Registration button
10:11:00.365 [main]INFO  utility.ExelUtility - Starting to read Excel data from file: F:\Gyansetu\G_TestCase001/src/test-data/data for sign-up chat.xlsx, sheet: Register as Teacher
10:11:02.047 [main]INFO  utility.ExelUtility - Total rows found (excluding header): 12
10:11:02.113 [main]INFO  utility.ExelUtility - Row 1 processed and added to data list.
10:11:02.113 [main]WARN  utility.ExelUtility - Skipping empty/null row at index: 2
10:11:02.113 [main]WARN  utility.ExelUtility - Skipping empty/null row at index: 3
10:11:02.113 [main]WARN  utility.ExelUtility - Skipping empty/null row at index: 4
10:11:02.113 [main]WARN  utility.ExelUtility - Skipping empty/null row at index: 5
10:11:02.113 [main]WARN  utility.ExelUtility - Skipping empty/null row at index: 6
10:11:02.113 [main]WARN  utility.ExelUtility - Skipping empty/null row at index: 7
10:11:02.113 [main]WARN  utility.ExelUtility - Skipping empty/null row at index: 8
10:11:02.113 [main]WARN  utility.ExelUtility - Skipping empty/null row at index: 9
10:11:02.113 [main]WARN  utility.ExelUtility - Skipping empty/null row at index: 10
10:11:02.113 [main]WARN  utility.ExelUtility - Skipping empty/null row at index: 11
10:11:02.113 [main]INFO  utility.ExelUtility - Row 12 processed and added to data list.
10:11:02.113 [main]INFO  utility.ExelUtility - Excel data extraction completed successfully.
10:11:02.113 [main]INFO  factory.BaseClass - fetched data of first name: Chilbul
10:11:02.113 [main]INFO  factory.BaseClass - fetched data of  last name: Lal
10:11:02.113 [main]INFO  factory.BaseClass - fetched data of mobile Number: 9998881102
10:11:02.113 [main]INFO  factory.BaseClass - fetched data of: chilbullal98@yopmail.com
10:11:02.113 [main]INFO  factory.BaseClass - fetched data of date date: 23
10:11:02.123 [main]INFO  factory.BaseClass - fetched data of month: July
10:11:02.123 [main]INFO  factory.BaseClass - fetched data of year: 1993
10:11:02.123 [main]INFO  factory.BaseClass - Initialize the teacher POM page
10:11:02.542 [main]INFO  factory.BaseClass - Entered data of first name: Chilbul
10:11:02.767 [main]INFO  factory.BaseClass - Entered data of last name: Lal
10:11:03.260 [main]INFO  factory.BaseClass - Entered data of mobile number: 9998881102
10:11:03.773 [main]INFO  factory.BaseClass - Entered data of email id: chilbullal98@yopmail.com
10:11:03.775 [main]INFO  utility.DatePicker - Opening date picker....
10:11:04.109 [main]INFO  utility.DatePicker - Switched to year view..
10:11:06.503 [main]INFO  utility.DatePicker - Year 1993 selected..
10:11:06.892 [main]INFO  utility.DatePicker - Clicked previous month
10:11:06.946 [main]INFO  utility.DatePicker - Target month/year visible: JULY 1993
10:11:07.917 [main]INFO  utility.DatePicker - Date 23 selected
10:11:12.433 [main]INFO  factory.BaseClass - School institute fetch from excel: Aroma HSS
10:11:14.913 [main]INFO  factory.BaseClass - class institute fetch from excel: class_10
10:11:15.937 [main]INFO  factory.BaseClass - Subjects are fetched from execl sheet:Hindi Second, Mathematics
10:11:15.939 [main]INFO  factory.BaseClass - Clicking on Subject dropdown
10:11:16.451 [main]INFO  factory.BaseClass - Subject dropdown clicked.
10:11:16.793 [main]INFO  factory.BaseClass - Selected subject: Hindi Second
10:11:17.078 [main]INFO  factory.BaseClass - Selected subject: Mathematics
10:11:17.162 [main]INFO  factory.BaseClass - Subjectes are clicked
10:11:17.374 [main]INFO  factory.BaseClass - Document uploaded
10:11:17.721 [main]INFO  factory.BaseClass - Terms and condition check box clicked
10:11:17.978 [main]INFO  factory.BaseClass - Submit button clicked
10:41:33.942 [main]INFO  factory.BaseClass - browser initialized
10:41:33.951 [main]INFO  factory.BaseClass - get properties file from file directory
10:41:38.790 [main]INFO  stepDefinition.InnerBoxTextEntering - Initializing LoginPage and HomePage
10:41:38.808 [main]INFO  stepDefinition.InnerBoxTextEntering - Navigating to SignIn via HomePage
10:41:39.117 [main]INFO  stepDefinition.InnerBoxTextEntering - SignIn page loaded
10:41:39.121 [main]INFO  stepDefinition.Registration_Validation - Navigating to the registration page
10:41:39.285 [main]INFO  stepDefinition.Registration_Validation - Clicked on Registration button
10:41:39.473 [main]INFO  utility.ExelUtility - Starting to read Excel data from file: F:\Gyansetu\G_TestCase001/src/test-data/data for sign-up chat.xlsx, sheet: Register as Teacher
10:41:40.574 [main]INFO  utility.ExelUtility - Total rows found (excluding header): 12
10:41:40.619 [main]INFO  utility.ExelUtility - Row 1 processed and added to data list.
10:41:40.621 [main]WARN  utility.ExelUtility - Skipping empty/null row at index: 2
10:41:40.621 [main]WARN  utility.ExelUtility - Skipping empty/null row at index: 3
10:41:40.621 [main]WARN  utility.ExelUtility - Skipping empty/null row at index: 4
10:41:40.621 [main]WARN  utility.ExelUtility - Skipping empty/null row at index: 5
10:41:40.621 [main]WARN  utility.ExelUtility - Skipping empty/null row at index: 6
10:41:40.621 [main]WARN  utility.ExelUtility - Skipping empty/null row at index: 7
10:41:40.621 [main]WARN  utility.ExelUtility - Skipping empty/null row at index: 8
10:41:40.621 [main]WARN  utility.ExelUtility - Skipping empty/null row at index: 9
10:41:40.621 [main]WARN  utility.ExelUtility - Skipping empty/null row at index: 10
10:41:40.621 [main]WARN  utility.ExelUtility - Skipping empty/null row at index: 11
10:41:40.621 [main]INFO  utility.ExelUtility - Row 12 processed and added to data list.
10:41:40.621 [main]INFO  utility.ExelUtility - Excel data extraction completed successfully.
10:41:40.621 [main]INFO  factory.BaseClass - fetched data of first name: Sawan
10:41:40.621 [main]INFO  factory.BaseClass - fetched data of  last name: Lal
10:41:40.625 [main]INFO  factory.BaseClass - fetched data of mobile Number: 9998881103
10:41:40.625 [main]INFO  factory.BaseClass - fetched data of: sawanlal98@yopmail.com
10:41:40.625 [main]INFO  factory.BaseClass - fetched data of date date: 23
10:41:40.625 [main]INFO  factory.BaseClass - fetched data of month: July
10:41:40.625 [main]INFO  factory.BaseClass - fetched data of year: 1993
10:41:40.631 [main]INFO  factory.BaseClass - Initialize the teacher POM page
10:41:41.634 [main]INFO  factory.BaseClass - Entered data of first name: Sawan
10:41:41.748 [main]INFO  factory.BaseClass - Entered data of last name: Lal
10:41:41.962 [main]INFO  factory.BaseClass - Entered data of mobile number: 9998881103
10:41:42.341 [main]INFO  factory.BaseClass - Entered data of email id: sawanlal98@yopmail.com
10:41:42.341 [main]INFO  utility.DatePicker - Opening date picker....
10:41:42.680 [main]INFO  utility.DatePicker - Switched to year view..
10:41:44.359 [main]INFO  utility.DatePicker - Year 1993 selected..
10:41:44.591 [main]INFO  utility.DatePicker - Clicked previous month
10:41:44.628 [main]INFO  utility.DatePicker - Target month/year visible: JULY 1993
10:41:45.209 [main]INFO  utility.DatePicker - Date 23 selected
10:41:46.945 [main]INFO  factory.BaseClass - School institute fetch from excel: Aroma HSS
10:41:48.843 [main]INFO  factory.BaseClass - class institute fetch from excel: class_10
10:41:49.608 [main]INFO  factory.BaseClass - Subjects are fetched from execl sheet:Hindi Second, Mathematics
10:41:49.609 [main]INFO  factory.BaseClass - Clicking on Subject dropdown
10:41:50.078 [main]INFO  factory.BaseClass - Subject dropdown clicked.
10:41:50.354 [main]INFO  factory.BaseClass - Selected subject: Hindi Second
10:41:50.543 [main]INFO  factory.BaseClass - Selected subject: Mathematics
10:41:50.629 [main]INFO  factory.BaseClass - Subjectes are clicked
10:41:50.992 [main]INFO  factory.BaseClass - Document uploaded
10:41:51.543 [main]INFO  factory.BaseClass - Terms and condition check box clicked
10:41:52.128 [main]INFO  factory.BaseClass - Submit button clicked
12:17:59.811 [main]INFO  factory.BaseClass - browser initialized
12:17:59.821 [main]INFO  factory.BaseClass - get properties file from file directory
12:18:05.167 [main]INFO  stepDefinition.InnerBoxTextEntering - Initializing LoginPage and HomePage
12:18:05.322 [main]INFO  stepDefinition.InnerBoxTextEntering - Navigating to SignIn via HomePage
12:18:06.007 [main]INFO  stepDefinition.InnerBoxTextEntering - SignIn page loaded
12:18:06.027 [main]INFO  stepDefinition.Registration_Validation - Navigating to the registration page
12:18:06.799 [main]INFO  stepDefinition.Registration_Validation - Clicked on Registration button
12:18:07.298 [main]INFO  utility.ExelUtility - Starting to read Excel data from file: F:\Gyansetu\G_TestCase001/src/test-data/data for sign-up chat.xlsx, sheet: Register as Teacher
12:18:10.841 [main]INFO  utility.ExelUtility - Total rows found (excluding header): 12
12:18:11.077 [main]INFO  utility.ExelUtility - Row 1 processed and added to data list.
12:18:11.078 [main]WARN  utility.ExelUtility - Skipping empty/null row at index: 2
12:18:11.078 [main]WARN  utility.ExelUtility - Skipping empty/null row at index: 3
12:18:11.079 [main]WARN  utility.ExelUtility - Skipping empty/null row at index: 4
12:18:11.079 [main]WARN  utility.ExelUtility - Skipping empty/null row at index: 5
12:18:11.079 [main]WARN  utility.ExelUtility - Skipping empty/null row at index: 6
12:18:11.099 [main]WARN  utility.ExelUtility - Skipping empty/null row at index: 7
12:18:11.101 [main]WARN  utility.ExelUtility - Skipping empty/null row at index: 8
12:18:11.103 [main]WARN  utility.ExelUtility - Skipping empty/null row at index: 9
12:18:11.109 [main]WARN  utility.ExelUtility - Skipping empty/null row at index: 10
12:18:11.109 [main]WARN  utility.ExelUtility - Skipping empty/null row at index: 11
12:18:11.110 [main]INFO  utility.ExelUtility - Row 12 processed and added to data list.
12:18:11.111 [main]INFO  utility.ExelUtility - Excel data extraction completed successfully.
12:18:11.112 [main]INFO  factory.BaseClass - fetched data of first name: Ninja
12:18:11.112 [main]INFO  factory.BaseClass - fetched data of  last name: Lal
12:18:11.113 [main]INFO  factory.BaseClass - fetched data of mobile Number: 9998881104
12:18:11.113 [main]INFO  factory.BaseClass - fetched data of: ninjalal98@yopmail.com
12:18:11.114 [main]INFO  factory.BaseClass - fetched data of date date: 23
12:18:11.114 [main]INFO  factory.BaseClass - fetched data of month: July
12:18:11.115 [main]INFO  factory.BaseClass - fetched data of year: 1993
12:18:11.126 [main]INFO  factory.BaseClass - Initialize the teacher POM page
12:18:12.457 [main]INFO  factory.BaseClass - Entered data of first name: Ninja
12:18:13.311 [main]INFO  factory.BaseClass - Entered data of last name: Lal
12:18:14.374 [main]INFO  factory.BaseClass - Entered data of mobile number: 9998881104
12:18:15.685 [main]INFO  factory.BaseClass - Entered data of email id: ninjalal98@yopmail.com
12:18:15.713 [main]INFO  utility.DatePicker - Opening date picker....
12:18:16.542 [main]INFO  utility.DatePicker - Switched to year view..
12:18:21.658 [main]INFO  utility.DatePicker - Year 1993 selected..
12:18:22.479 [main]INFO  utility.DatePicker - Clicked previous month
12:18:22.776 [main]INFO  utility.DatePicker - Target month/year visible: JULY 1993
12:18:24.978 [main]INFO  utility.DatePicker - Date 23 selected
12:18:33.241 [main]INFO  factory.BaseClass - School institute fetch from excel: Aroma HSS
12:18:37.084 [main]INFO  factory.BaseClass - class institute fetch from excel: class_10
12:18:38.610 [main]INFO  factory.BaseClass - Subjects are fetched from execl sheet:Hindi Second, Mathematics
12:18:38.615 [main]INFO  factory.BaseClass - Clicking on Subject dropdown
12:18:39.203 [main]INFO  factory.BaseClass - Subject dropdown clicked.
12:18:39.869 [main]INFO  factory.BaseClass - Selected subject: Hindi Second
12:18:40.412 [main]INFO  factory.BaseClass - Selected subject: Mathematics
12:18:40.571 [main]INFO  factory.BaseClass - Subjectes are clicked
12:18:40.922 [main]INFO  factory.BaseClass - Document uploaded
12:18:41.401 [main]INFO  factory.BaseClass - Terms and condition check box clicked
12:18:41.997 [main]INFO  factory.BaseClass - Submit button clicked
12:18:47.902 [main]INFO  factory.BaseClass - OTP Box: Please verify your OTP.
12:44:37.238 [main]INFO  factory.BaseClass - browser initialized
12:44:37.243 [main]INFO  factory.BaseClass - get properties file from file directory
12:44:47.127 [main]INFO  stepDefinition.Registration_Validation - Navigating to the registration page
12:44:47.575 [main]INFO  stepDefinition.Registration_Validation - Clicked on Registration button
12:44:47.583 [main]INFO  stepDefinition.Registration_Validation - Entering email: voideuhepucrau-4136@yopmail.com
12:44:47.924 [main]INFO  stepDefinition.Registration_Validation - Entering password: ********
12:44:48.053 [main]INFO  stepDefinition.Registration_Validation - Entering phone number: 9893488885
12:44:48.279 [main]INFO  stepDefinition.Registration_Validation - Checked Terms and Conditions checkbox
12:44:48.280 [main]INFO  stepDefinition.Registration_Validation - Clicking SignUp Now button
12:45:18.336 [main]INFO  stepDefinition.Registration_Validation - SignUp process initiated, waiting for 20 seconds for enter the OTP
12:45:20.219 [main]INFO  factory.BaseClass - browser initialized
12:45:20.221 [main]INFO  factory.BaseClass - get properties file from file directory
12:45:32.783 [main]INFO  stepDefinition.InnerBoxTextEntering - Clicking the Sign In button
12:45:34.076 [main]INFO  stepDefinition.InnerBoxTextEntering - Sign In button clicked successfully
12:45:44.266 [main]INFO  page.Student_DashBoard_InnerChatBox - Entering full name: Achu S
12:45:54.309 [main]ERROR page.Student_DashBoard_InnerChatBox - Failed to enter full name with Actions: Expected condition failed: waiting for element to be clickable: By.xpath: //input[@class='form-control'] (tried for 10 second(s) with 500 milliseconds interval)
Build info: version: '4.33.0', revision: '2c6aaad03a'
System info: os.name: 'Windows 11', os.arch: 'amd64', os.version: '10.0', java.version: '23.0.2'
Driver info: org.openqa.selenium.chrome.ChromeDriver
Capabilities {acceptInsecureCerts: false, browserName: chrome, browserVersion: 138.0.7204.184, chrome: {chromedriverVersion: 138.0.7204.183 (e90faf484dd..., userDataDir: C:\Users\WIIS\AppData\Local...}, fedcm:accounts: true, goog:chromeOptions: {debuggerAddress: localhost:62672}, networkConnectionEnabled: false, pageLoadStrategy: normal, platformName: windows, proxy: Proxy(), se:cdp: ws://localhost:62672/devtoo..., se:cdpVersion: 138.0.7204.184, setWindowRect: true, strictFileInteractability: false, timeouts: {implicit: 0, pageLoad: 300000, script: 30000}, unhandledPromptBehavior: dismiss and notify, webauthn:extension:credBlob: true, webauthn:extension:largeBlob: true, webauthn:extension:minPinLength: true, webauthn:extension:prf: true, webauthn:virtualAuthenticators: true}
Session ID: c9114cad7740b4e63440e6938100c509
org.openqa.selenium.TimeoutException: Expected condition failed: waiting for element to be clickable: By.xpath: //input[@class='form-control'] (tried for 10 second(s) with 500 milliseconds interval)
Build info: version: '4.33.0', revision: '2c6aaad03a'
System info: os.name: 'Windows 11', os.arch: 'amd64', os.version: '10.0', java.version: '23.0.2'
Driver info: org.openqa.selenium.chrome.ChromeDriver
Capabilities {acceptInsecureCerts: false, browserName: chrome, browserVersion: 138.0.7204.184, chrome: {chromedriverVersion: 138.0.7204.183 (e90faf484dd..., userDataDir: C:\Users\WIIS\AppData\Local...}, fedcm:accounts: true, goog:chromeOptions: {debuggerAddress: localhost:62672}, networkConnectionEnabled: false, pageLoadStrategy: normal, platformName: windows, proxy: Proxy(), se:cdp: ws://localhost:62672/devtoo..., se:cdpVersion: 138.0.7204.184, setWindowRect: true, strictFileInteractability: false, timeouts: {implicit: 0, pageLoad: 300000, script: 30000}, unhandledPromptBehavior: dismiss and notify, webauthn:extension:credBlob: true, webauthn:extension:largeBlob: true, webauthn:extension:minPinLength: true, webauthn:extension:prf: true, webauthn:virtualAuthenticators: true}
Session ID: c9114cad7740b4e63440e6938100c509
	at org.openqa.selenium.support.ui.WebDriverWait.timeoutException(WebDriverWait.java:84) ~[selenium-support-4.33.0.jar:?]
	at org.openqa.selenium.support.ui.FluentWait.until(FluentWait.java:228) ~[selenium-support-4.33.0.jar:?]
	at page.Student_DashBoard_InnerChatBox.enter_Your_FullName(Student_DashBoard_InnerChatBox.java:93) ~[test-classes/:?]
	at stepDefinition.InnerSignUp_Chat_Detail.user_enter_the_full_name(InnerSignUp_Chat_Detail.java:29) ~[test-classes/:?]
	at jdk.internal.reflect.DirectMethodHandleAccessor.invoke(DirectMethodHandleAccessor.java:103) ~[?:?]
	at java.lang.reflect.Method.invoke(Method.java:580) ~[?:?]
	at io.cucumber.java.Invoker.doInvoke(Invoker.java:66) ~[cucumber-java-7.23.0.jar:7.23.0]
	at io.cucumber.java.Invoker.invoke(Invoker.java:24) ~[cucumber-java-7.23.0.jar:7.23.0]
	at io.cucumber.java.AbstractGlueDefinition.invokeMethod(AbstractGlueDefinition.java:47) ~[cucumber-java-7.23.0.jar:7.23.0]
	at io.cucumber.java.JavaStepDefinition.execute(JavaStepDefinition.java:29) ~[cucumber-java-7.23.0.jar:7.23.0]
	at io.cucumber.core.runner.CoreStepDefinition.execute(CoreStepDefinition.java:66) ~[cucumber-core-7.23.0.jar:7.23.0]
	at io.cucumber.core.runner.PickleStepDefinitionMatch.runStep(PickleStepDefinitionMatch.java:62) ~[cucumber-core-7.23.0.jar:7.23.0]
	at io.cucumber.core.runner.ExecutionMode$1.execute(ExecutionMode.java:10) ~[cucumber-core-7.23.0.jar:7.23.0]
	at io.cucumber.core.runner.TestStep.executeStep(TestStep.java:81) ~[cucumber-core-7.23.0.jar:7.23.0]
	at io.cucumber.core.runner.TestStep.run(TestStep.java:53) ~[cucumber-core-7.23.0.jar:7.23.0]
	at io.cucumber.core.runner.PickleStepTestStep.run(PickleStepTestStep.java:51) ~[cucumber-core-7.23.0.jar:7.23.0]
	at io.cucumber.core.runner.TestCase.run(TestCase.java:86) ~[cucumber-core-7.23.0.jar:7.23.0]
	at io.cucumber.core.runner.Runner.runPickle(Runner.java:77) ~[cucumber-core-7.23.0.jar:7.23.0]
	at io.cucumber.junit.PickleRunners$NoStepDescriptions.lambda$run$0(PickleRunners.java:151) ~[cucumber-junit-7.23.0.jar:7.23.0]
	at io.cucumber.core.runtime.CucumberExecutionContext.lambda$runTestCase$5(CucumberExecutionContext.java:136) ~[cucumber-core-7.23.0.jar:7.23.0]
	at io.cucumber.core.runtime.RethrowingThrowableCollector.executeAndThrow(RethrowingThrowableCollector.java:23) ~[cucumber-core-7.23.0.jar:7.23.0]
	at io.cucumber.core.runtime.CucumberExecutionContext.runTestCase(CucumberExecutionContext.java:136) ~[cucumber-core-7.23.0.jar:7.23.0]
	at io.cucumber.junit.PickleRunners$NoStepDescriptions.run(PickleRunners.java:148) ~[cucumber-junit-7.23.0.jar:7.23.0]
	at io.cucumber.junit.FeatureRunner.runChild(FeatureRunner.java:144) ~[cucumber-junit-7.23.0.jar:7.23.0]
	at io.cucumber.junit.FeatureRunner.runChild(FeatureRunner.java:28) ~[cucumber-junit-7.23.0.jar:7.23.0]
	at org.junit.runners.ParentRunner$4.run(ParentRunner.java:331) ~[junit-4.13.2.jar:4.13.2]
	at org.junit.runners.ParentRunner$1.schedule(ParentRunner.java:79) ~[junit-4.13.2.jar:4.13.2]
	at org.junit.runners.ParentRunner.runChildren(ParentRunner.java:329) ~[junit-4.13.2.jar:4.13.2]
	at org.junit.runners.ParentRunner.access$100(ParentRunner.java:66) ~[junit-4.13.2.jar:4.13.2]
	at org.junit.runners.ParentRunner$2.evaluate(ParentRunner.java:293) ~[junit-4.13.2.jar:4.13.2]
	at org.junit.runners.ParentRunner$3.evaluate(ParentRunner.java:306) ~[junit-4.13.2.jar:4.13.2]
	at org.junit.runners.ParentRunner.run(ParentRunner.java:413) ~[junit-4.13.2.jar:4.13.2]
	at io.cucumber.junit.FeatureRunner.run(FeatureRunner.java:137) ~[cucumber-junit-7.23.0.jar:7.23.0]
	at io.cucumber.junit.Cucumber.runChild(Cucumber.java:199) ~[cucumber-junit-7.23.0.jar:7.23.0]
	at io.cucumber.junit.Cucumber.runChild(Cucumber.java:89) ~[cucumber-junit-7.23.0.jar:7.23.0]
	at org.junit.runners.ParentRunner$4.run(ParentRunner.java:331) ~[junit-4.13.2.jar:4.13.2]
	at org.junit.runners.ParentRunner$1.schedule(ParentRunner.java:79) ~[junit-4.13.2.jar:4.13.2]
	at org.junit.runners.ParentRunner.runChildren(ParentRunner.java:329) ~[junit-4.13.2.jar:4.13.2]
	at org.junit.runners.ParentRunner.access$100(ParentRunner.java:66) ~[junit-4.13.2.jar:4.13.2]
	at org.junit.runners.ParentRunner$2.evaluate(ParentRunner.java:293) ~[junit-4.13.2.jar:4.13.2]
	at io.cucumber.core.runtime.CucumberExecutionContext.lambda$runFeatures$6(CucumberExecutionContext.java:147) ~[cucumber-core-7.23.0.jar:7.23.0]
	at io.cucumber.core.runtime.CucumberExecutionContext.execute(CucumberExecutionContext.java:162) [cucumber-core-7.23.0.jar:7.23.0]
	at io.cucumber.core.runtime.CucumberExecutionContext.runFeatures(CucumberExecutionContext.java:145) [cucumber-core-7.23.0.jar:7.23.0]
	at io.cucumber.junit.Cucumber$StartAndFinishTestRun.evaluate(Cucumber.java:229) [cucumber-junit-7.23.0.jar:7.23.0]
	at org.junit.runners.ParentRunner$3.evaluate(ParentRunner.java:306) [junit-4.13.2.jar:4.13.2]
	at org.junit.runners.ParentRunner.run(ParentRunner.java:413) [junit-4.13.2.jar:4.13.2]
	at org.junit.runner.JUnitCore.run(JUnitCore.java:137) [junit-4.13.2.jar:4.13.2]
	at com.intellij.junit4.JUnit4IdeaTestRunner.startRunnerWithArgs(JUnit4IdeaTestRunner.java:69) [junit-rt.jar:?]
	at com.intellij.rt.junit.IdeaTestRunner$Repeater$1.execute(IdeaTestRunner.java:38) [junit-rt.jar:?]
	at com.intellij.rt.execution.junit.TestsRepeater.repeat(TestsRepeater.java:11) [idea_rt.jar:?]
	at com.intellij.rt.junit.IdeaTestRunner$Repeater.startRunnerWithArgs(IdeaTestRunner.java:35) [junit-rt.jar:?]
	at com.intellij.rt.junit.JUnitStarter.prepareStreamsAndStart(JUnitStarter.java:232) [junit-rt.jar:?]
	at com.intellij.rt.junit.JUnitStarter.main(JUnitStarter.java:55) [junit-rt.jar:?]
12:45:54.518 [main]INFO  utility.DatePicker - Opening date picker....
12:46:04.549 [main]ERROR utility.DatePicker - Exception in date picker Gy: no such element: Unable to locate element: {"method":"xpath","selector":"//button[@aria-label='Choose date']"}
  (Session info: chrome=138.0.7204.184)
For documentation on this error, please visit: https://www.selenium.dev/documentation/webdriver/troubleshooting/errors#no-such-element-exception
Build info: version: '4.33.0', revision: '2c6aaad03a'
System info: os.name: 'Windows 11', os.arch: 'amd64', os.version: '10.0', java.version: '23.0.2'
Driver info: org.openqa.selenium.chrome.ChromeDriver
Command: [c9114cad7740b4e63440e6938100c509, findElement {value=//button[@aria-label='Choose date'], using=xpath}]
Capabilities {acceptInsecureCerts: false, browserName: chrome, browserVersion: 138.0.7204.184, chrome: {chromedriverVersion: 138.0.7204.183 (e90faf484dd..., userDataDir: C:\Users\WIIS\AppData\Local...}, fedcm:accounts: true, goog:chromeOptions: {debuggerAddress: localhost:62672}, networkConnectionEnabled: false, pageLoadStrategy: normal, platformName: windows, proxy: Proxy(), se:cdp: ws://localhost:62672/devtoo..., se:cdpVersion: 138.0.7204.184, setWindowRect: true, strictFileInteractability: false, timeouts: {implicit: 0, pageLoad: 300000, script: 30000}, unhandledPromptBehavior: dismiss and notify, webauthn:extension:credBlob: true, webauthn:extension:largeBlob: true, webauthn:extension:minPinLength: true, webauthn:extension:prf: true, webauthn:virtualAuthenticators: true}
Session ID: c9114cad7740b4e63440e6938100c509
org.openqa.selenium.NoSuchElementException: no such element: Unable to locate element: {"method":"xpath","selector":"//button[@aria-label='Choose date']"}
  (Session info: chrome=138.0.7204.184)
For documentation on this error, please visit: https://www.selenium.dev/documentation/webdriver/troubleshooting/errors#no-such-element-exception
Build info: version: '4.33.0', revision: '2c6aaad03a'
System info: os.name: 'Windows 11', os.arch: 'amd64', os.version: '10.0', java.version: '23.0.2'
Driver info: org.openqa.selenium.chrome.ChromeDriver
Command: [c9114cad7740b4e63440e6938100c509, findElement {value=//button[@aria-label='Choose date'], using=xpath}]
Capabilities {acceptInsecureCerts: false, browserName: chrome, browserVersion: 138.0.7204.184, chrome: {chromedriverVersion: 138.0.7204.183 (e90faf484dd..., userDataDir: C:\Users\WIIS\AppData\Local...}, fedcm:accounts: true, goog:chromeOptions: {debuggerAddress: localhost:62672}, networkConnectionEnabled: false, pageLoadStrategy: normal, platformName: windows, proxy: Proxy(), se:cdp: ws://localhost:62672/devtoo..., se:cdpVersion: 138.0.7204.184, setWindowRect: true, strictFileInteractability: false, timeouts: {implicit: 0, pageLoad: 300000, script: 30000}, unhandledPromptBehavior: dismiss and notify, webauthn:extension:credBlob: true, webauthn:extension:largeBlob: true, webauthn:extension:minPinLength: true, webauthn:extension:prf: true, webauthn:virtualAuthenticators: true}
Session ID: c9114cad7740b4e63440e6938100c509
	at jdk.internal.reflect.DirectConstructorHandleAccessor.newInstance(DirectConstructorHandleAccessor.java:62) ~[?:?]
	at java.lang.reflect.Constructor.newInstanceWithCaller(Constructor.java:501) ~[?:?]
	at java.lang.reflect.Constructor.newInstance(Constructor.java:485) ~[?:?]
	at org.openqa.selenium.remote.ErrorCodec.decode(ErrorCodec.java:167) ~[selenium-remote-driver-4.33.0.jar:?]
	at org.openqa.selenium.remote.codec.w3c.W3CHttpResponseCodec.decode(W3CHttpResponseCodec.java:138) ~[selenium-remote-driver-4.33.0.jar:?]
	at org.openqa.selenium.remote.codec.w3c.W3CHttpResponseCodec.decode(W3CHttpResponseCodec.java:50) ~[selenium-remote-driver-4.33.0.jar:?]
	at org.openqa.selenium.remote.HttpCommandExecutor.execute(HttpCommandExecutor.java:215) ~[selenium-remote-driver-4.33.0.jar:?]
	at org.openqa.selenium.remote.service.DriverCommandExecutor.invokeExecute(DriverCommandExecutor.java:216) ~[selenium-remote-driver-4.33.0.jar:?]
	at org.openqa.selenium.remote.service.DriverCommandExecutor.execute(DriverCommandExecutor.java:174) ~[selenium-remote-driver-4.33.0.jar:?]
	at org.openqa.selenium.remote.RemoteWebDriver.execute(RemoteWebDriver.java:544) ~[selenium-remote-driver-4.33.0.jar:?]
	at org.openqa.selenium.remote.ElementLocation$ElementFinder$2.findElement(ElementLocation.java:165) ~[selenium-remote-driver-4.33.0.jar:?]
	at org.openqa.selenium.remote.ElementLocation.findElement(ElementLocation.java:59) ~[selenium-remote-driver-4.33.0.jar:?]
	at org.openqa.selenium.remote.RemoteWebDriver.findElement(RemoteWebDriver.java:367) ~[selenium-remote-driver-4.33.0.jar:?]
	at org.openqa.selenium.remote.RemoteWebDriver.findElement(RemoteWebDriver.java:361) ~[selenium-remote-driver-4.33.0.jar:?]
	at utility.DatePicker.datepickerGy(DatePicker.java:115) ~[test-classes/:?]
	at stepDefinition.InnerSignUp_Chat_Detail.user_select_the_date_of_birth_date_month_year(InnerSignUp_Chat_Detail.java:35) ~[test-classes/:?]
	at jdk.internal.reflect.DirectMethodHandleAccessor.invoke(DirectMethodHandleAccessor.java:103) ~[?:?]
	at java.lang.reflect.Method.invoke(Method.java:580) ~[?:?]
	at io.cucumber.java.Invoker.doInvoke(Invoker.java:66) ~[cucumber-java-7.23.0.jar:7.23.0]
	at io.cucumber.java.Invoker.invoke(Invoker.java:24) ~[cucumber-java-7.23.0.jar:7.23.0]
	at io.cucumber.java.AbstractGlueDefinition.invokeMethod(AbstractGlueDefinition.java:47) ~[cucumber-java-7.23.0.jar:7.23.0]
	at io.cucumber.java.JavaStepDefinition.execute(JavaStepDefinition.java:29) ~[cucumber-java-7.23.0.jar:7.23.0]
	at io.cucumber.core.runner.CoreStepDefinition.execute(CoreStepDefinition.java:66) ~[cucumber-core-7.23.0.jar:7.23.0]
	at io.cucumber.core.runner.PickleStepDefinitionMatch.runStep(PickleStepDefinitionMatch.java:62) ~[cucumber-core-7.23.0.jar:7.23.0]
	at io.cucumber.core.runner.ExecutionMode$1.execute(ExecutionMode.java:10) ~[cucumber-core-7.23.0.jar:7.23.0]
	at io.cucumber.core.runner.TestStep.executeStep(TestStep.java:81) ~[cucumber-core-7.23.0.jar:7.23.0]
	at io.cucumber.core.runner.TestStep.run(TestStep.java:53) ~[cucumber-core-7.23.0.jar:7.23.0]
	at io.cucumber.core.runner.PickleStepTestStep.run(PickleStepTestStep.java:51) ~[cucumber-core-7.23.0.jar:7.23.0]
	at io.cucumber.core.runner.TestCase.run(TestCase.java:86) ~[cucumber-core-7.23.0.jar:7.23.0]
	at io.cucumber.core.runner.Runner.runPickle(Runner.java:77) ~[cucumber-core-7.23.0.jar:7.23.0]
	at io.cucumber.junit.PickleRunners$NoStepDescriptions.lambda$run$0(PickleRunners.java:151) ~[cucumber-junit-7.23.0.jar:7.23.0]
	at io.cucumber.core.runtime.CucumberExecutionContext.lambda$runTestCase$5(CucumberExecutionContext.java:136) ~[cucumber-core-7.23.0.jar:7.23.0]
	at io.cucumber.core.runtime.RethrowingThrowableCollector.executeAndThrow(RethrowingThrowableCollector.java:23) ~[cucumber-core-7.23.0.jar:7.23.0]
	at io.cucumber.core.runtime.CucumberExecutionContext.runTestCase(CucumberExecutionContext.java:136) ~[cucumber-core-7.23.0.jar:7.23.0]
	at io.cucumber.junit.PickleRunners$NoStepDescriptions.run(PickleRunners.java:148) ~[cucumber-junit-7.23.0.jar:7.23.0]
	at io.cucumber.junit.FeatureRunner.runChild(FeatureRunner.java:144) ~[cucumber-junit-7.23.0.jar:7.23.0]
	at io.cucumber.junit.FeatureRunner.runChild(FeatureRunner.java:28) ~[cucumber-junit-7.23.0.jar:7.23.0]
	at org.junit.runners.ParentRunner$4.run(ParentRunner.java:331) ~[junit-4.13.2.jar:4.13.2]
	at org.junit.runners.ParentRunner$1.schedule(ParentRunner.java:79) ~[junit-4.13.2.jar:4.13.2]
	at org.junit.runners.ParentRunner.runChildren(ParentRunner.java:329) ~[junit-4.13.2.jar:4.13.2]
	at org.junit.runners.ParentRunner.access$100(ParentRunner.java:66) ~[junit-4.13.2.jar:4.13.2]
	at org.junit.runners.ParentRunner$2.evaluate(ParentRunner.java:293) ~[junit-4.13.2.jar:4.13.2]
	at org.junit.runners.ParentRunner$3.evaluate(ParentRunner.java:306) ~[junit-4.13.2.jar:4.13.2]
	at org.junit.runners.ParentRunner.run(ParentRunner.java:413) ~[junit-4.13.2.jar:4.13.2]
	at io.cucumber.junit.FeatureRunner.run(FeatureRunner.java:137) ~[cucumber-junit-7.23.0.jar:7.23.0]
	at io.cucumber.junit.Cucumber.runChild(Cucumber.java:199) ~[cucumber-junit-7.23.0.jar:7.23.0]
	at io.cucumber.junit.Cucumber.runChild(Cucumber.java:89) ~[cucumber-junit-7.23.0.jar:7.23.0]
	at org.junit.runners.ParentRunner$4.run(ParentRunner.java:331) ~[junit-4.13.2.jar:4.13.2]
	at org.junit.runners.ParentRunner$1.schedule(ParentRunner.java:79) ~[junit-4.13.2.jar:4.13.2]
	at org.junit.runners.ParentRunner.runChildren(ParentRunner.java:329) ~[junit-4.13.2.jar:4.13.2]
	at org.junit.runners.ParentRunner.access$100(ParentRunner.java:66) ~[junit-4.13.2.jar:4.13.2]
	at org.junit.runners.ParentRunner$2.evaluate(ParentRunner.java:293) ~[junit-4.13.2.jar:4.13.2]
	at io.cucumber.core.runtime.CucumberExecutionContext.lambda$runFeatures$6(CucumberExecutionContext.java:147) ~[cucumber-core-7.23.0.jar:7.23.0]
	at io.cucumber.core.runtime.CucumberExecutionContext.execute(CucumberExecutionContext.java:162) [cucumber-core-7.23.0.jar:7.23.0]
	at io.cucumber.core.runtime.CucumberExecutionContext.runFeatures(CucumberExecutionContext.java:145) [cucumber-core-7.23.0.jar:7.23.0]
	at io.cucumber.junit.Cucumber$StartAndFinishTestRun.evaluate(Cucumber.java:229) [cucumber-junit-7.23.0.jar:7.23.0]
	at org.junit.runners.ParentRunner$3.evaluate(ParentRunner.java:306) [junit-4.13.2.jar:4.13.2]
	at org.junit.runners.ParentRunner.run(ParentRunner.java:413) [junit-4.13.2.jar:4.13.2]
	at org.junit.runner.JUnitCore.run(JUnitCore.java:137) [junit-4.13.2.jar:4.13.2]
	at com.intellij.junit4.JUnit4IdeaTestRunner.startRunnerWithArgs(JUnit4IdeaTestRunner.java:69) [junit-rt.jar:?]
	at com.intellij.rt.junit.IdeaTestRunner$Repeater$1.execute(IdeaTestRunner.java:38) [junit-rt.jar:?]
	at com.intellij.rt.execution.junit.TestsRepeater.repeat(TestsRepeater.java:11) [idea_rt.jar:?]
	at com.intellij.rt.junit.IdeaTestRunner$Repeater.startRunnerWithArgs(IdeaTestRunner.java:35) [junit-rt.jar:?]
	at com.intellij.rt.junit.JUnitStarter.prepareStreamsAndStart(JUnitStarter.java:232) [junit-rt.jar:?]
	at com.intellij.rt.junit.JUnitStarter.main(JUnitStarter.java:55) [junit-rt.jar:?]
12:46:04.553 [main]INFO  page.Student_DashBoard_InnerChatBox - Entering main learning goal: To get Higher Mark
12:46:14.573 [main]ERROR page.Student_DashBoard_InnerChatBox - Failed to enter learning goal: Expected condition failed: waiting for visibility of element located by By.xpath: //input[@placeholder='Type your answer and press enter'] (tried for 10 second(s) with 500 milliseconds interval)
Build info: version: '4.33.0', revision: '2c6aaad03a'
System info: os.name: 'Windows 11', os.arch: 'amd64', os.version: '10.0', java.version: '23.0.2'
Driver info: org.openqa.selenium.chrome.ChromeDriver
Capabilities {acceptInsecureCerts: false, browserName: chrome, browserVersion: 138.0.7204.184, chrome: {chromedriverVersion: 138.0.7204.183 (e90faf484dd..., userDataDir: C:\Users\WIIS\AppData\Local...}, fedcm:accounts: true, goog:chromeOptions: {debuggerAddress: localhost:62672}, networkConnectionEnabled: false, pageLoadStrategy: normal, platformName: windows, proxy: Proxy(), se:cdp: ws://localhost:62672/devtoo..., se:cdpVersion: 138.0.7204.184, setWindowRect: true, strictFileInteractability: false, timeouts: {implicit: 0, pageLoad: 300000, script: 30000}, unhandledPromptBehavior: dismiss and notify, webauthn:extension:credBlob: true, webauthn:extension:largeBlob: true, webauthn:extension:minPinLength: true, webauthn:extension:prf: true, webauthn:virtualAuthenticators: true}
Session ID: c9114cad7740b4e63440e6938100c509
org.openqa.selenium.TimeoutException: Expected condition failed: waiting for visibility of element located by By.xpath: //input[@placeholder='Type your answer and press enter'] (tried for 10 second(s) with 500 milliseconds interval)
Build info: version: '4.33.0', revision: '2c6aaad03a'
System info: os.name: 'Windows 11', os.arch: 'amd64', os.version: '10.0', java.version: '23.0.2'
Driver info: org.openqa.selenium.chrome.ChromeDriver
Capabilities {acceptInsecureCerts: false, browserName: chrome, browserVersion: 138.0.7204.184, chrome: {chromedriverVersion: 138.0.7204.183 (e90faf484dd..., userDataDir: C:\Users\WIIS\AppData\Local...}, fedcm:accounts: true, goog:chromeOptions: {debuggerAddress: localhost:62672}, networkConnectionEnabled: false, pageLoadStrategy: normal, platformName: windows, proxy: Proxy(), se:cdp: ws://localhost:62672/devtoo..., se:cdpVersion: 138.0.7204.184, setWindowRect: true, strictFileInteractability: false, timeouts: {implicit: 0, pageLoad: 300000, script: 30000}, unhandledPromptBehavior: dismiss and notify, webauthn:extension:credBlob: true, webauthn:extension:largeBlob: true, webauthn:extension:minPinLength: true, webauthn:extension:prf: true, webauthn:virtualAuthenticators: true}
Session ID: c9114cad7740b4e63440e6938100c509
	at org.openqa.selenium.support.ui.WebDriverWait.timeoutException(WebDriverWait.java:84) ~[selenium-support-4.33.0.jar:?]
	at org.openqa.selenium.support.ui.FluentWait.until(FluentWait.java:228) ~[selenium-support-4.33.0.jar:?]
	at utility.WaitHelper.waitForVisibility(WaitHelper.java:22) ~[test-classes/:?]
	at page.Student_DashBoard_InnerChatBox.enter_main_learning_goal(Student_DashBoard_InnerChatBox.java:118) ~[test-classes/:?]
	at stepDefinition.InnerSignUp_Chat_Detail.user_enter_main_learning_goal(InnerSignUp_Chat_Detail.java:40) ~[test-classes/:?]
	at jdk.internal.reflect.DirectMethodHandleAccessor.invoke(DirectMethodHandleAccessor.java:103) ~[?:?]
	at java.lang.reflect.Method.invoke(Method.java:580) ~[?:?]
	at io.cucumber.java.Invoker.doInvoke(Invoker.java:66) ~[cucumber-java-7.23.0.jar:7.23.0]
	at io.cucumber.java.Invoker.invoke(Invoker.java:24) ~[cucumber-java-7.23.0.jar:7.23.0]
	at io.cucumber.java.AbstractGlueDefinition.invokeMethod(AbstractGlueDefinition.java:47) ~[cucumber-java-7.23.0.jar:7.23.0]
	at io.cucumber.java.JavaStepDefinition.execute(JavaStepDefinition.java:29) ~[cucumber-java-7.23.0.jar:7.23.0]
	at io.cucumber.core.runner.CoreStepDefinition.execute(CoreStepDefinition.java:66) ~[cucumber-core-7.23.0.jar:7.23.0]
	at io.cucumber.core.runner.PickleStepDefinitionMatch.runStep(PickleStepDefinitionMatch.java:62) ~[cucumber-core-7.23.0.jar:7.23.0]
	at io.cucumber.core.runner.ExecutionMode$1.execute(ExecutionMode.java:10) ~[cucumber-core-7.23.0.jar:7.23.0]
	at io.cucumber.core.runner.TestStep.executeStep(TestStep.java:81) ~[cucumber-core-7.23.0.jar:7.23.0]
	at io.cucumber.core.runner.TestStep.run(TestStep.java:53) ~[cucumber-core-7.23.0.jar:7.23.0]
	at io.cucumber.core.runner.PickleStepTestStep.run(PickleStepTestStep.java:51) ~[cucumber-core-7.23.0.jar:7.23.0]
	at io.cucumber.core.runner.TestCase.run(TestCase.java:86) ~[cucumber-core-7.23.0.jar:7.23.0]
	at io.cucumber.core.runner.Runner.runPickle(Runner.java:77) ~[cucumber-core-7.23.0.jar:7.23.0]
	at io.cucumber.junit.PickleRunners$NoStepDescriptions.lambda$run$0(PickleRunners.java:151) ~[cucumber-junit-7.23.0.jar:7.23.0]
	at io.cucumber.core.runtime.CucumberExecutionContext.lambda$runTestCase$5(CucumberExecutionContext.java:136) ~[cucumber-core-7.23.0.jar:7.23.0]
	at io.cucumber.core.runtime.RethrowingThrowableCollector.executeAndThrow(RethrowingThrowableCollector.java:23) ~[cucumber-core-7.23.0.jar:7.23.0]
	at io.cucumber.core.runtime.CucumberExecutionContext.runTestCase(CucumberExecutionContext.java:136) ~[cucumber-core-7.23.0.jar:7.23.0]
	at io.cucumber.junit.PickleRunners$NoStepDescriptions.run(PickleRunners.java:148) ~[cucumber-junit-7.23.0.jar:7.23.0]
	at io.cucumber.junit.FeatureRunner.runChild(FeatureRunner.java:144) ~[cucumber-junit-7.23.0.jar:7.23.0]
	at io.cucumber.junit.FeatureRunner.runChild(FeatureRunner.java:28) ~[cucumber-junit-7.23.0.jar:7.23.0]
	at org.junit.runners.ParentRunner$4.run(ParentRunner.java:331) ~[junit-4.13.2.jar:4.13.2]
	at org.junit.runners.ParentRunner$1.schedule(ParentRunner.java:79) ~[junit-4.13.2.jar:4.13.2]
	at org.junit.runners.ParentRunner.runChildren(ParentRunner.java:329) ~[junit-4.13.2.jar:4.13.2]
	at org.junit.runners.ParentRunner.access$100(ParentRunner.java:66) ~[junit-4.13.2.jar:4.13.2]
	at org.junit.runners.ParentRunner$2.evaluate(ParentRunner.java:293) ~[junit-4.13.2.jar:4.13.2]
	at org.junit.runners.ParentRunner$3.evaluate(ParentRunner.java:306) ~[junit-4.13.2.jar:4.13.2]
	at org.junit.runners.ParentRunner.run(ParentRunner.java:413) ~[junit-4.13.2.jar:4.13.2]
	at io.cucumber.junit.FeatureRunner.run(FeatureRunner.java:137) ~[cucumber-junit-7.23.0.jar:7.23.0]
	at io.cucumber.junit.Cucumber.runChild(Cucumber.java:199) ~[cucumber-junit-7.23.0.jar:7.23.0]
	at io.cucumber.junit.Cucumber.runChild(Cucumber.java:89) ~[cucumber-junit-7.23.0.jar:7.23.0]
	at org.junit.runners.ParentRunner$4.run(ParentRunner.java:331) ~[junit-4.13.2.jar:4.13.2]
	at org.junit.runners.ParentRunner$1.schedule(ParentRunner.java:79) ~[junit-4.13.2.jar:4.13.2]
	at org.junit.runners.ParentRunner.runChildren(ParentRunner.java:329) ~[junit-4.13.2.jar:4.13.2]
	at org.junit.runners.ParentRunner.access$100(ParentRunner.java:66) ~[junit-4.13.2.jar:4.13.2]
	at org.junit.runners.ParentRunner$2.evaluate(ParentRunner.java:293) ~[junit-4.13.2.jar:4.13.2]
	at io.cucumber.core.runtime.CucumberExecutionContext.lambda$runFeatures$6(CucumberExecutionContext.java:147) ~[cucumber-core-7.23.0.jar:7.23.0]
	at io.cucumber.core.runtime.CucumberExecutionContext.execute(CucumberExecutionContext.java:162) [cucumber-core-7.23.0.jar:7.23.0]
	at io.cucumber.core.runtime.CucumberExecutionContext.runFeatures(CucumberExecutionContext.java:145) [cucumber-core-7.23.0.jar:7.23.0]
	at io.cucumber.junit.Cucumber$StartAndFinishTestRun.evaluate(Cucumber.java:229) [cucumber-junit-7.23.0.jar:7.23.0]
	at org.junit.runners.ParentRunner$3.evaluate(ParentRunner.java:306) [junit-4.13.2.jar:4.13.2]
	at org.junit.runners.ParentRunner.run(ParentRunner.java:413) [junit-4.13.2.jar:4.13.2]
	at org.junit.runner.JUnitCore.run(JUnitCore.java:137) [junit-4.13.2.jar:4.13.2]
	at com.intellij.junit4.JUnit4IdeaTestRunner.startRunnerWithArgs(JUnit4IdeaTestRunner.java:69) [junit-rt.jar:?]
	at com.intellij.rt.junit.IdeaTestRunner$Repeater$1.execute(IdeaTestRunner.java:38) [junit-rt.jar:?]
	at com.intellij.rt.execution.junit.TestsRepeater.repeat(TestsRepeater.java:11) [idea_rt.jar:?]
	at com.intellij.rt.junit.IdeaTestRunner$Repeater.startRunnerWithArgs(IdeaTestRunner.java:35) [junit-rt.jar:?]
	at com.intellij.rt.junit.JUnitStarter.prepareStreamsAndStart(JUnitStarter.java:232) [junit-rt.jar:?]
	at com.intellij.rt.junit.JUnitStarter.main(JUnitStarter.java:55) [junit-rt.jar:?]
12:46:14.759 [main]INFO  page.Student_DashBoard_InnerChatBox - Selecting gender.
12:46:26.933 [main]ERROR page.Student_DashBoard_InnerChatBox - Failed to select gender: Expected condition failed: waiting for element to be clickable: By.xpath: //div[@class='css-19bb58m'] (tried for 10 second(s) with 500 milliseconds interval)
Build info: version: '4.33.0', revision: '2c6aaad03a'
System info: os.name: 'Windows 11', os.arch: 'amd64', os.version: '10.0', java.version: '23.0.2'
Driver info: org.openqa.selenium.chrome.ChromeDriver
Capabilities {acceptInsecureCerts: false, browserName: chrome, browserVersion: 138.0.7204.184, chrome: {chromedriverVersion: 138.0.7204.183 (e90faf484dd..., userDataDir: C:\Users\WIIS\AppData\Local...}, fedcm:accounts: true, goog:chromeOptions: {debuggerAddress: localhost:62672}, networkConnectionEnabled: false, pageLoadStrategy: normal, platformName: windows, proxy: Proxy(), se:cdp: ws://localhost:62672/devtoo..., se:cdpVersion: 138.0.7204.184, setWindowRect: true, strictFileInteractability: false, timeouts: {implicit: 0, pageLoad: 300000, script: 30000}, unhandledPromptBehavior: dismiss and notify, webauthn:extension:credBlob: true, webauthn:extension:largeBlob: true, webauthn:extension:minPinLength: true, webauthn:extension:prf: true, webauthn:virtualAuthenticators: true}
Session ID: c9114cad7740b4e63440e6938100c509
org.openqa.selenium.TimeoutException: Expected condition failed: waiting for element to be clickable: By.xpath: //div[@class='css-19bb58m'] (tried for 10 second(s) with 500 milliseconds interval)
Build info: version: '4.33.0', revision: '2c6aaad03a'
System info: os.name: 'Windows 11', os.arch: 'amd64', os.version: '10.0', java.version: '23.0.2'
Driver info: org.openqa.selenium.chrome.ChromeDriver
Capabilities {acceptInsecureCerts: false, browserName: chrome, browserVersion: 138.0.7204.184, chrome: {chromedriverVersion: 138.0.7204.183 (e90faf484dd..., userDataDir: C:\Users\WIIS\AppData\Local...}, fedcm:accounts: true, goog:chromeOptions: {debuggerAddress: localhost:62672}, networkConnectionEnabled: false, pageLoadStrategy: normal, platformName: windows, proxy: Proxy(), se:cdp: ws://localhost:62672/devtoo..., se:cdpVersion: 138.0.7204.184, setWindowRect: true, strictFileInteractability: false, timeouts: {implicit: 0, pageLoad: 300000, script: 30000}, unhandledPromptBehavior: dismiss and notify, webauthn:extension:credBlob: true, webauthn:extension:largeBlob: true, webauthn:extension:minPinLength: true, webauthn:extension:prf: true, webauthn:virtualAuthenticators: true}
Session ID: c9114cad7740b4e63440e6938100c509
	at org.openqa.selenium.support.ui.WebDriverWait.timeoutException(WebDriverWait.java:84) ~[selenium-support-4.33.0.jar:?]
	at org.openqa.selenium.support.ui.FluentWait.until(FluentWait.java:228) ~[selenium-support-4.33.0.jar:?]
	at utility.WaitHelper.waitForClickable(WaitHelper.java:28) ~[test-classes/:?]
	at page.Student_DashBoard_InnerChatBox.select_Gender(Student_DashBoard_InnerChatBox.java:136) ~[test-classes/:?]
	at stepDefinition.InnerSignUp_Chat_Detail.user_select_gender(InnerSignUp_Chat_Detail.java:45) ~[test-classes/:?]
	at jdk.internal.reflect.DirectMethodHandleAccessor.invoke(DirectMethodHandleAccessor.java:103) ~[?:?]
	at java.lang.reflect.Method.invoke(Method.java:580) ~[?:?]
	at io.cucumber.java.Invoker.doInvoke(Invoker.java:66) ~[cucumber-java-7.23.0.jar:7.23.0]
	at io.cucumber.java.Invoker.invoke(Invoker.java:24) ~[cucumber-java-7.23.0.jar:7.23.0]
	at io.cucumber.java.AbstractGlueDefinition.invokeMethod(AbstractGlueDefinition.java:47) ~[cucumber-java-7.23.0.jar:7.23.0]
	at io.cucumber.java.JavaStepDefinition.execute(JavaStepDefinition.java:29) ~[cucumber-java-7.23.0.jar:7.23.0]
	at io.cucumber.core.runner.CoreStepDefinition.execute(CoreStepDefinition.java:66) ~[cucumber-core-7.23.0.jar:7.23.0]
	at io.cucumber.core.runner.PickleStepDefinitionMatch.runStep(PickleStepDefinitionMatch.java:62) ~[cucumber-core-7.23.0.jar:7.23.0]
	at io.cucumber.core.runner.ExecutionMode$1.execute(ExecutionMode.java:10) ~[cucumber-core-7.23.0.jar:7.23.0]
	at io.cucumber.core.runner.TestStep.executeStep(TestStep.java:81) ~[cucumber-core-7.23.0.jar:7.23.0]
	at io.cucumber.core.runner.TestStep.run(TestStep.java:53) ~[cucumber-core-7.23.0.jar:7.23.0]
	at io.cucumber.core.runner.PickleStepTestStep.run(PickleStepTestStep.java:51) ~[cucumber-core-7.23.0.jar:7.23.0]
	at io.cucumber.core.runner.TestCase.run(TestCase.java:86) ~[cucumber-core-7.23.0.jar:7.23.0]
	at io.cucumber.core.runner.Runner.runPickle(Runner.java:77) ~[cucumber-core-7.23.0.jar:7.23.0]
	at io.cucumber.junit.PickleRunners$NoStepDescriptions.lambda$run$0(PickleRunners.java:151) ~[cucumber-junit-7.23.0.jar:7.23.0]
	at io.cucumber.core.runtime.CucumberExecutionContext.lambda$runTestCase$5(CucumberExecutionContext.java:136) ~[cucumber-core-7.23.0.jar:7.23.0]
	at io.cucumber.core.runtime.RethrowingThrowableCollector.executeAndThrow(RethrowingThrowableCollector.java:23) ~[cucumber-core-7.23.0.jar:7.23.0]
	at io.cucumber.core.runtime.CucumberExecutionContext.runTestCase(CucumberExecutionContext.java:136) ~[cucumber-core-7.23.0.jar:7.23.0]
	at io.cucumber.junit.PickleRunners$NoStepDescriptions.run(PickleRunners.java:148) ~[cucumber-junit-7.23.0.jar:7.23.0]
	at io.cucumber.junit.FeatureRunner.runChild(FeatureRunner.java:144) ~[cucumber-junit-7.23.0.jar:7.23.0]
	at io.cucumber.junit.FeatureRunner.runChild(FeatureRunner.java:28) ~[cucumber-junit-7.23.0.jar:7.23.0]
	at org.junit.runners.ParentRunner$4.run(ParentRunner.java:331) ~[junit-4.13.2.jar:4.13.2]
	at org.junit.runners.ParentRunner$1.schedule(ParentRunner.java:79) ~[junit-4.13.2.jar:4.13.2]
	at org.junit.runners.ParentRunner.runChildren(ParentRunner.java:329) ~[junit-4.13.2.jar:4.13.2]
	at org.junit.runners.ParentRunner.access$100(ParentRunner.java:66) ~[junit-4.13.2.jar:4.13.2]
	at org.junit.runners.ParentRunner$2.evaluate(ParentRunner.java:293) ~[junit-4.13.2.jar:4.13.2]
	at org.junit.runners.ParentRunner$3.evaluate(ParentRunner.java:306) ~[junit-4.13.2.jar:4.13.2]
	at org.junit.runners.ParentRunner.run(ParentRunner.java:413) ~[junit-4.13.2.jar:4.13.2]
	at io.cucumber.junit.FeatureRunner.run(FeatureRunner.java:137) ~[cucumber-junit-7.23.0.jar:7.23.0]
	at io.cucumber.junit.Cucumber.runChild(Cucumber.java:199) ~[cucumber-junit-7.23.0.jar:7.23.0]
	at io.cucumber.junit.Cucumber.runChild(Cucumber.java:89) ~[cucumber-junit-7.23.0.jar:7.23.0]
	at org.junit.runners.ParentRunner$4.run(ParentRunner.java:331) ~[junit-4.13.2.jar:4.13.2]
	at org.junit.runners.ParentRunner$1.schedule(ParentRunner.java:79) ~[junit-4.13.2.jar:4.13.2]
	at org.junit.runners.ParentRunner.runChildren(ParentRunner.java:329) ~[junit-4.13.2.jar:4.13.2]
	at org.junit.runners.ParentRunner.access$100(ParentRunner.java:66) ~[junit-4.13.2.jar:4.13.2]
	at org.junit.runners.ParentRunner$2.evaluate(ParentRunner.java:293) ~[junit-4.13.2.jar:4.13.2]
	at io.cucumber.core.runtime.CucumberExecutionContext.lambda$runFeatures$6(CucumberExecutionContext.java:147) ~[cucumber-core-7.23.0.jar:7.23.0]
	at io.cucumber.core.runtime.CucumberExecutionContext.execute(CucumberExecutionContext.java:162) [cucumber-core-7.23.0.jar:7.23.0]
	at io.cucumber.core.runtime.CucumberExecutionContext.runFeatures(CucumberExecutionContext.java:145) [cucumber-core-7.23.0.jar:7.23.0]
	at io.cucumber.junit.Cucumber$StartAndFinishTestRun.evaluate(Cucumber.java:229) [cucumber-junit-7.23.0.jar:7.23.0]
	at org.junit.runners.ParentRunner$3.evaluate(ParentRunner.java:306) [junit-4.13.2.jar:4.13.2]
	at org.junit.runners.ParentRunner.run(ParentRunner.java:413) [junit-4.13.2.jar:4.13.2]
	at org.junit.runner.JUnitCore.run(JUnitCore.java:137) [junit-4.13.2.jar:4.13.2]
	at com.intellij.junit4.JUnit4IdeaTestRunner.startRunnerWithArgs(JUnit4IdeaTestRunner.java:69) [junit-rt.jar:?]
	at com.intellij.rt.junit.IdeaTestRunner$Repeater$1.execute(IdeaTestRunner.java:38) [junit-rt.jar:?]
	at com.intellij.rt.execution.junit.TestsRepeater.repeat(TestsRepeater.java:11) [idea_rt.jar:?]
	at com.intellij.rt.junit.IdeaTestRunner$Repeater.startRunnerWithArgs(IdeaTestRunner.java:35) [junit-rt.jar:?]
	at com.intellij.rt.junit.JUnitStarter.prepareStreamsAndStart(JUnitStarter.java:232) [junit-rt.jar:?]
	at com.intellij.rt.junit.JUnitStarter.main(JUnitStarter.java:55) [junit-rt.jar:?]
12:46:27.174 [main]INFO  page.Student_DashBoard_InnerChatBox - Entering mother's name: Shari Cll
12:46:37.265 [main]ERROR page.Student_DashBoard_InnerChatBox - Failed to enter mother's name: Expected condition failed: waiting for visibility of element located by By.xpath: //input[@placeholder='Type your answer and press enter'] (tried for 10 second(s) with 500 milliseconds interval)
Build info: version: '4.33.0', revision: '2c6aaad03a'
System info: os.name: 'Windows 11', os.arch: 'amd64', os.version: '10.0', java.version: '23.0.2'
Driver info: org.openqa.selenium.chrome.ChromeDriver
Capabilities {acceptInsecureCerts: false, browserName: chrome, browserVersion: 138.0.7204.184, chrome: {chromedriverVersion: 138.0.7204.183 (e90faf484dd..., userDataDir: C:\Users\WIIS\AppData\Local...}, fedcm:accounts: true, goog:chromeOptions: {debuggerAddress: localhost:62672}, networkConnectionEnabled: false, pageLoadStrategy: normal, platformName: windows, proxy: Proxy(), se:cdp: ws://localhost:62672/devtoo..., se:cdpVersion: 138.0.7204.184, setWindowRect: true, strictFileInteractability: false, timeouts: {implicit: 0, pageLoad: 300000, script: 30000}, unhandledPromptBehavior: dismiss and notify, webauthn:extension:credBlob: true, webauthn:extension:largeBlob: true, webauthn:extension:minPinLength: true, webauthn:extension:prf: true, webauthn:virtualAuthenticators: true}
Session ID: c9114cad7740b4e63440e6938100c509
org.openqa.selenium.TimeoutException: Expected condition failed: waiting for visibility of element located by By.xpath: //input[@placeholder='Type your answer and press enter'] (tried for 10 second(s) with 500 milliseconds interval)
Build info: version: '4.33.0', revision: '2c6aaad03a'
System info: os.name: 'Windows 11', os.arch: 'amd64', os.version: '10.0', java.version: '23.0.2'
Driver info: org.openqa.selenium.chrome.ChromeDriver
Capabilities {acceptInsecureCerts: false, browserName: chrome, browserVersion: 138.0.7204.184, chrome: {chromedriverVersion: 138.0.7204.183 (e90faf484dd..., userDataDir: C:\Users\WIIS\AppData\Local...}, fedcm:accounts: true, goog:chromeOptions: {debuggerAddress: localhost:62672}, networkConnectionEnabled: false, pageLoadStrategy: normal, platformName: windows, proxy: Proxy(), se:cdp: ws://localhost:62672/devtoo..., se:cdpVersion: 138.0.7204.184, setWindowRect: true, strictFileInteractability: false, timeouts: {implicit: 0, pageLoad: 300000, script: 30000}, unhandledPromptBehavior: dismiss and notify, webauthn:extension:credBlob: true, webauthn:extension:largeBlob: true, webauthn:extension:minPinLength: true, webauthn:extension:prf: true, webauthn:virtualAuthenticators: true}
Session ID: c9114cad7740b4e63440e6938100c509
	at org.openqa.selenium.support.ui.WebDriverWait.timeoutException(WebDriverWait.java:84) ~[selenium-support-4.33.0.jar:?]
	at org.openqa.selenium.support.ui.FluentWait.until(FluentWait.java:228) ~[selenium-support-4.33.0.jar:?]
	at utility.WaitHelper.waitForVisibility(WaitHelper.java:22) ~[test-classes/:?]
	at page.Student_DashBoard_InnerChatBox.enter_Mother_Name(Student_DashBoard_InnerChatBox.java:158) ~[test-classes/:?]
	at stepDefinition.InnerSignUp_Chat_Detail.user_enter_your_mother_name(InnerSignUp_Chat_Detail.java:50) ~[test-classes/:?]
	at jdk.internal.reflect.DirectMethodHandleAccessor.invoke(DirectMethodHandleAccessor.java:103) ~[?:?]
	at java.lang.reflect.Method.invoke(Method.java:580) ~[?:?]
	at io.cucumber.java.Invoker.doInvoke(Invoker.java:66) ~[cucumber-java-7.23.0.jar:7.23.0]
	at io.cucumber.java.Invoker.invoke(Invoker.java:24) ~[cucumber-java-7.23.0.jar:7.23.0]
	at io.cucumber.java.AbstractGlueDefinition.invokeMethod(AbstractGlueDefinition.java:47) ~[cucumber-java-7.23.0.jar:7.23.0]
	at io.cucumber.java.JavaStepDefinition.execute(JavaStepDefinition.java:29) ~[cucumber-java-7.23.0.jar:7.23.0]
	at io.cucumber.core.runner.CoreStepDefinition.execute(CoreStepDefinition.java:66) ~[cucumber-core-7.23.0.jar:7.23.0]
	at io.cucumber.core.runner.PickleStepDefinitionMatch.runStep(PickleStepDefinitionMatch.java:62) ~[cucumber-core-7.23.0.jar:7.23.0]
	at io.cucumber.core.runner.ExecutionMode$1.execute(ExecutionMode.java:10) ~[cucumber-core-7.23.0.jar:7.23.0]
	at io.cucumber.core.runner.TestStep.executeStep(TestStep.java:81) ~[cucumber-core-7.23.0.jar:7.23.0]
	at io.cucumber.core.runner.TestStep.run(TestStep.java:53) ~[cucumber-core-7.23.0.jar:7.23.0]
	at io.cucumber.core.runner.PickleStepTestStep.run(PickleStepTestStep.java:51) ~[cucumber-core-7.23.0.jar:7.23.0]
	at io.cucumber.core.runner.TestCase.run(TestCase.java:86) ~[cucumber-core-7.23.0.jar:7.23.0]
	at io.cucumber.core.runner.Runner.runPickle(Runner.java:77) ~[cucumber-core-7.23.0.jar:7.23.0]
	at io.cucumber.junit.PickleRunners$NoStepDescriptions.lambda$run$0(PickleRunners.java:151) ~[cucumber-junit-7.23.0.jar:7.23.0]
	at io.cucumber.core.runtime.CucumberExecutionContext.lambda$runTestCase$5(CucumberExecutionContext.java:136) ~[cucumber-core-7.23.0.jar:7.23.0]
	at io.cucumber.core.runtime.RethrowingThrowableCollector.executeAndThrow(RethrowingThrowableCollector.java:23) ~[cucumber-core-7.23.0.jar:7.23.0]
	at io.cucumber.core.runtime.CucumberExecutionContext.runTestCase(CucumberExecutionContext.java:136) ~[cucumber-core-7.23.0.jar:7.23.0]
	at io.cucumber.junit.PickleRunners$NoStepDescriptions.run(PickleRunners.java:148) ~[cucumber-junit-7.23.0.jar:7.23.0]
	at io.cucumber.junit.FeatureRunner.runChild(FeatureRunner.java:144) ~[cucumber-junit-7.23.0.jar:7.23.0]
	at io.cucumber.junit.FeatureRunner.runChild(FeatureRunner.java:28) ~[cucumber-junit-7.23.0.jar:7.23.0]
	at org.junit.runners.ParentRunner$4.run(ParentRunner.java:331) ~[junit-4.13.2.jar:4.13.2]
	at org.junit.runners.ParentRunner$1.schedule(ParentRunner.java:79) ~[junit-4.13.2.jar:4.13.2]
	at org.junit.runners.ParentRunner.runChildren(ParentRunner.java:329) ~[junit-4.13.2.jar:4.13.2]
	at org.junit.runners.ParentRunner.access$100(ParentRunner.java:66) ~[junit-4.13.2.jar:4.13.2]
	at org.junit.runners.ParentRunner$2.evaluate(ParentRunner.java:293) ~[junit-4.13.2.jar:4.13.2]
	at org.junit.runners.ParentRunner$3.evaluate(ParentRunner.java:306) ~[junit-4.13.2.jar:4.13.2]
	at org.junit.runners.ParentRunner.run(ParentRunner.java:413) ~[junit-4.13.2.jar:4.13.2]
	at io.cucumber.junit.FeatureRunner.run(FeatureRunner.java:137) ~[cucumber-junit-7.23.0.jar:7.23.0]
	at io.cucumber.junit.Cucumber.runChild(Cucumber.java:199) ~[cucumber-junit-7.23.0.jar:7.23.0]
	at io.cucumber.junit.Cucumber.runChild(Cucumber.java:89) ~[cucumber-junit-7.23.0.jar:7.23.0]
	at org.junit.runners.ParentRunner$4.run(ParentRunner.java:331) ~[junit-4.13.2.jar:4.13.2]
	at org.junit.runners.ParentRunner$1.schedule(ParentRunner.java:79) ~[junit-4.13.2.jar:4.13.2]
	at org.junit.runners.ParentRunner.runChildren(ParentRunner.java:329) ~[junit-4.13.2.jar:4.13.2]
	at org.junit.runners.ParentRunner.access$100(ParentRunner.java:66) ~[junit-4.13.2.jar:4.13.2]
	at org.junit.runners.ParentRunner$2.evaluate(ParentRunner.java:293) ~[junit-4.13.2.jar:4.13.2]
	at io.cucumber.core.runtime.CucumberExecutionContext.lambda$runFeatures$6(CucumberExecutionContext.java:147) ~[cucumber-core-7.23.0.jar:7.23.0]
	at io.cucumber.core.runtime.CucumberExecutionContext.execute(CucumberExecutionContext.java:162) [cucumber-core-7.23.0.jar:7.23.0]
	at io.cucumber.core.runtime.CucumberExecutionContext.runFeatures(CucumberExecutionContext.java:145) [cucumber-core-7.23.0.jar:7.23.0]
	at io.cucumber.junit.Cucumber$StartAndFinishTestRun.evaluate(Cucumber.java:229) [cucumber-junit-7.23.0.jar:7.23.0]
	at org.junit.runners.ParentRunner$3.evaluate(ParentRunner.java:306) [junit-4.13.2.jar:4.13.2]
	at org.junit.runners.ParentRunner.run(ParentRunner.java:413) [junit-4.13.2.jar:4.13.2]
	at org.junit.runner.JUnitCore.run(JUnitCore.java:137) [junit-4.13.2.jar:4.13.2]
	at com.intellij.junit4.JUnit4IdeaTestRunner.startRunnerWithArgs(JUnit4IdeaTestRunner.java:69) [junit-rt.jar:?]
	at com.intellij.rt.junit.IdeaTestRunner$Repeater$1.execute(IdeaTestRunner.java:38) [junit-rt.jar:?]
	at com.intellij.rt.execution.junit.TestsRepeater.repeat(TestsRepeater.java:11) [idea_rt.jar:?]
	at com.intellij.rt.junit.IdeaTestRunner$Repeater.startRunnerWithArgs(IdeaTestRunner.java:35) [junit-rt.jar:?]
	at com.intellij.rt.junit.JUnitStarter.prepareStreamsAndStart(JUnitStarter.java:232) [junit-rt.jar:?]
	at com.intellij.rt.junit.JUnitStarter.main(JUnitStarter.java:55) [junit-rt.jar:?]
12:46:37.418 [main]INFO  page.Student_DashBoard_InnerChatBox - Entering father's name: lJith
12:46:47.437 [main]ERROR page.Student_DashBoard_InnerChatBox - Failed to enter father's name: Expected condition failed: waiting for visibility of element located by By.xpath: //input[@placeholder='Type your answer and press enter'] (tried for 10 second(s) with 500 milliseconds interval)
Build info: version: '4.33.0', revision: '2c6aaad03a'
System info: os.name: 'Windows 11', os.arch: 'amd64', os.version: '10.0', java.version: '23.0.2'
Driver info: org.openqa.selenium.chrome.ChromeDriver
Capabilities {acceptInsecureCerts: false, browserName: chrome, browserVersion: 138.0.7204.184, chrome: {chromedriverVersion: 138.0.7204.183 (e90faf484dd..., userDataDir: C:\Users\WIIS\AppData\Local...}, fedcm:accounts: true, goog:chromeOptions: {debuggerAddress: localhost:62672}, networkConnectionEnabled: false, pageLoadStrategy: normal, platformName: windows, proxy: Proxy(), se:cdp: ws://localhost:62672/devtoo..., se:cdpVersion: 138.0.7204.184, setWindowRect: true, strictFileInteractability: false, timeouts: {implicit: 0, pageLoad: 300000, script: 30000}, unhandledPromptBehavior: dismiss and notify, webauthn:extension:credBlob: true, webauthn:extension:largeBlob: true, webauthn:extension:minPinLength: true, webauthn:extension:prf: true, webauthn:virtualAuthenticators: true}
Session ID: c9114cad7740b4e63440e6938100c509
org.openqa.selenium.TimeoutException: Expected condition failed: waiting for visibility of element located by By.xpath: //input[@placeholder='Type your answer and press enter'] (tried for 10 second(s) with 500 milliseconds interval)
Build info: version: '4.33.0', revision: '2c6aaad03a'
System info: os.name: 'Windows 11', os.arch: 'amd64', os.version: '10.0', java.version: '23.0.2'
Driver info: org.openqa.selenium.chrome.ChromeDriver
Capabilities {acceptInsecureCerts: false, browserName: chrome, browserVersion: 138.0.7204.184, chrome: {chromedriverVersion: 138.0.7204.183 (e90faf484dd..., userDataDir: C:\Users\WIIS\AppData\Local...}, fedcm:accounts: true, goog:chromeOptions: {debuggerAddress: localhost:62672}, networkConnectionEnabled: false, pageLoadStrategy: normal, platformName: windows, proxy: Proxy(), se:cdp: ws://localhost:62672/devtoo..., se:cdpVersion: 138.0.7204.184, setWindowRect: true, strictFileInteractability: false, timeouts: {implicit: 0, pageLoad: 300000, script: 30000}, unhandledPromptBehavior: dismiss and notify, webauthn:extension:credBlob: true, webauthn:extension:largeBlob: true, webauthn:extension:minPinLength: true, webauthn:extension:prf: true, webauthn:virtualAuthenticators: true}
Session ID: c9114cad7740b4e63440e6938100c509
	at org.openqa.selenium.support.ui.WebDriverWait.timeoutException(WebDriverWait.java:84) ~[selenium-support-4.33.0.jar:?]
	at org.openqa.selenium.support.ui.FluentWait.until(FluentWait.java:228) ~[selenium-support-4.33.0.jar:?]
	at utility.WaitHelper.waitForVisibility(WaitHelper.java:22) ~[test-classes/:?]
	at page.Student_DashBoard_InnerChatBox.enter_Father_Name(Student_DashBoard_InnerChatBox.java:176) ~[test-classes/:?]
	at stepDefinition.InnerSignUp_Chat_Detail.user_enter_your_father_name(InnerSignUp_Chat_Detail.java:55) ~[test-classes/:?]
	at jdk.internal.reflect.DirectMethodHandleAccessor.invoke(DirectMethodHandleAccessor.java:103) ~[?:?]
	at java.lang.reflect.Method.invoke(Method.java:580) ~[?:?]
	at io.cucumber.java.Invoker.doInvoke(Invoker.java:66) ~[cucumber-java-7.23.0.jar:7.23.0]
	at io.cucumber.java.Invoker.invoke(Invoker.java:24) ~[cucumber-java-7.23.0.jar:7.23.0]
	at io.cucumber.java.AbstractGlueDefinition.invokeMethod(AbstractGlueDefinition.java:47) ~[cucumber-java-7.23.0.jar:7.23.0]
	at io.cucumber.java.JavaStepDefinition.execute(JavaStepDefinition.java:29) ~[cucumber-java-7.23.0.jar:7.23.0]
	at io.cucumber.core.runner.CoreStepDefinition.execute(CoreStepDefinition.java:66) ~[cucumber-core-7.23.0.jar:7.23.0]
	at io.cucumber.core.runner.PickleStepDefinitionMatch.runStep(PickleStepDefinitionMatch.java:62) ~[cucumber-core-7.23.0.jar:7.23.0]
	at io.cucumber.core.runner.ExecutionMode$1.execute(ExecutionMode.java:10) ~[cucumber-core-7.23.0.jar:7.23.0]
	at io.cucumber.core.runner.TestStep.executeStep(TestStep.java:81) ~[cucumber-core-7.23.0.jar:7.23.0]
	at io.cucumber.core.runner.TestStep.run(TestStep.java:53) ~[cucumber-core-7.23.0.jar:7.23.0]
	at io.cucumber.core.runner.PickleStepTestStep.run(PickleStepTestStep.java:51) ~[cucumber-core-7.23.0.jar:7.23.0]
	at io.cucumber.core.runner.TestCase.run(TestCase.java:86) ~[cucumber-core-7.23.0.jar:7.23.0]
	at io.cucumber.core.runner.Runner.runPickle(Runner.java:77) ~[cucumber-core-7.23.0.jar:7.23.0]
	at io.cucumber.junit.PickleRunners$NoStepDescriptions.lambda$run$0(PickleRunners.java:151) ~[cucumber-junit-7.23.0.jar:7.23.0]
	at io.cucumber.core.runtime.CucumberExecutionContext.lambda$runTestCase$5(CucumberExecutionContext.java:136) ~[cucumber-core-7.23.0.jar:7.23.0]
	at io.cucumber.core.runtime.RethrowingThrowableCollector.executeAndThrow(RethrowingThrowableCollector.java:23) ~[cucumber-core-7.23.0.jar:7.23.0]
	at io.cucumber.core.runtime.CucumberExecutionContext.runTestCase(CucumberExecutionContext.java:136) ~[cucumber-core-7.23.0.jar:7.23.0]
	at io.cucumber.junit.PickleRunners$NoStepDescriptions.run(PickleRunners.java:148) ~[cucumber-junit-7.23.0.jar:7.23.0]
	at io.cucumber.junit.FeatureRunner.runChild(FeatureRunner.java:144) ~[cucumber-junit-7.23.0.jar:7.23.0]
	at io.cucumber.junit.FeatureRunner.runChild(FeatureRunner.java:28) ~[cucumber-junit-7.23.0.jar:7.23.0]
	at org.junit.runners.ParentRunner$4.run(ParentRunner.java:331) ~[junit-4.13.2.jar:4.13.2]
	at org.junit.runners.ParentRunner$1.schedule(ParentRunner.java:79) ~[junit-4.13.2.jar:4.13.2]
	at org.junit.runners.ParentRunner.runChildren(ParentRunner.java:329) ~[junit-4.13.2.jar:4.13.2]
	at org.junit.runners.ParentRunner.access$100(ParentRunner.java:66) ~[junit-4.13.2.jar:4.13.2]
	at org.junit.runners.ParentRunner$2.evaluate(ParentRunner.java:293) ~[junit-4.13.2.jar:4.13.2]
	at org.junit.runners.ParentRunner$3.evaluate(ParentRunner.java:306) ~[junit-4.13.2.jar:4.13.2]
	at org.junit.runners.ParentRunner.run(ParentRunner.java:413) ~[junit-4.13.2.jar:4.13.2]
	at io.cucumber.junit.FeatureRunner.run(FeatureRunner.java:137) ~[cucumber-junit-7.23.0.jar:7.23.0]
	at io.cucumber.junit.Cucumber.runChild(Cucumber.java:199) ~[cucumber-junit-7.23.0.jar:7.23.0]
	at io.cucumber.junit.Cucumber.runChild(Cucumber.java:89) ~[cucumber-junit-7.23.0.jar:7.23.0]
	at org.junit.runners.ParentRunner$4.run(ParentRunner.java:331) ~[junit-4.13.2.jar:4.13.2]
	at org.junit.runners.ParentRunner$1.schedule(ParentRunner.java:79) ~[junit-4.13.2.jar:4.13.2]
	at org.junit.runners.ParentRunner.runChildren(ParentRunner.java:329) ~[junit-4.13.2.jar:4.13.2]
	at org.junit.runners.ParentRunner.access$100(ParentRunner.java:66) ~[junit-4.13.2.jar:4.13.2]
	at org.junit.runners.ParentRunner$2.evaluate(ParentRunner.java:293) ~[junit-4.13.2.jar:4.13.2]
	at io.cucumber.core.runtime.CucumberExecutionContext.lambda$runFeatures$6(CucumberExecutionContext.java:147) ~[cucumber-core-7.23.0.jar:7.23.0]
	at io.cucumber.core.runtime.CucumberExecutionContext.execute(CucumberExecutionContext.java:162) [cucumber-core-7.23.0.jar:7.23.0]
	at io.cucumber.core.runtime.CucumberExecutionContext.runFeatures(CucumberExecutionContext.java:145) [cucumber-core-7.23.0.jar:7.23.0]
	at io.cucumber.junit.Cucumber$StartAndFinishTestRun.evaluate(Cucumber.java:229) [cucumber-junit-7.23.0.jar:7.23.0]
	at org.junit.runners.ParentRunner$3.evaluate(ParentRunner.java:306) [junit-4.13.2.jar:4.13.2]
	at org.junit.runners.ParentRunner.run(ParentRunner.java:413) [junit-4.13.2.jar:4.13.2]
	at org.junit.runner.JUnitCore.run(JUnitCore.java:137) [junit-4.13.2.jar:4.13.2]
	at com.intellij.junit4.JUnit4IdeaTestRunner.startRunnerWithArgs(JUnit4IdeaTestRunner.java:69) [junit-rt.jar:?]
	at com.intellij.rt.junit.IdeaTestRunner$Repeater$1.execute(IdeaTestRunner.java:38) [junit-rt.jar:?]
	at com.intellij.rt.execution.junit.TestsRepeater.repeat(TestsRepeater.java:11) [idea_rt.jar:?]
	at com.intellij.rt.junit.IdeaTestRunner$Repeater.startRunnerWithArgs(IdeaTestRunner.java:35) [junit-rt.jar:?]
	at com.intellij.rt.junit.JUnitStarter.prepareStreamsAndStart(JUnitStarter.java:232) [junit-rt.jar:?]
	at com.intellij.rt.junit.JUnitStarter.main(JUnitStarter.java:55) [junit-rt.jar:?]
12:46:47.645 [main]INFO  page.Student_DashBoard_InnerChatBox - Entering guardian's name: Sharafudeen SP
12:46:57.694 [main]ERROR page.Student_DashBoard_InnerChatBox - Failed to enter guardian's name: Expected condition failed: waiting for visibility of element located by By.xpath: //input[@placeholder='Type your answer and press enter'] (tried for 10 second(s) with 500 milliseconds interval)
Build info: version: '4.33.0', revision: '2c6aaad03a'
System info: os.name: 'Windows 11', os.arch: 'amd64', os.version: '10.0', java.version: '23.0.2'
Driver info: org.openqa.selenium.chrome.ChromeDriver
Capabilities {acceptInsecureCerts: false, browserName: chrome, browserVersion: 138.0.7204.184, chrome: {chromedriverVersion: 138.0.7204.183 (e90faf484dd..., userDataDir: C:\Users\WIIS\AppData\Local...}, fedcm:accounts: true, goog:chromeOptions: {debuggerAddress: localhost:62672}, networkConnectionEnabled: false, pageLoadStrategy: normal, platformName: windows, proxy: Proxy(), se:cdp: ws://localhost:62672/devtoo..., se:cdpVersion: 138.0.7204.184, setWindowRect: true, strictFileInteractability: false, timeouts: {implicit: 0, pageLoad: 300000, script: 30000}, unhandledPromptBehavior: dismiss and notify, webauthn:extension:credBlob: true, webauthn:extension:largeBlob: true, webauthn:extension:minPinLength: true, webauthn:extension:prf: true, webauthn:virtualAuthenticators: true}
Session ID: c9114cad7740b4e63440e6938100c509
org.openqa.selenium.TimeoutException: Expected condition failed: waiting for visibility of element located by By.xpath: //input[@placeholder='Type your answer and press enter'] (tried for 10 second(s) with 500 milliseconds interval)
Build info: version: '4.33.0', revision: '2c6aaad03a'
System info: os.name: 'Windows 11', os.arch: 'amd64', os.version: '10.0', java.version: '23.0.2'
Driver info: org.openqa.selenium.chrome.ChromeDriver
Capabilities {acceptInsecureCerts: false, browserName: chrome, browserVersion: 138.0.7204.184, chrome: {chromedriverVersion: 138.0.7204.183 (e90faf484dd..., userDataDir: C:\Users\WIIS\AppData\Local...}, fedcm:accounts: true, goog:chromeOptions: {debuggerAddress: localhost:62672}, networkConnectionEnabled: false, pageLoadStrategy: normal, platformName: windows, proxy: Proxy(), se:cdp: ws://localhost:62672/devtoo..., se:cdpVersion: 138.0.7204.184, setWindowRect: true, strictFileInteractability: false, timeouts: {implicit: 0, pageLoad: 300000, script: 30000}, unhandledPromptBehavior: dismiss and notify, webauthn:extension:credBlob: true, webauthn:extension:largeBlob: true, webauthn:extension:minPinLength: true, webauthn:extension:prf: true, webauthn:virtualAuthenticators: true}
Session ID: c9114cad7740b4e63440e6938100c509
	at org.openqa.selenium.support.ui.WebDriverWait.timeoutException(WebDriverWait.java:84) ~[selenium-support-4.33.0.jar:?]
	at org.openqa.selenium.support.ui.FluentWait.until(FluentWait.java:228) ~[selenium-support-4.33.0.jar:?]
	at utility.WaitHelper.waitForVisibility(WaitHelper.java:22) ~[test-classes/:?]
	at page.Student_DashBoard_InnerChatBox.enter_Quardian_Name(Student_DashBoard_InnerChatBox.java:194) ~[test-classes/:?]
	at stepDefinition.InnerSignUp_Chat_Detail.user_enter_your_quardian_name(InnerSignUp_Chat_Detail.java:60) ~[test-classes/:?]
	at jdk.internal.reflect.DirectMethodHandleAccessor.invoke(DirectMethodHandleAccessor.java:103) ~[?:?]
	at java.lang.reflect.Method.invoke(Method.java:580) ~[?:?]
	at io.cucumber.java.Invoker.doInvoke(Invoker.java:66) ~[cucumber-java-7.23.0.jar:7.23.0]
	at io.cucumber.java.Invoker.invoke(Invoker.java:24) ~[cucumber-java-7.23.0.jar:7.23.0]
	at io.cucumber.java.AbstractGlueDefinition.invokeMethod(AbstractGlueDefinition.java:47) ~[cucumber-java-7.23.0.jar:7.23.0]
	at io.cucumber.java.JavaStepDefinition.execute(JavaStepDefinition.java:29) ~[cucumber-java-7.23.0.jar:7.23.0]
	at io.cucumber.core.runner.CoreStepDefinition.execute(CoreStepDefinition.java:66) ~[cucumber-core-7.23.0.jar:7.23.0]
	at io.cucumber.core.runner.PickleStepDefinitionMatch.runStep(PickleStepDefinitionMatch.java:62) ~[cucumber-core-7.23.0.jar:7.23.0]
	at io.cucumber.core.runner.ExecutionMode$1.execute(ExecutionMode.java:10) ~[cucumber-core-7.23.0.jar:7.23.0]
	at io.cucumber.core.runner.TestStep.executeStep(TestStep.java:81) ~[cucumber-core-7.23.0.jar:7.23.0]
	at io.cucumber.core.runner.TestStep.run(TestStep.java:53) ~[cucumber-core-7.23.0.jar:7.23.0]
	at io.cucumber.core.runner.PickleStepTestStep.run(PickleStepTestStep.java:51) ~[cucumber-core-7.23.0.jar:7.23.0]
	at io.cucumber.core.runner.TestCase.run(TestCase.java:86) ~[cucumber-core-7.23.0.jar:7.23.0]
	at io.cucumber.core.runner.Runner.runPickle(Runner.java:77) ~[cucumber-core-7.23.0.jar:7.23.0]
	at io.cucumber.junit.PickleRunners$NoStepDescriptions.lambda$run$0(PickleRunners.java:151) ~[cucumber-junit-7.23.0.jar:7.23.0]
	at io.cucumber.core.runtime.CucumberExecutionContext.lambda$runTestCase$5(CucumberExecutionContext.java:136) ~[cucumber-core-7.23.0.jar:7.23.0]
	at io.cucumber.core.runtime.RethrowingThrowableCollector.executeAndThrow(RethrowingThrowableCollector.java:23) ~[cucumber-core-7.23.0.jar:7.23.0]
	at io.cucumber.core.runtime.CucumberExecutionContext.runTestCase(CucumberExecutionContext.java:136) ~[cucumber-core-7.23.0.jar:7.23.0]
	at io.cucumber.junit.PickleRunners$NoStepDescriptions.run(PickleRunners.java:148) ~[cucumber-junit-7.23.0.jar:7.23.0]
	at io.cucumber.junit.FeatureRunner.runChild(FeatureRunner.java:144) ~[cucumber-junit-7.23.0.jar:7.23.0]
	at io.cucumber.junit.FeatureRunner.runChild(FeatureRunner.java:28) ~[cucumber-junit-7.23.0.jar:7.23.0]
	at org.junit.runners.ParentRunner$4.run(ParentRunner.java:331) ~[junit-4.13.2.jar:4.13.2]
	at org.junit.runners.ParentRunner$1.schedule(ParentRunner.java:79) ~[junit-4.13.2.jar:4.13.2]
	at org.junit.runners.ParentRunner.runChildren(ParentRunner.java:329) ~[junit-4.13.2.jar:4.13.2]
	at org.junit.runners.ParentRunner.access$100(ParentRunner.java:66) ~[junit-4.13.2.jar:4.13.2]
	at org.junit.runners.ParentRunner$2.evaluate(ParentRunner.java:293) ~[junit-4.13.2.jar:4.13.2]
	at org.junit.runners.ParentRunner$3.evaluate(ParentRunner.java:306) ~[junit-4.13.2.jar:4.13.2]
	at org.junit.runners.ParentRunner.run(ParentRunner.java:413) ~[junit-4.13.2.jar:4.13.2]
	at io.cucumber.junit.FeatureRunner.run(FeatureRunner.java:137) ~[cucumber-junit-7.23.0.jar:7.23.0]
	at io.cucumber.junit.Cucumber.runChild(Cucumber.java:199) ~[cucumber-junit-7.23.0.jar:7.23.0]
	at io.cucumber.junit.Cucumber.runChild(Cucumber.java:89) ~[cucumber-junit-7.23.0.jar:7.23.0]
	at org.junit.runners.ParentRunner$4.run(ParentRunner.java:331) ~[junit-4.13.2.jar:4.13.2]
	at org.junit.runners.ParentRunner$1.schedule(ParentRunner.java:79) ~[junit-4.13.2.jar:4.13.2]
	at org.junit.runners.ParentRunner.runChildren(ParentRunner.java:329) ~[junit-4.13.2.jar:4.13.2]
	at org.junit.runners.ParentRunner.access$100(ParentRunner.java:66) ~[junit-4.13.2.jar:4.13.2]
	at org.junit.runners.ParentRunner$2.evaluate(ParentRunner.java:293) ~[junit-4.13.2.jar:4.13.2]
	at io.cucumber.core.runtime.CucumberExecutionContext.lambda$runFeatures$6(CucumberExecutionContext.java:147) ~[cucumber-core-7.23.0.jar:7.23.0]
	at io.cucumber.core.runtime.CucumberExecutionContext.execute(CucumberExecutionContext.java:162) [cucumber-core-7.23.0.jar:7.23.0]
	at io.cucumber.core.runtime.CucumberExecutionContext.runFeatures(CucumberExecutionContext.java:145) [cucumber-core-7.23.0.jar:7.23.0]
	at io.cucumber.junit.Cucumber$StartAndFinishTestRun.evaluate(Cucumber.java:229) [cucumber-junit-7.23.0.jar:7.23.0]
	at org.junit.runners.ParentRunner$3.evaluate(ParentRunner.java:306) [junit-4.13.2.jar:4.13.2]
	at org.junit.runners.ParentRunner.run(ParentRunner.java:413) [junit-4.13.2.jar:4.13.2]
	at org.junit.runner.JUnitCore.run(JUnitCore.java:137) [junit-4.13.2.jar:4.13.2]
	at com.intellij.junit4.JUnit4IdeaTestRunner.startRunnerWithArgs(JUnit4IdeaTestRunner.java:69) [junit-rt.jar:?]
	at com.intellij.rt.junit.IdeaTestRunner$Repeater$1.execute(IdeaTestRunner.java:38) [junit-rt.jar:?]
	at com.intellij.rt.execution.junit.TestsRepeater.repeat(TestsRepeater.java:11) [idea_rt.jar:?]
	at com.intellij.rt.junit.IdeaTestRunner$Repeater.startRunnerWithArgs(IdeaTestRunner.java:35) [junit-rt.jar:?]
	at com.intellij.rt.junit.JUnitStarter.prepareStreamsAndStart(JUnitStarter.java:232) [junit-rt.jar:?]
	at com.intellij.rt.junit.JUnitStarter.main(JUnitStarter.java:55) [junit-rt.jar:?]
12:46:57.921 [main]INFO  page.Student_DashBoard_InnerChatBox - Uploading profile picture from path: C:\\Users\\WIIS\\Pictures\\one piece\\1471790.jpg
12:47:08.023 [main]ERROR page.Student_DashBoard_InnerChatBox - Failed to upload profile picture: Expected condition failed: waiting for presence of element located by: By.xpath: //input[@type='file'] (tried for 10 second(s) with 500 milliseconds interval)
org.openqa.selenium.TimeoutException: Expected condition failed: waiting for presence of element located by: By.xpath: //input[@type='file'] (tried for 10 second(s) with 500 milliseconds interval)
	at org.openqa.selenium.support.ui.WebDriverWait.timeoutException(WebDriverWait.java:84) ~[selenium-support-4.33.0.jar:?]
	at org.openqa.selenium.support.ui.FluentWait.until(FluentWait.java:228) ~[selenium-support-4.33.0.jar:?]
	at utility.WaitHelper.waitForPresence(WaitHelper.java:34) ~[test-classes/:?]
	at page.Student_DashBoard_InnerChatBox.Upload_Profile_Picture(Student_DashBoard_InnerChatBox.java:212) ~[test-classes/:?]
	at stepDefinition.InnerSignUp_Chat_Detail.user_upload_profile_picture(InnerSignUp_Chat_Detail.java:65) ~[test-classes/:?]
	at jdk.internal.reflect.DirectMethodHandleAccessor.invoke(DirectMethodHandleAccessor.java:103) ~[?:?]
	at java.lang.reflect.Method.invoke(Method.java:580) ~[?:?]
	at io.cucumber.java.Invoker.doInvoke(Invoker.java:66) ~[cucumber-java-7.23.0.jar:7.23.0]
	at io.cucumber.java.Invoker.invoke(Invoker.java:24) ~[cucumber-java-7.23.0.jar:7.23.0]
	at io.cucumber.java.AbstractGlueDefinition.invokeMethod(AbstractGlueDefinition.java:47) ~[cucumber-java-7.23.0.jar:7.23.0]
	at io.cucumber.java.JavaStepDefinition.execute(JavaStepDefinition.java:29) ~[cucumber-java-7.23.0.jar:7.23.0]
	at io.cucumber.core.runner.CoreStepDefinition.execute(CoreStepDefinition.java:66) ~[cucumber-core-7.23.0.jar:7.23.0]
	at io.cucumber.core.runner.PickleStepDefinitionMatch.runStep(PickleStepDefinitionMatch.java:62) ~[cucumber-core-7.23.0.jar:7.23.0]
	at io.cucumber.core.runner.ExecutionMode$1.execute(ExecutionMode.java:10) ~[cucumber-core-7.23.0.jar:7.23.0]
	at io.cucumber.core.runner.TestStep.executeStep(TestStep.java:81) ~[cucumber-core-7.23.0.jar:7.23.0]
	at io.cucumber.core.runner.TestStep.run(TestStep.java:53) ~[cucumber-core-7.23.0.jar:7.23.0]
	at io.cucumber.core.runner.PickleStepTestStep.run(PickleStepTestStep.java:51) ~[cucumber-core-7.23.0.jar:7.23.0]
	at io.cucumber.core.runner.TestCase.run(TestCase.java:86) ~[cucumber-core-7.23.0.jar:7.23.0]
	at io.cucumber.core.runner.Runner.runPickle(Runner.java:77) ~[cucumber-core-7.23.0.jar:7.23.0]
	at io.cucumber.junit.PickleRunners$NoStepDescriptions.lambda$run$0(PickleRunners.java:151) ~[cucumber-junit-7.23.0.jar:7.23.0]
	at io.cucumber.core.runtime.CucumberExecutionContext.lambda$runTestCase$5(CucumberExecutionContext.java:136) ~[cucumber-core-7.23.0.jar:7.23.0]
	at io.cucumber.core.runtime.RethrowingThrowableCollector.executeAndThrow(RethrowingThrowableCollector.java:23) ~[cucumber-core-7.23.0.jar:7.23.0]
	at io.cucumber.core.runtime.CucumberExecutionContext.runTestCase(CucumberExecutionContext.java:136) ~[cucumber-core-7.23.0.jar:7.23.0]
	at io.cucumber.junit.PickleRunners$NoStepDescriptions.run(PickleRunners.java:148) ~[cucumber-junit-7.23.0.jar:7.23.0]
	at io.cucumber.junit.FeatureRunner.runChild(FeatureRunner.java:144) ~[cucumber-junit-7.23.0.jar:7.23.0]
	at io.cucumber.junit.FeatureRunner.runChild(FeatureRunner.java:28) ~[cucumber-junit-7.23.0.jar:7.23.0]
	at org.junit.runners.ParentRunner$4.run(ParentRunner.java:331) ~[junit-4.13.2.jar:4.13.2]
	at org.junit.runners.ParentRunner$1.schedule(ParentRunner.java:79) ~[junit-4.13.2.jar:4.13.2]
	at org.junit.runners.ParentRunner.runChildren(ParentRunner.java:329) ~[junit-4.13.2.jar:4.13.2]
	at org.junit.runners.ParentRunner.access$100(ParentRunner.java:66) ~[junit-4.13.2.jar:4.13.2]
	at org.junit.runners.ParentRunner$2.evaluate(ParentRunner.java:293) ~[junit-4.13.2.jar:4.13.2]
	at org.junit.runners.ParentRunner$3.evaluate(ParentRunner.java:306) ~[junit-4.13.2.jar:4.13.2]
	at org.junit.runners.ParentRunner.run(ParentRunner.java:413) ~[junit-4.13.2.jar:4.13.2]
	at io.cucumber.junit.FeatureRunner.run(FeatureRunner.java:137) ~[cucumber-junit-7.23.0.jar:7.23.0]
	at io.cucumber.junit.Cucumber.runChild(Cucumber.java:199) ~[cucumber-junit-7.23.0.jar:7.23.0]
	at io.cucumber.junit.Cucumber.runChild(Cucumber.java:89) ~[cucumber-junit-7.23.0.jar:7.23.0]
	at org.junit.runners.ParentRunner$4.run(ParentRunner.java:331) ~[junit-4.13.2.jar:4.13.2]
	at org.junit.runners.ParentRunner$1.schedule(ParentRunner.java:79) ~[junit-4.13.2.jar:4.13.2]
	at org.junit.runners.ParentRunner.runChildren(ParentRunner.java:329) ~[junit-4.13.2.jar:4.13.2]
	at org.junit.runners.ParentRunner.access$100(ParentRunner.java:66) ~[junit-4.13.2.jar:4.13.2]
	at org.junit.runners.ParentRunner$2.evaluate(ParentRunner.java:293) ~[junit-4.13.2.jar:4.13.2]
	at io.cucumber.core.runtime.CucumberExecutionContext.lambda$runFeatures$6(CucumberExecutionContext.java:147) ~[cucumber-core-7.23.0.jar:7.23.0]
	at io.cucumber.core.runtime.CucumberExecutionContext.execute(CucumberExecutionContext.java:162) [cucumber-core-7.23.0.jar:7.23.0]
	at io.cucumber.core.runtime.CucumberExecutionContext.runFeatures(CucumberExecutionContext.java:145) [cucumber-core-7.23.0.jar:7.23.0]
	at io.cucumber.junit.Cucumber$StartAndFinishTestRun.evaluate(Cucumber.java:229) [cucumber-junit-7.23.0.jar:7.23.0]
	at org.junit.runners.ParentRunner$3.evaluate(ParentRunner.java:306) [junit-4.13.2.jar:4.13.2]
	at org.junit.runners.ParentRunner.run(ParentRunner.java:413) [junit-4.13.2.jar:4.13.2]
	at org.junit.runner.JUnitCore.run(JUnitCore.java:137) [junit-4.13.2.jar:4.13.2]
	at com.intellij.junit4.JUnit4IdeaTestRunner.startRunnerWithArgs(JUnit4IdeaTestRunner.java:69) [junit-rt.jar:?]
	at com.intellij.rt.junit.IdeaTestRunner$Repeater$1.execute(IdeaTestRunner.java:38) [junit-rt.jar:?]
	at com.intellij.rt.execution.junit.TestsRepeater.repeat(TestsRepeater.java:11) [idea_rt.jar:?]
	at com.intellij.rt.junit.IdeaTestRunner$Repeater.startRunnerWithArgs(IdeaTestRunner.java:35) [junit-rt.jar:?]
	at com.intellij.rt.junit.JUnitStarter.prepareStreamsAndStart(JUnitStarter.java:232) [junit-rt.jar:?]
	at com.intellij.rt.junit.JUnitStarter.main(JUnitStarter.java:55) [junit-rt.jar:?]
Caused by: org.openqa.selenium.NoSuchElementException: no such element: Unable to locate element: {"method":"xpath","selector":"//input[@type='file']"}
  (Session info: chrome=138.0.7204.184)
For documentation on this error, please visit: https://www.selenium.dev/documentation/webdriver/troubleshooting/errors#no-such-element-exception
Build info: version: '4.33.0', revision: '2c6aaad03a'
System info: os.name: 'Windows 11', os.arch: 'amd64', os.version: '10.0', java.version: '23.0.2'
Driver info: org.openqa.selenium.chrome.ChromeDriver
Command: [c9114cad7740b4e63440e6938100c509, findElement {value=//input[@type='file'], using=xpath}]
Capabilities {acceptInsecureCerts: false, browserName: chrome, browserVersion: 138.0.7204.184, chrome: {chromedriverVersion: 138.0.7204.183 (e90faf484dd..., userDataDir: C:\Users\WIIS\AppData\Local...}, fedcm:accounts: true, goog:chromeOptions: {debuggerAddress: localhost:62672}, networkConnectionEnabled: false, pageLoadStrategy: normal, platformName: windows, proxy: Proxy(), se:cdp: ws://localhost:62672/devtoo..., se:cdpVersion: 138.0.7204.184, setWindowRect: true, strictFileInteractability: false, timeouts: {implicit: 0, pageLoad: 300000, script: 30000}, unhandledPromptBehavior: dismiss and notify, webauthn:extension:credBlob: true, webauthn:extension:largeBlob: true, webauthn:extension:minPinLength: true, webauthn:extension:prf: true, webauthn:virtualAuthenticators: true}
Session ID: c9114cad7740b4e63440e6938100c509
	at jdk.internal.reflect.DirectConstructorHandleAccessor.newInstance(DirectConstructorHandleAccessor.java:62) ~[?:?]
	at java.lang.reflect.Constructor.newInstanceWithCaller(Constructor.java:501) ~[?:?]
	at java.lang.reflect.Constructor.newInstance(Constructor.java:485) ~[?:?]
	at org.openqa.selenium.remote.ErrorCodec.decode(ErrorCodec.java:167) ~[selenium-remote-driver-4.33.0.jar:?]
	at org.openqa.selenium.remote.codec.w3c.W3CHttpResponseCodec.decode(W3CHttpResponseCodec.java:138) ~[selenium-remote-driver-4.33.0.jar:?]
	at org.openqa.selenium.remote.codec.w3c.W3CHttpResponseCodec.decode(W3CHttpResponseCodec.java:50) ~[selenium-remote-driver-4.33.0.jar:?]
	at org.openqa.selenium.remote.HttpCommandExecutor.execute(HttpCommandExecutor.java:215) ~[selenium-remote-driver-4.33.0.jar:?]
	at org.openqa.selenium.remote.service.DriverCommandExecutor.invokeExecute(DriverCommandExecutor.java:216) ~[selenium-remote-driver-4.33.0.jar:?]
	at org.openqa.selenium.remote.service.DriverCommandExecutor.execute(DriverCommandExecutor.java:174) ~[selenium-remote-driver-4.33.0.jar:?]
	at org.openqa.selenium.remote.RemoteWebDriver.execute(RemoteWebDriver.java:544) ~[selenium-remote-driver-4.33.0.jar:?]
	at org.openqa.selenium.remote.ElementLocation$ElementFinder$2.findElement(ElementLocation.java:165) ~[selenium-remote-driver-4.33.0.jar:?]
	at org.openqa.selenium.remote.ElementLocation.findElement(ElementLocation.java:59) ~[selenium-remote-driver-4.33.0.jar:?]
	at org.openqa.selenium.remote.RemoteWebDriver.findElement(RemoteWebDriver.java:367) ~[selenium-remote-driver-4.33.0.jar:?]
	at org.openqa.selenium.remote.RemoteWebDriver.findElement(RemoteWebDriver.java:361) ~[selenium-remote-driver-4.33.0.jar:?]
	at org.openqa.selenium.support.ui.ExpectedConditions$6.apply(ExpectedConditions.java:171) ~[selenium-support-4.33.0.jar:?]
	at org.openqa.selenium.support.ui.ExpectedConditions$6.apply(ExpectedConditions.java:168) ~[selenium-support-4.33.0.jar:?]
	at org.openqa.selenium.support.ui.FluentWait.until(FluentWait.java:203) ~[selenium-support-4.33.0.jar:?]
	... 52 more
12:47:08.179 [main]INFO  page.Student_DashBoard_InnerChatBox - Selecting school type.
12:47:18.202 [main]ERROR page.Student_DashBoard_InnerChatBox - Failed to select school type: Expected condition failed: waiting for element to be clickable: By.className: css-hlgwow (tried for 10 second(s) with 500 milliseconds interval)
Build info: version: '4.33.0', revision: '2c6aaad03a'
System info: os.name: 'Windows 11', os.arch: 'amd64', os.version: '10.0', java.version: '23.0.2'
Driver info: org.openqa.selenium.chrome.ChromeDriver
Capabilities {acceptInsecureCerts: false, browserName: chrome, browserVersion: 138.0.7204.184, chrome: {chromedriverVersion: 138.0.7204.183 (e90faf484dd..., userDataDir: C:\Users\WIIS\AppData\Local...}, fedcm:accounts: true, goog:chromeOptions: {debuggerAddress: localhost:62672}, networkConnectionEnabled: false, pageLoadStrategy: normal, platformName: windows, proxy: Proxy(), se:cdp: ws://localhost:62672/devtoo..., se:cdpVersion: 138.0.7204.184, setWindowRect: true, strictFileInteractability: false, timeouts: {implicit: 0, pageLoad: 300000, script: 30000}, unhandledPromptBehavior: dismiss and notify, webauthn:extension:credBlob: true, webauthn:extension:largeBlob: true, webauthn:extension:minPinLength: true, webauthn:extension:prf: true, webauthn:virtualAuthenticators: true}
Session ID: c9114cad7740b4e63440e6938100c509
org.openqa.selenium.TimeoutException: Expected condition failed: waiting for element to be clickable: By.className: css-hlgwow (tried for 10 second(s) with 500 milliseconds interval)
Build info: version: '4.33.0', revision: '2c6aaad03a'
System info: os.name: 'Windows 11', os.arch: 'amd64', os.version: '10.0', java.version: '23.0.2'
Driver info: org.openqa.selenium.chrome.ChromeDriver
Capabilities {acceptInsecureCerts: false, browserName: chrome, browserVersion: 138.0.7204.184, chrome: {chromedriverVersion: 138.0.7204.183 (e90faf484dd..., userDataDir: C:\Users\WIIS\AppData\Local...}, fedcm:accounts: true, goog:chromeOptions: {debuggerAddress: localhost:62672}, networkConnectionEnabled: false, pageLoadStrategy: normal, platformName: windows, proxy: Proxy(), se:cdp: ws://localhost:62672/devtoo..., se:cdpVersion: 138.0.7204.184, setWindowRect: true, strictFileInteractability: false, timeouts: {implicit: 0, pageLoad: 300000, script: 30000}, unhandledPromptBehavior: dismiss and notify, webauthn:extension:credBlob: true, webauthn:extension:largeBlob: true, webauthn:extension:minPinLength: true, webauthn:extension:prf: true, webauthn:virtualAuthenticators: true}
Session ID: c9114cad7740b4e63440e6938100c509
	at org.openqa.selenium.support.ui.WebDriverWait.timeoutException(WebDriverWait.java:84) ~[selenium-support-4.33.0.jar:?]
	at org.openqa.selenium.support.ui.FluentWait.until(FluentWait.java:228) ~[selenium-support-4.33.0.jar:?]
	at utility.WaitHelper.waitForClickable(WaitHelper.java:28) ~[test-classes/:?]
	at page.Student_DashBoard_InnerChatBox.select_School_type(Student_DashBoard_InnerChatBox.java:228) ~[test-classes/:?]
	at stepDefinition.InnerSignUp_Chat_Detail.user_select_institute_type(InnerSignUp_Chat_Detail.java:72) ~[test-classes/:?]
	at jdk.internal.reflect.DirectMethodHandleAccessor.invoke(DirectMethodHandleAccessor.java:103) ~[?:?]
	at java.lang.reflect.Method.invoke(Method.java:580) ~[?:?]
	at io.cucumber.java.Invoker.doInvoke(Invoker.java:66) ~[cucumber-java-7.23.0.jar:7.23.0]
	at io.cucumber.java.Invoker.invoke(Invoker.java:24) ~[cucumber-java-7.23.0.jar:7.23.0]
	at io.cucumber.java.AbstractGlueDefinition.invokeMethod(AbstractGlueDefinition.java:47) ~[cucumber-java-7.23.0.jar:7.23.0]
	at io.cucumber.java.JavaStepDefinition.execute(JavaStepDefinition.java:29) ~[cucumber-java-7.23.0.jar:7.23.0]
	at io.cucumber.core.runner.CoreStepDefinition.execute(CoreStepDefinition.java:66) ~[cucumber-core-7.23.0.jar:7.23.0]
	at io.cucumber.core.runner.PickleStepDefinitionMatch.runStep(PickleStepDefinitionMatch.java:62) ~[cucumber-core-7.23.0.jar:7.23.0]
	at io.cucumber.core.runner.ExecutionMode$1.execute(ExecutionMode.java:10) ~[cucumber-core-7.23.0.jar:7.23.0]
	at io.cucumber.core.runner.TestStep.executeStep(TestStep.java:81) ~[cucumber-core-7.23.0.jar:7.23.0]
	at io.cucumber.core.runner.TestStep.run(TestStep.java:53) ~[cucumber-core-7.23.0.jar:7.23.0]
	at io.cucumber.core.runner.PickleStepTestStep.run(PickleStepTestStep.java:51) ~[cucumber-core-7.23.0.jar:7.23.0]
	at io.cucumber.core.runner.TestCase.run(TestCase.java:86) ~[cucumber-core-7.23.0.jar:7.23.0]
	at io.cucumber.core.runner.Runner.runPickle(Runner.java:77) ~[cucumber-core-7.23.0.jar:7.23.0]
	at io.cucumber.junit.PickleRunners$NoStepDescriptions.lambda$run$0(PickleRunners.java:151) ~[cucumber-junit-7.23.0.jar:7.23.0]
	at io.cucumber.core.runtime.CucumberExecutionContext.lambda$runTestCase$5(CucumberExecutionContext.java:136) ~[cucumber-core-7.23.0.jar:7.23.0]
	at io.cucumber.core.runtime.RethrowingThrowableCollector.executeAndThrow(RethrowingThrowableCollector.java:23) ~[cucumber-core-7.23.0.jar:7.23.0]
	at io.cucumber.core.runtime.CucumberExecutionContext.runTestCase(CucumberExecutionContext.java:136) ~[cucumber-core-7.23.0.jar:7.23.0]
	at io.cucumber.junit.PickleRunners$NoStepDescriptions.run(PickleRunners.java:148) ~[cucumber-junit-7.23.0.jar:7.23.0]
	at io.cucumber.junit.FeatureRunner.runChild(FeatureRunner.java:144) ~[cucumber-junit-7.23.0.jar:7.23.0]
	at io.cucumber.junit.FeatureRunner.runChild(FeatureRunner.java:28) ~[cucumber-junit-7.23.0.jar:7.23.0]
	at org.junit.runners.ParentRunner$4.run(ParentRunner.java:331) ~[junit-4.13.2.jar:4.13.2]
	at org.junit.runners.ParentRunner$1.schedule(ParentRunner.java:79) ~[junit-4.13.2.jar:4.13.2]
	at org.junit.runners.ParentRunner.runChildren(ParentRunner.java:329) ~[junit-4.13.2.jar:4.13.2]
	at org.junit.runners.ParentRunner.access$100(ParentRunner.java:66) ~[junit-4.13.2.jar:4.13.2]
	at org.junit.runners.ParentRunner$2.evaluate(ParentRunner.java:293) ~[junit-4.13.2.jar:4.13.2]
	at org.junit.runners.ParentRunner$3.evaluate(ParentRunner.java:306) ~[junit-4.13.2.jar:4.13.2]
	at org.junit.runners.ParentRunner.run(ParentRunner.java:413) ~[junit-4.13.2.jar:4.13.2]
	at io.cucumber.junit.FeatureRunner.run(FeatureRunner.java:137) ~[cucumber-junit-7.23.0.jar:7.23.0]
	at io.cucumber.junit.Cucumber.runChild(Cucumber.java:199) ~[cucumber-junit-7.23.0.jar:7.23.0]
	at io.cucumber.junit.Cucumber.runChild(Cucumber.java:89) ~[cucumber-junit-7.23.0.jar:7.23.0]
	at org.junit.runners.ParentRunner$4.run(ParentRunner.java:331) ~[junit-4.13.2.jar:4.13.2]
	at org.junit.runners.ParentRunner$1.schedule(ParentRunner.java:79) ~[junit-4.13.2.jar:4.13.2]
	at org.junit.runners.ParentRunner.runChildren(ParentRunner.java:329) ~[junit-4.13.2.jar:4.13.2]
	at org.junit.runners.ParentRunner.access$100(ParentRunner.java:66) ~[junit-4.13.2.jar:4.13.2]
	at org.junit.runners.ParentRunner$2.evaluate(ParentRunner.java:293) ~[junit-4.13.2.jar:4.13.2]
	at io.cucumber.core.runtime.CucumberExecutionContext.lambda$runFeatures$6(CucumberExecutionContext.java:147) ~[cucumber-core-7.23.0.jar:7.23.0]
	at io.cucumber.core.runtime.CucumberExecutionContext.execute(CucumberExecutionContext.java:162) [cucumber-core-7.23.0.jar:7.23.0]
	at io.cucumber.core.runtime.CucumberExecutionContext.runFeatures(CucumberExecutionContext.java:145) [cucumber-core-7.23.0.jar:7.23.0]
	at io.cucumber.junit.Cucumber$StartAndFinishTestRun.evaluate(Cucumber.java:229) [cucumber-junit-7.23.0.jar:7.23.0]
	at org.junit.runners.ParentRunner$3.evaluate(ParentRunner.java:306) [junit-4.13.2.jar:4.13.2]
	at org.junit.runners.ParentRunner.run(ParentRunner.java:413) [junit-4.13.2.jar:4.13.2]
	at org.junit.runner.JUnitCore.run(JUnitCore.java:137) [junit-4.13.2.jar:4.13.2]
	at com.intellij.junit4.JUnit4IdeaTestRunner.startRunnerWithArgs(JUnit4IdeaTestRunner.java:69) [junit-rt.jar:?]
	at com.intellij.rt.junit.IdeaTestRunner$Repeater$1.execute(IdeaTestRunner.java:38) [junit-rt.jar:?]
	at com.intellij.rt.execution.junit.TestsRepeater.repeat(TestsRepeater.java:11) [idea_rt.jar:?]
	at com.intellij.rt.junit.IdeaTestRunner$Repeater.startRunnerWithArgs(IdeaTestRunner.java:35) [junit-rt.jar:?]
	at com.intellij.rt.junit.JUnitStarter.prepareStreamsAndStart(JUnitStarter.java:232) [junit-rt.jar:?]
	at com.intellij.rt.junit.JUnitStarter.main(JUnitStarter.java:55) [junit-rt.jar:?]
12:47:28.425 [main]ERROR page.Student_DashBoard_InnerChatBox - Failed to select school name: Expected condition failed: waiting for element to be clickable: By.className: css-19bb58m (tried for 10 second(s) with 500 milliseconds interval)
Build info: version: '4.33.0', revision: '2c6aaad03a'
System info: os.name: 'Windows 11', os.arch: 'amd64', os.version: '10.0', java.version: '23.0.2'
Driver info: org.openqa.selenium.chrome.ChromeDriver
Capabilities {acceptInsecureCerts: false, browserName: chrome, browserVersion: 138.0.7204.184, chrome: {chromedriverVersion: 138.0.7204.183 (e90faf484dd..., userDataDir: C:\Users\WIIS\AppData\Local...}, fedcm:accounts: true, goog:chromeOptions: {debuggerAddress: localhost:62672}, networkConnectionEnabled: false, pageLoadStrategy: normal, platformName: windows, proxy: Proxy(), se:cdp: ws://localhost:62672/devtoo..., se:cdpVersion: 138.0.7204.184, setWindowRect: true, strictFileInteractability: false, timeouts: {implicit: 0, pageLoad: 300000, script: 30000}, unhandledPromptBehavior: dismiss and notify, webauthn:extension:credBlob: true, webauthn:extension:largeBlob: true, webauthn:extension:minPinLength: true, webauthn:extension:prf: true, webauthn:virtualAuthenticators: true}
Session ID: c9114cad7740b4e63440e6938100c509
org.openqa.selenium.TimeoutException: Expected condition failed: waiting for element to be clickable: By.className: css-19bb58m (tried for 10 second(s) with 500 milliseconds interval)
Build info: version: '4.33.0', revision: '2c6aaad03a'
System info: os.name: 'Windows 11', os.arch: 'amd64', os.version: '10.0', java.version: '23.0.2'
Driver info: org.openqa.selenium.chrome.ChromeDriver
Capabilities {acceptInsecureCerts: false, browserName: chrome, browserVersion: 138.0.7204.184, chrome: {chromedriverVersion: 138.0.7204.183 (e90faf484dd..., userDataDir: C:\Users\WIIS\AppData\Local...}, fedcm:accounts: true, goog:chromeOptions: {debuggerAddress: localhost:62672}, networkConnectionEnabled: false, pageLoadStrategy: normal, platformName: windows, proxy: Proxy(), se:cdp: ws://localhost:62672/devtoo..., se:cdpVersion: 138.0.7204.184, setWindowRect: true, strictFileInteractability: false, timeouts: {implicit: 0, pageLoad: 300000, script: 30000}, unhandledPromptBehavior: dismiss and notify, webauthn:extension:credBlob: true, webauthn:extension:largeBlob: true, webauthn:extension:minPinLength: true, webauthn:extension:prf: true, webauthn:virtualAuthenticators: true}
Session ID: c9114cad7740b4e63440e6938100c509
	at org.openqa.selenium.support.ui.WebDriverWait.timeoutException(WebDriverWait.java:84) ~[selenium-support-4.33.0.jar:?]
	at org.openqa.selenium.support.ui.FluentWait.until(FluentWait.java:228) ~[selenium-support-4.33.0.jar:?]
	at utility.WaitHelper.waitForClickable(WaitHelper.java:28) ~[test-classes/:?]
	at page.Student_DashBoard_InnerChatBox.user_select_schoolName(Student_DashBoard_InnerChatBox.java:434) ~[test-classes/:?]
	at stepDefinition.InnerSignUp_Chat_Detail.userSelectSchoolName(InnerSignUp_Chat_Detail.java:246) ~[test-classes/:?]
	at jdk.internal.reflect.DirectMethodHandleAccessor.invoke(DirectMethodHandleAccessor.java:103) ~[?:?]
	at java.lang.reflect.Method.invoke(Method.java:580) ~[?:?]
	at io.cucumber.java.Invoker.doInvoke(Invoker.java:66) ~[cucumber-java-7.23.0.jar:7.23.0]
	at io.cucumber.java.Invoker.invoke(Invoker.java:24) ~[cucumber-java-7.23.0.jar:7.23.0]
	at io.cucumber.java.AbstractGlueDefinition.invokeMethod(AbstractGlueDefinition.java:47) ~[cucumber-java-7.23.0.jar:7.23.0]
	at io.cucumber.java.JavaStepDefinition.execute(JavaStepDefinition.java:29) ~[cucumber-java-7.23.0.jar:7.23.0]
	at io.cucumber.core.runner.CoreStepDefinition.execute(CoreStepDefinition.java:66) ~[cucumber-core-7.23.0.jar:7.23.0]
	at io.cucumber.core.runner.PickleStepDefinitionMatch.runStep(PickleStepDefinitionMatch.java:62) ~[cucumber-core-7.23.0.jar:7.23.0]
	at io.cucumber.core.runner.ExecutionMode$1.execute(ExecutionMode.java:10) ~[cucumber-core-7.23.0.jar:7.23.0]
	at io.cucumber.core.runner.TestStep.executeStep(TestStep.java:81) ~[cucumber-core-7.23.0.jar:7.23.0]
	at io.cucumber.core.runner.TestStep.run(TestStep.java:53) ~[cucumber-core-7.23.0.jar:7.23.0]
	at io.cucumber.core.runner.PickleStepTestStep.run(PickleStepTestStep.java:51) ~[cucumber-core-7.23.0.jar:7.23.0]
	at io.cucumber.core.runner.TestCase.run(TestCase.java:86) ~[cucumber-core-7.23.0.jar:7.23.0]
	at io.cucumber.core.runner.Runner.runPickle(Runner.java:77) ~[cucumber-core-7.23.0.jar:7.23.0]
	at io.cucumber.junit.PickleRunners$NoStepDescriptions.lambda$run$0(PickleRunners.java:151) ~[cucumber-junit-7.23.0.jar:7.23.0]
	at io.cucumber.core.runtime.CucumberExecutionContext.lambda$runTestCase$5(CucumberExecutionContext.java:136) ~[cucumber-core-7.23.0.jar:7.23.0]
	at io.cucumber.core.runtime.RethrowingThrowableCollector.executeAndThrow(RethrowingThrowableCollector.java:23) ~[cucumber-core-7.23.0.jar:7.23.0]
	at io.cucumber.core.runtime.CucumberExecutionContext.runTestCase(CucumberExecutionContext.java:136) ~[cucumber-core-7.23.0.jar:7.23.0]
	at io.cucumber.junit.PickleRunners$NoStepDescriptions.run(PickleRunners.java:148) ~[cucumber-junit-7.23.0.jar:7.23.0]
	at io.cucumber.junit.FeatureRunner.runChild(FeatureRunner.java:144) ~[cucumber-junit-7.23.0.jar:7.23.0]
	at io.cucumber.junit.FeatureRunner.runChild(FeatureRunner.java:28) ~[cucumber-junit-7.23.0.jar:7.23.0]
	at org.junit.runners.ParentRunner$4.run(ParentRunner.java:331) ~[junit-4.13.2.jar:4.13.2]
	at org.junit.runners.ParentRunner$1.schedule(ParentRunner.java:79) ~[junit-4.13.2.jar:4.13.2]
	at org.junit.runners.ParentRunner.runChildren(ParentRunner.java:329) ~[junit-4.13.2.jar:4.13.2]
	at org.junit.runners.ParentRunner.access$100(ParentRunner.java:66) ~[junit-4.13.2.jar:4.13.2]
	at org.junit.runners.ParentRunner$2.evaluate(ParentRunner.java:293) ~[junit-4.13.2.jar:4.13.2]
	at org.junit.runners.ParentRunner$3.evaluate(ParentRunner.java:306) ~[junit-4.13.2.jar:4.13.2]
	at org.junit.runners.ParentRunner.run(ParentRunner.java:413) ~[junit-4.13.2.jar:4.13.2]
	at io.cucumber.junit.FeatureRunner.run(FeatureRunner.java:137) ~[cucumber-junit-7.23.0.jar:7.23.0]
	at io.cucumber.junit.Cucumber.runChild(Cucumber.java:199) ~[cucumber-junit-7.23.0.jar:7.23.0]
	at io.cucumber.junit.Cucumber.runChild(Cucumber.java:89) ~[cucumber-junit-7.23.0.jar:7.23.0]
	at org.junit.runners.ParentRunner$4.run(ParentRunner.java:331) ~[junit-4.13.2.jar:4.13.2]
	at org.junit.runners.ParentRunner$1.schedule(ParentRunner.java:79) ~[junit-4.13.2.jar:4.13.2]
	at org.junit.runners.ParentRunner.runChildren(ParentRunner.java:329) ~[junit-4.13.2.jar:4.13.2]
	at org.junit.runners.ParentRunner.access$100(ParentRunner.java:66) ~[junit-4.13.2.jar:4.13.2]
	at org.junit.runners.ParentRunner$2.evaluate(ParentRunner.java:293) ~[junit-4.13.2.jar:4.13.2]
	at io.cucumber.core.runtime.CucumberExecutionContext.lambda$runFeatures$6(CucumberExecutionContext.java:147) ~[cucumber-core-7.23.0.jar:7.23.0]
	at io.cucumber.core.runtime.CucumberExecutionContext.execute(CucumberExecutionContext.java:162) [cucumber-core-7.23.0.jar:7.23.0]
	at io.cucumber.core.runtime.CucumberExecutionContext.runFeatures(CucumberExecutionContext.java:145) [cucumber-core-7.23.0.jar:7.23.0]
	at io.cucumber.junit.Cucumber$StartAndFinishTestRun.evaluate(Cucumber.java:229) [cucumber-junit-7.23.0.jar:7.23.0]
	at org.junit.runners.ParentRunner$3.evaluate(ParentRunner.java:306) [junit-4.13.2.jar:4.13.2]
	at org.junit.runners.ParentRunner.run(ParentRunner.java:413) [junit-4.13.2.jar:4.13.2]
	at org.junit.runner.JUnitCore.run(JUnitCore.java:137) [junit-4.13.2.jar:4.13.2]
	at com.intellij.junit4.JUnit4IdeaTestRunner.startRunnerWithArgs(JUnit4IdeaTestRunner.java:69) [junit-rt.jar:?]
	at com.intellij.rt.junit.IdeaTestRunner$Repeater$1.execute(IdeaTestRunner.java:38) [junit-rt.jar:?]
	at com.intellij.rt.execution.junit.TestsRepeater.repeat(TestsRepeater.java:11) [idea_rt.jar:?]
	at com.intellij.rt.junit.IdeaTestRunner$Repeater.startRunnerWithArgs(IdeaTestRunner.java:35) [junit-rt.jar:?]
	at com.intellij.rt.junit.JUnitStarter.prepareStreamsAndStart(JUnitStarter.java:232) [junit-rt.jar:?]
	at com.intellij.rt.junit.JUnitStarter.main(JUnitStarter.java:55) [junit-rt.jar:?]
12:47:38.651 [main]ERROR page.Student_DashBoard_InnerChatBox - Failed to select board: Expected condition failed: waiting for element to be clickable: By.className: css-19bb58m (tried for 10 second(s) with 500 milliseconds interval)
Build info: version: '4.33.0', revision: '2c6aaad03a'
System info: os.name: 'Windows 11', os.arch: 'amd64', os.version: '10.0', java.version: '23.0.2'
Driver info: org.openqa.selenium.chrome.ChromeDriver
Capabilities {acceptInsecureCerts: false, browserName: chrome, browserVersion: 138.0.7204.184, chrome: {chromedriverVersion: 138.0.7204.183 (e90faf484dd..., userDataDir: C:\Users\WIIS\AppData\Local...}, fedcm:accounts: true, goog:chromeOptions: {debuggerAddress: localhost:62672}, networkConnectionEnabled: false, pageLoadStrategy: normal, platformName: windows, proxy: Proxy(), se:cdp: ws://localhost:62672/devtoo..., se:cdpVersion: 138.0.7204.184, setWindowRect: true, strictFileInteractability: false, timeouts: {implicit: 0, pageLoad: 300000, script: 30000}, unhandledPromptBehavior: dismiss and notify, webauthn:extension:credBlob: true, webauthn:extension:largeBlob: true, webauthn:extension:minPinLength: true, webauthn:extension:prf: true, webauthn:virtualAuthenticators: true}
Session ID: c9114cad7740b4e63440e6938100c509
org.openqa.selenium.TimeoutException: Expected condition failed: waiting for element to be clickable: By.className: css-19bb58m (tried for 10 second(s) with 500 milliseconds interval)
Build info: version: '4.33.0', revision: '2c6aaad03a'
System info: os.name: 'Windows 11', os.arch: 'amd64', os.version: '10.0', java.version: '23.0.2'
Driver info: org.openqa.selenium.chrome.ChromeDriver
Capabilities {acceptInsecureCerts: false, browserName: chrome, browserVersion: 138.0.7204.184, chrome: {chromedriverVersion: 138.0.7204.183 (e90faf484dd..., userDataDir: C:\Users\WIIS\AppData\Local...}, fedcm:accounts: true, goog:chromeOptions: {debuggerAddress: localhost:62672}, networkConnectionEnabled: false, pageLoadStrategy: normal, platformName: windows, proxy: Proxy(), se:cdp: ws://localhost:62672/devtoo..., se:cdpVersion: 138.0.7204.184, setWindowRect: true, strictFileInteractability: false, timeouts: {implicit: 0, pageLoad: 300000, script: 30000}, unhandledPromptBehavior: dismiss and notify, webauthn:extension:credBlob: true, webauthn:extension:largeBlob: true, webauthn:extension:minPinLength: true, webauthn:extension:prf: true, webauthn:virtualAuthenticators: true}
Session ID: c9114cad7740b4e63440e6938100c509
	at org.openqa.selenium.support.ui.WebDriverWait.timeoutException(WebDriverWait.java:84) ~[selenium-support-4.33.0.jar:?]
	at org.openqa.selenium.support.ui.FluentWait.until(FluentWait.java:228) ~[selenium-support-4.33.0.jar:?]
	at utility.WaitHelper.waitForClickable(WaitHelper.java:28) ~[test-classes/:?]
	at page.Student_DashBoard_InnerChatBox.select_your_board(Student_DashBoard_InnerChatBox.java:517) ~[test-classes/:?]
	at stepDefinition.InnerSignUp_Chat_Detail.user_select_board(InnerSignUp_Chat_Detail.java:129) ~[test-classes/:?]
	at jdk.internal.reflect.DirectMethodHandleAccessor.invoke(DirectMethodHandleAccessor.java:103) ~[?:?]
	at java.lang.reflect.Method.invoke(Method.java:580) ~[?:?]
	at io.cucumber.java.Invoker.doInvoke(Invoker.java:66) ~[cucumber-java-7.23.0.jar:7.23.0]
	at io.cucumber.java.Invoker.invoke(Invoker.java:24) ~[cucumber-java-7.23.0.jar:7.23.0]
	at io.cucumber.java.AbstractGlueDefinition.invokeMethod(AbstractGlueDefinition.java:47) ~[cucumber-java-7.23.0.jar:7.23.0]
	at io.cucumber.java.JavaStepDefinition.execute(JavaStepDefinition.java:29) ~[cucumber-java-7.23.0.jar:7.23.0]
	at io.cucumber.core.runner.CoreStepDefinition.execute(CoreStepDefinition.java:66) ~[cucumber-core-7.23.0.jar:7.23.0]
	at io.cucumber.core.runner.PickleStepDefinitionMatch.runStep(PickleStepDefinitionMatch.java:62) ~[cucumber-core-7.23.0.jar:7.23.0]
	at io.cucumber.core.runner.ExecutionMode$1.execute(ExecutionMode.java:10) ~[cucumber-core-7.23.0.jar:7.23.0]
	at io.cucumber.core.runner.TestStep.executeStep(TestStep.java:81) ~[cucumber-core-7.23.0.jar:7.23.0]
	at io.cucumber.core.runner.TestStep.run(TestStep.java:53) ~[cucumber-core-7.23.0.jar:7.23.0]
	at io.cucumber.core.runner.PickleStepTestStep.run(PickleStepTestStep.java:51) ~[cucumber-core-7.23.0.jar:7.23.0]
	at io.cucumber.core.runner.TestCase.run(TestCase.java:86) ~[cucumber-core-7.23.0.jar:7.23.0]
	at io.cucumber.core.runner.Runner.runPickle(Runner.java:77) ~[cucumber-core-7.23.0.jar:7.23.0]
	at io.cucumber.junit.PickleRunners$NoStepDescriptions.lambda$run$0(PickleRunners.java:151) ~[cucumber-junit-7.23.0.jar:7.23.0]
	at io.cucumber.core.runtime.CucumberExecutionContext.lambda$runTestCase$5(CucumberExecutionContext.java:136) ~[cucumber-core-7.23.0.jar:7.23.0]
	at io.cucumber.core.runtime.RethrowingThrowableCollector.executeAndThrow(RethrowingThrowableCollector.java:23) ~[cucumber-core-7.23.0.jar:7.23.0]
	at io.cucumber.core.runtime.CucumberExecutionContext.runTestCase(CucumberExecutionContext.java:136) ~[cucumber-core-7.23.0.jar:7.23.0]
	at io.cucumber.junit.PickleRunners$NoStepDescriptions.run(PickleRunners.java:148) ~[cucumber-junit-7.23.0.jar:7.23.0]
	at io.cucumber.junit.FeatureRunner.runChild(FeatureRunner.java:144) ~[cucumber-junit-7.23.0.jar:7.23.0]
	at io.cucumber.junit.FeatureRunner.runChild(FeatureRunner.java:28) ~[cucumber-junit-7.23.0.jar:7.23.0]
	at org.junit.runners.ParentRunner$4.run(ParentRunner.java:331) ~[junit-4.13.2.jar:4.13.2]
	at org.junit.runners.ParentRunner$1.schedule(ParentRunner.java:79) ~[junit-4.13.2.jar:4.13.2]
	at org.junit.runners.ParentRunner.runChildren(ParentRunner.java:329) ~[junit-4.13.2.jar:4.13.2]
	at org.junit.runners.ParentRunner.access$100(ParentRunner.java:66) ~[junit-4.13.2.jar:4.13.2]
	at org.junit.runners.ParentRunner$2.evaluate(ParentRunner.java:293) ~[junit-4.13.2.jar:4.13.2]
	at org.junit.runners.ParentRunner$3.evaluate(ParentRunner.java:306) ~[junit-4.13.2.jar:4.13.2]
	at org.junit.runners.ParentRunner.run(ParentRunner.java:413) ~[junit-4.13.2.jar:4.13.2]
	at io.cucumber.junit.FeatureRunner.run(FeatureRunner.java:137) ~[cucumber-junit-7.23.0.jar:7.23.0]
	at io.cucumber.junit.Cucumber.runChild(Cucumber.java:199) ~[cucumber-junit-7.23.0.jar:7.23.0]
	at io.cucumber.junit.Cucumber.runChild(Cucumber.java:89) ~[cucumber-junit-7.23.0.jar:7.23.0]
	at org.junit.runners.ParentRunner$4.run(ParentRunner.java:331) ~[junit-4.13.2.jar:4.13.2]
	at org.junit.runners.ParentRunner$1.schedule(ParentRunner.java:79) ~[junit-4.13.2.jar:4.13.2]
	at org.junit.runners.ParentRunner.runChildren(ParentRunner.java:329) ~[junit-4.13.2.jar:4.13.2]
	at org.junit.runners.ParentRunner.access$100(ParentRunner.java:66) ~[junit-4.13.2.jar:4.13.2]
	at org.junit.runners.ParentRunner$2.evaluate(ParentRunner.java:293) ~[junit-4.13.2.jar:4.13.2]
	at io.cucumber.core.runtime.CucumberExecutionContext.lambda$runFeatures$6(CucumberExecutionContext.java:147) ~[cucumber-core-7.23.0.jar:7.23.0]
	at io.cucumber.core.runtime.CucumberExecutionContext.execute(CucumberExecutionContext.java:162) [cucumber-core-7.23.0.jar:7.23.0]
	at io.cucumber.core.runtime.CucumberExecutionContext.runFeatures(CucumberExecutionContext.java:145) [cucumber-core-7.23.0.jar:7.23.0]
	at io.cucumber.junit.Cucumber$StartAndFinishTestRun.evaluate(Cucumber.java:229) [cucumber-junit-7.23.0.jar:7.23.0]
	at org.junit.runners.ParentRunner$3.evaluate(ParentRunner.java:306) [junit-4.13.2.jar:4.13.2]
	at org.junit.runners.ParentRunner.run(ParentRunner.java:413) [junit-4.13.2.jar:4.13.2]
	at org.junit.runner.JUnitCore.run(JUnitCore.java:137) [junit-4.13.2.jar:4.13.2]
	at com.intellij.junit4.JUnit4IdeaTestRunner.startRunnerWithArgs(JUnit4IdeaTestRunner.java:69) [junit-rt.jar:?]
	at com.intellij.rt.junit.IdeaTestRunner$Repeater$1.execute(IdeaTestRunner.java:38) [junit-rt.jar:?]
	at com.intellij.rt.execution.junit.TestsRepeater.repeat(TestsRepeater.java:11) [idea_rt.jar:?]
	at com.intellij.rt.junit.IdeaTestRunner$Repeater.startRunnerWithArgs(IdeaTestRunner.java:35) [junit-rt.jar:?]
	at com.intellij.rt.junit.JUnitStarter.prepareStreamsAndStart(JUnitStarter.java:232) [junit-rt.jar:?]
	at com.intellij.rt.junit.JUnitStarter.main(JUnitStarter.java:55) [junit-rt.jar:?]
12:47:48.865 [main]ERROR page.Student_DashBoard_InnerChatBox - Failed to select class: Expected condition failed: waiting for element to be clickable: By.className: css-19bb58m (tried for 10 second(s) with 500 milliseconds interval)
Build info: version: '4.33.0', revision: '2c6aaad03a'
System info: os.name: 'Windows 11', os.arch: 'amd64', os.version: '10.0', java.version: '23.0.2'
Driver info: org.openqa.selenium.chrome.ChromeDriver
Capabilities {acceptInsecureCerts: false, browserName: chrome, browserVersion: 138.0.7204.184, chrome: {chromedriverVersion: 138.0.7204.183 (e90faf484dd..., userDataDir: C:\Users\WIIS\AppData\Local...}, fedcm:accounts: true, goog:chromeOptions: {debuggerAddress: localhost:62672}, networkConnectionEnabled: false, pageLoadStrategy: normal, platformName: windows, proxy: Proxy(), se:cdp: ws://localhost:62672/devtoo..., se:cdpVersion: 138.0.7204.184, setWindowRect: true, strictFileInteractability: false, timeouts: {implicit: 0, pageLoad: 300000, script: 30000}, unhandledPromptBehavior: dismiss and notify, webauthn:extension:credBlob: true, webauthn:extension:largeBlob: true, webauthn:extension:minPinLength: true, webauthn:extension:prf: true, webauthn:virtualAuthenticators: true}
Session ID: c9114cad7740b4e63440e6938100c509
org.openqa.selenium.TimeoutException: Expected condition failed: waiting for element to be clickable: By.className: css-19bb58m (tried for 10 second(s) with 500 milliseconds interval)
Build info: version: '4.33.0', revision: '2c6aaad03a'
System info: os.name: 'Windows 11', os.arch: 'amd64', os.version: '10.0', java.version: '23.0.2'
Driver info: org.openqa.selenium.chrome.ChromeDriver
Capabilities {acceptInsecureCerts: false, browserName: chrome, browserVersion: 138.0.7204.184, chrome: {chromedriverVersion: 138.0.7204.183 (e90faf484dd..., userDataDir: C:\Users\WIIS\AppData\Local...}, fedcm:accounts: true, goog:chromeOptions: {debuggerAddress: localhost:62672}, networkConnectionEnabled: false, pageLoadStrategy: normal, platformName: windows, proxy: Proxy(), se:cdp: ws://localhost:62672/devtoo..., se:cdpVersion: 138.0.7204.184, setWindowRect: true, strictFileInteractability: false, timeouts: {implicit: 0, pageLoad: 300000, script: 30000}, unhandledPromptBehavior: dismiss and notify, webauthn:extension:credBlob: true, webauthn:extension:largeBlob: true, webauthn:extension:minPinLength: true, webauthn:extension:prf: true, webauthn:virtualAuthenticators: true}
Session ID: c9114cad7740b4e63440e6938100c509
	at org.openqa.selenium.support.ui.WebDriverWait.timeoutException(WebDriverWait.java:84) ~[selenium-support-4.33.0.jar:?]
	at org.openqa.selenium.support.ui.FluentWait.until(FluentWait.java:228) ~[selenium-support-4.33.0.jar:?]
	at utility.WaitHelper.waitForClickable(WaitHelper.java:28) ~[test-classes/:?]
	at page.Student_DashBoard_InnerChatBox.select_your_classes(Student_DashBoard_InnerChatBox.java:543) ~[test-classes/:?]
	at stepDefinition.InnerSignUp_Chat_Detail.user_select_class(InnerSignUp_Chat_Detail.java:139) ~[test-classes/:?]
	at jdk.internal.reflect.DirectMethodHandleAccessor.invoke(DirectMethodHandleAccessor.java:103) ~[?:?]
	at java.lang.reflect.Method.invoke(Method.java:580) ~[?:?]
	at io.cucumber.java.Invoker.doInvoke(Invoker.java:66) ~[cucumber-java-7.23.0.jar:7.23.0]
	at io.cucumber.java.Invoker.invoke(Invoker.java:24) ~[cucumber-java-7.23.0.jar:7.23.0]
	at io.cucumber.java.AbstractGlueDefinition.invokeMethod(AbstractGlueDefinition.java:47) ~[cucumber-java-7.23.0.jar:7.23.0]
	at io.cucumber.java.JavaStepDefinition.execute(JavaStepDefinition.java:29) ~[cucumber-java-7.23.0.jar:7.23.0]
	at io.cucumber.core.runner.CoreStepDefinition.execute(CoreStepDefinition.java:66) ~[cucumber-core-7.23.0.jar:7.23.0]
	at io.cucumber.core.runner.PickleStepDefinitionMatch.runStep(PickleStepDefinitionMatch.java:62) ~[cucumber-core-7.23.0.jar:7.23.0]
	at io.cucumber.core.runner.ExecutionMode$1.execute(ExecutionMode.java:10) ~[cucumber-core-7.23.0.jar:7.23.0]
	at io.cucumber.core.runner.TestStep.executeStep(TestStep.java:81) ~[cucumber-core-7.23.0.jar:7.23.0]
	at io.cucumber.core.runner.TestStep.run(TestStep.java:53) ~[cucumber-core-7.23.0.jar:7.23.0]
	at io.cucumber.core.runner.PickleStepTestStep.run(PickleStepTestStep.java:51) ~[cucumber-core-7.23.0.jar:7.23.0]
	at io.cucumber.core.runner.TestCase.run(TestCase.java:86) ~[cucumber-core-7.23.0.jar:7.23.0]
	at io.cucumber.core.runner.Runner.runPickle(Runner.java:77) ~[cucumber-core-7.23.0.jar:7.23.0]
	at io.cucumber.junit.PickleRunners$NoStepDescriptions.lambda$run$0(PickleRunners.java:151) ~[cucumber-junit-7.23.0.jar:7.23.0]
	at io.cucumber.core.runtime.CucumberExecutionContext.lambda$runTestCase$5(CucumberExecutionContext.java:136) ~[cucumber-core-7.23.0.jar:7.23.0]
	at io.cucumber.core.runtime.RethrowingThrowableCollector.executeAndThrow(RethrowingThrowableCollector.java:23) ~[cucumber-core-7.23.0.jar:7.23.0]
	at io.cucumber.core.runtime.CucumberExecutionContext.runTestCase(CucumberExecutionContext.java:136) ~[cucumber-core-7.23.0.jar:7.23.0]
	at io.cucumber.junit.PickleRunners$NoStepDescriptions.run(PickleRunners.java:148) ~[cucumber-junit-7.23.0.jar:7.23.0]
	at io.cucumber.junit.FeatureRunner.runChild(FeatureRunner.java:144) ~[cucumber-junit-7.23.0.jar:7.23.0]
	at io.cucumber.junit.FeatureRunner.runChild(FeatureRunner.java:28) ~[cucumber-junit-7.23.0.jar:7.23.0]
	at org.junit.runners.ParentRunner$4.run(ParentRunner.java:331) ~[junit-4.13.2.jar:4.13.2]
	at org.junit.runners.ParentRunner$1.schedule(ParentRunner.java:79) ~[junit-4.13.2.jar:4.13.2]
	at org.junit.runners.ParentRunner.runChildren(ParentRunner.java:329) ~[junit-4.13.2.jar:4.13.2]
	at org.junit.runners.ParentRunner.access$100(ParentRunner.java:66) ~[junit-4.13.2.jar:4.13.2]
	at org.junit.runners.ParentRunner$2.evaluate(ParentRunner.java:293) ~[junit-4.13.2.jar:4.13.2]
	at org.junit.runners.ParentRunner$3.evaluate(ParentRunner.java:306) ~[junit-4.13.2.jar:4.13.2]
	at org.junit.runners.ParentRunner.run(ParentRunner.java:413) ~[junit-4.13.2.jar:4.13.2]
	at io.cucumber.junit.FeatureRunner.run(FeatureRunner.java:137) ~[cucumber-junit-7.23.0.jar:7.23.0]
	at io.cucumber.junit.Cucumber.runChild(Cucumber.java:199) ~[cucumber-junit-7.23.0.jar:7.23.0]
	at io.cucumber.junit.Cucumber.runChild(Cucumber.java:89) ~[cucumber-junit-7.23.0.jar:7.23.0]
	at org.junit.runners.ParentRunner$4.run(ParentRunner.java:331) ~[junit-4.13.2.jar:4.13.2]
	at org.junit.runners.ParentRunner$1.schedule(ParentRunner.java:79) ~[junit-4.13.2.jar:4.13.2]
	at org.junit.runners.ParentRunner.runChildren(ParentRunner.java:329) ~[junit-4.13.2.jar:4.13.2]
	at org.junit.runners.ParentRunner.access$100(ParentRunner.java:66) ~[junit-4.13.2.jar:4.13.2]
	at org.junit.runners.ParentRunner$2.evaluate(ParentRunner.java:293) ~[junit-4.13.2.jar:4.13.2]
	at io.cucumber.core.runtime.CucumberExecutionContext.lambda$runFeatures$6(CucumberExecutionContext.java:147) ~[cucumber-core-7.23.0.jar:7.23.0]
	at io.cucumber.core.runtime.CucumberExecutionContext.execute(CucumberExecutionContext.java:162) [cucumber-core-7.23.0.jar:7.23.0]
	at io.cucumber.core.runtime.CucumberExecutionContext.runFeatures(CucumberExecutionContext.java:145) [cucumber-core-7.23.0.jar:7.23.0]
	at io.cucumber.junit.Cucumber$StartAndFinishTestRun.evaluate(Cucumber.java:229) [cucumber-junit-7.23.0.jar:7.23.0]
	at org.junit.runners.ParentRunner$3.evaluate(ParentRunner.java:306) [junit-4.13.2.jar:4.13.2]
	at org.junit.runners.ParentRunner.run(ParentRunner.java:413) [junit-4.13.2.jar:4.13.2]
	at org.junit.runner.JUnitCore.run(JUnitCore.java:137) [junit-4.13.2.jar:4.13.2]
	at com.intellij.junit4.JUnit4IdeaTestRunner.startRunnerWithArgs(JUnit4IdeaTestRunner.java:69) [junit-rt.jar:?]
	at com.intellij.rt.junit.IdeaTestRunner$Repeater$1.execute(IdeaTestRunner.java:38) [junit-rt.jar:?]
	at com.intellij.rt.execution.junit.TestsRepeater.repeat(TestsRepeater.java:11) [idea_rt.jar:?]
	at com.intellij.rt.junit.IdeaTestRunner$Repeater.startRunnerWithArgs(IdeaTestRunner.java:35) [junit-rt.jar:?]
	at com.intellij.rt.junit.JUnitStarter.prepareStreamsAndStart(JUnitStarter.java:232) [junit-rt.jar:?]
	at com.intellij.rt.junit.JUnitStarter.main(JUnitStarter.java:55) [junit-rt.jar:?]
12:47:59.063 [main]ERROR page.Student_DashBoard_InnerChatBox - Failed to choose hobby: Expected condition failed: waiting for element to be clickable: By.className: css-19bb58m (tried for 10 second(s) with 500 milliseconds interval)
Build info: version: '4.33.0', revision: '2c6aaad03a'
System info: os.name: 'Windows 11', os.arch: 'amd64', os.version: '10.0', java.version: '23.0.2'
Driver info: org.openqa.selenium.chrome.ChromeDriver
Capabilities {acceptInsecureCerts: false, browserName: chrome, browserVersion: 138.0.7204.184, chrome: {chromedriverVersion: 138.0.7204.183 (e90faf484dd..., userDataDir: C:\Users\WIIS\AppData\Local...}, fedcm:accounts: true, goog:chromeOptions: {debuggerAddress: localhost:62672}, networkConnectionEnabled: false, pageLoadStrategy: normal, platformName: windows, proxy: Proxy(), se:cdp: ws://localhost:62672/devtoo..., se:cdpVersion: 138.0.7204.184, setWindowRect: true, strictFileInteractability: false, timeouts: {implicit: 0, pageLoad: 300000, script: 30000}, unhandledPromptBehavior: dismiss and notify, webauthn:extension:credBlob: true, webauthn:extension:largeBlob: true, webauthn:extension:minPinLength: true, webauthn:extension:prf: true, webauthn:virtualAuthenticators: true}
Session ID: c9114cad7740b4e63440e6938100c509
org.openqa.selenium.TimeoutException: Expected condition failed: waiting for element to be clickable: By.className: css-19bb58m (tried for 10 second(s) with 500 milliseconds interval)
Build info: version: '4.33.0', revision: '2c6aaad03a'
System info: os.name: 'Windows 11', os.arch: 'amd64', os.version: '10.0', java.version: '23.0.2'
Driver info: org.openqa.selenium.chrome.ChromeDriver
Capabilities {acceptInsecureCerts: false, browserName: chrome, browserVersion: 138.0.7204.184, chrome: {chromedriverVersion: 138.0.7204.183 (e90faf484dd..., userDataDir: C:\Users\WIIS\AppData\Local...}, fedcm:accounts: true, goog:chromeOptions: {debuggerAddress: localhost:62672}, networkConnectionEnabled: false, pageLoadStrategy: normal, platformName: windows, proxy: Proxy(), se:cdp: ws://localhost:62672/devtoo..., se:cdpVersion: 138.0.7204.184, setWindowRect: true, strictFileInteractability: false, timeouts: {implicit: 0, pageLoad: 300000, script: 30000}, unhandledPromptBehavior: dismiss and notify, webauthn:extension:credBlob: true, webauthn:extension:largeBlob: true, webauthn:extension:minPinLength: true, webauthn:extension:prf: true, webauthn:virtualAuthenticators: true}
Session ID: c9114cad7740b4e63440e6938100c509
	at org.openqa.selenium.support.ui.WebDriverWait.timeoutException(WebDriverWait.java:84) ~[selenium-support-4.33.0.jar:?]
	at org.openqa.selenium.support.ui.FluentWait.until(FluentWait.java:228) ~[selenium-support-4.33.0.jar:?]
	at utility.WaitHelper.waitForClickable(WaitHelper.java:28) ~[test-classes/:?]
	at page.Student_DashBoard_InnerChatBox.choose_your_hobbies(Student_DashBoard_InnerChatBox.java:568) ~[test-classes/:?]
	at stepDefinition.InnerSignUp_Chat_Detail.user_choose_hobbies(InnerSignUp_Chat_Detail.java:144) ~[test-classes/:?]
	at jdk.internal.reflect.DirectMethodHandleAccessor.invoke(DirectMethodHandleAccessor.java:103) ~[?:?]
	at java.lang.reflect.Method.invoke(Method.java:580) ~[?:?]
	at io.cucumber.java.Invoker.doInvoke(Invoker.java:66) ~[cucumber-java-7.23.0.jar:7.23.0]
	at io.cucumber.java.Invoker.invoke(Invoker.java:24) ~[cucumber-java-7.23.0.jar:7.23.0]
	at io.cucumber.java.AbstractGlueDefinition.invokeMethod(AbstractGlueDefinition.java:47) ~[cucumber-java-7.23.0.jar:7.23.0]
	at io.cucumber.java.JavaStepDefinition.execute(JavaStepDefinition.java:29) ~[cucumber-java-7.23.0.jar:7.23.0]
	at io.cucumber.core.runner.CoreStepDefinition.execute(CoreStepDefinition.java:66) ~[cucumber-core-7.23.0.jar:7.23.0]
	at io.cucumber.core.runner.PickleStepDefinitionMatch.runStep(PickleStepDefinitionMatch.java:62) ~[cucumber-core-7.23.0.jar:7.23.0]
	at io.cucumber.core.runner.ExecutionMode$1.execute(ExecutionMode.java:10) ~[cucumber-core-7.23.0.jar:7.23.0]
	at io.cucumber.core.runner.TestStep.executeStep(TestStep.java:81) ~[cucumber-core-7.23.0.jar:7.23.0]
	at io.cucumber.core.runner.TestStep.run(TestStep.java:53) ~[cucumber-core-7.23.0.jar:7.23.0]
	at io.cucumber.core.runner.PickleStepTestStep.run(PickleStepTestStep.java:51) ~[cucumber-core-7.23.0.jar:7.23.0]
	at io.cucumber.core.runner.TestCase.run(TestCase.java:86) ~[cucumber-core-7.23.0.jar:7.23.0]
	at io.cucumber.core.runner.Runner.runPickle(Runner.java:77) ~[cucumber-core-7.23.0.jar:7.23.0]
	at io.cucumber.junit.PickleRunners$NoStepDescriptions.lambda$run$0(PickleRunners.java:151) ~[cucumber-junit-7.23.0.jar:7.23.0]
	at io.cucumber.core.runtime.CucumberExecutionContext.lambda$runTestCase$5(CucumberExecutionContext.java:136) ~[cucumber-core-7.23.0.jar:7.23.0]
	at io.cucumber.core.runtime.RethrowingThrowableCollector.executeAndThrow(RethrowingThrowableCollector.java:23) ~[cucumber-core-7.23.0.jar:7.23.0]
	at io.cucumber.core.runtime.CucumberExecutionContext.runTestCase(CucumberExecutionContext.java:136) ~[cucumber-core-7.23.0.jar:7.23.0]
	at io.cucumber.junit.PickleRunners$NoStepDescriptions.run(PickleRunners.java:148) ~[cucumber-junit-7.23.0.jar:7.23.0]
	at io.cucumber.junit.FeatureRunner.runChild(FeatureRunner.java:144) ~[cucumber-junit-7.23.0.jar:7.23.0]
	at io.cucumber.junit.FeatureRunner.runChild(FeatureRunner.java:28) ~[cucumber-junit-7.23.0.jar:7.23.0]
	at org.junit.runners.ParentRunner$4.run(ParentRunner.java:331) ~[junit-4.13.2.jar:4.13.2]
	at org.junit.runners.ParentRunner$1.schedule(ParentRunner.java:79) ~[junit-4.13.2.jar:4.13.2]
	at org.junit.runners.ParentRunner.runChildren(ParentRunner.java:329) ~[junit-4.13.2.jar:4.13.2]
	at org.junit.runners.ParentRunner.access$100(ParentRunner.java:66) ~[junit-4.13.2.jar:4.13.2]
	at org.junit.runners.ParentRunner$2.evaluate(ParentRunner.java:293) ~[junit-4.13.2.jar:4.13.2]
	at org.junit.runners.ParentRunner$3.evaluate(ParentRunner.java:306) ~[junit-4.13.2.jar:4.13.2]
	at org.junit.runners.ParentRunner.run(ParentRunner.java:413) ~[junit-4.13.2.jar:4.13.2]
	at io.cucumber.junit.FeatureRunner.run(FeatureRunner.java:137) ~[cucumber-junit-7.23.0.jar:7.23.0]
	at io.cucumber.junit.Cucumber.runChild(Cucumber.java:199) ~[cucumber-junit-7.23.0.jar:7.23.0]
	at io.cucumber.junit.Cucumber.runChild(Cucumber.java:89) ~[cucumber-junit-7.23.0.jar:7.23.0]
	at org.junit.runners.ParentRunner$4.run(ParentRunner.java:331) ~[junit-4.13.2.jar:4.13.2]
	at org.junit.runners.ParentRunner$1.schedule(ParentRunner.java:79) ~[junit-4.13.2.jar:4.13.2]
	at org.junit.runners.ParentRunner.runChildren(ParentRunner.java:329) ~[junit-4.13.2.jar:4.13.2]
	at org.junit.runners.ParentRunner.access$100(ParentRunner.java:66) ~[junit-4.13.2.jar:4.13.2]
	at org.junit.runners.ParentRunner$2.evaluate(ParentRunner.java:293) ~[junit-4.13.2.jar:4.13.2]
	at io.cucumber.core.runtime.CucumberExecutionContext.lambda$runFeatures$6(CucumberExecutionContext.java:147) ~[cucumber-core-7.23.0.jar:7.23.0]
	at io.cucumber.core.runtime.CucumberExecutionContext.execute(CucumberExecutionContext.java:162) [cucumber-core-7.23.0.jar:7.23.0]
	at io.cucumber.core.runtime.CucumberExecutionContext.runFeatures(CucumberExecutionContext.java:145) [cucumber-core-7.23.0.jar:7.23.0]
	at io.cucumber.junit.Cucumber$StartAndFinishTestRun.evaluate(Cucumber.java:229) [cucumber-junit-7.23.0.jar:7.23.0]
	at org.junit.runners.ParentRunner$3.evaluate(ParentRunner.java:306) [junit-4.13.2.jar:4.13.2]
	at org.junit.runners.ParentRunner.run(ParentRunner.java:413) [junit-4.13.2.jar:4.13.2]
	at org.junit.runner.JUnitCore.run(JUnitCore.java:137) [junit-4.13.2.jar:4.13.2]
	at com.intellij.junit4.JUnit4IdeaTestRunner.startRunnerWithArgs(JUnit4IdeaTestRunner.java:69) [junit-rt.jar:?]
	at com.intellij.rt.junit.IdeaTestRunner$Repeater$1.execute(IdeaTestRunner.java:38) [junit-rt.jar:?]
	at com.intellij.rt.execution.junit.TestsRepeater.repeat(TestsRepeater.java:11) [idea_rt.jar:?]
	at com.intellij.rt.junit.IdeaTestRunner$Repeater.startRunnerWithArgs(IdeaTestRunner.java:35) [junit-rt.jar:?]
	at com.intellij.rt.junit.JUnitStarter.prepareStreamsAndStart(JUnitStarter.java:232) [junit-rt.jar:?]
	at com.intellij.rt.junit.JUnitStarter.main(JUnitStarter.java:55) [junit-rt.jar:?]
12:48:09.813 [main]ERROR page.Student_DashBoard_InnerChatBox - Failed to select known language: Expected condition failed: waiting for element to be clickable: By.className: css-19bb58m (tried for 10 second(s) with 500 milliseconds interval)
Build info: version: '4.33.0', revision: '2c6aaad03a'
System info: os.name: 'Windows 11', os.arch: 'amd64', os.version: '10.0', java.version: '23.0.2'
Driver info: org.openqa.selenium.chrome.ChromeDriver
Capabilities {acceptInsecureCerts: false, browserName: chrome, browserVersion: 138.0.7204.184, chrome: {chromedriverVersion: 138.0.7204.183 (e90faf484dd..., userDataDir: C:\Users\WIIS\AppData\Local...}, fedcm:accounts: true, goog:chromeOptions: {debuggerAddress: localhost:62672}, networkConnectionEnabled: false, pageLoadStrategy: normal, platformName: windows, proxy: Proxy(), se:cdp: ws://localhost:62672/devtoo..., se:cdpVersion: 138.0.7204.184, setWindowRect: true, strictFileInteractability: false, timeouts: {implicit: 0, pageLoad: 300000, script: 30000}, unhandledPromptBehavior: dismiss and notify, webauthn:extension:credBlob: true, webauthn:extension:largeBlob: true, webauthn:extension:minPinLength: true, webauthn:extension:prf: true, webauthn:virtualAuthenticators: true}
Session ID: c9114cad7740b4e63440e6938100c509
org.openqa.selenium.TimeoutException: Expected condition failed: waiting for element to be clickable: By.className: css-19bb58m (tried for 10 second(s) with 500 milliseconds interval)
Build info: version: '4.33.0', revision: '2c6aaad03a'
System info: os.name: 'Windows 11', os.arch: 'amd64', os.version: '10.0', java.version: '23.0.2'
Driver info: org.openqa.selenium.chrome.ChromeDriver
Capabilities {acceptInsecureCerts: false, browserName: chrome, browserVersion: 138.0.7204.184, chrome: {chromedriverVersion: 138.0.7204.183 (e90faf484dd..., userDataDir: C:\Users\WIIS\AppData\Local...}, fedcm:accounts: true, goog:chromeOptions: {debuggerAddress: localhost:62672}, networkConnectionEnabled: false, pageLoadStrategy: normal, platformName: windows, proxy: Proxy(), se:cdp: ws://localhost:62672/devtoo..., se:cdpVersion: 138.0.7204.184, setWindowRect: true, strictFileInteractability: false, timeouts: {implicit: 0, pageLoad: 300000, script: 30000}, unhandledPromptBehavior: dismiss and notify, webauthn:extension:credBlob: true, webauthn:extension:largeBlob: true, webauthn:extension:minPinLength: true, webauthn:extension:prf: true, webauthn:virtualAuthenticators: true}
Session ID: c9114cad7740b4e63440e6938100c509
	at org.openqa.selenium.support.ui.WebDriverWait.timeoutException(WebDriverWait.java:84) ~[selenium-support-4.33.0.jar:?]
	at org.openqa.selenium.support.ui.FluentWait.until(FluentWait.java:228) ~[selenium-support-4.33.0.jar:?]
	at utility.WaitHelper.waitForClickable(WaitHelper.java:28) ~[test-classes/:?]
	at page.Student_DashBoard_InnerChatBox.select_known_language(Student_DashBoard_InnerChatBox.java:596) ~[test-classes/:?]
	at stepDefinition.InnerSignUp_Chat_Detail.user_select_known_language(InnerSignUp_Chat_Detail.java:150) ~[test-classes/:?]
	at jdk.internal.reflect.DirectMethodHandleAccessor.invoke(DirectMethodHandleAccessor.java:103) ~[?:?]
	at java.lang.reflect.Method.invoke(Method.java:580) ~[?:?]
	at io.cucumber.java.Invoker.doInvoke(Invoker.java:66) ~[cucumber-java-7.23.0.jar:7.23.0]
	at io.cucumber.java.Invoker.invoke(Invoker.java:24) ~[cucumber-java-7.23.0.jar:7.23.0]
	at io.cucumber.java.AbstractGlueDefinition.invokeMethod(AbstractGlueDefinition.java:47) ~[cucumber-java-7.23.0.jar:7.23.0]
	at io.cucumber.java.JavaStepDefinition.execute(JavaStepDefinition.java:29) ~[cucumber-java-7.23.0.jar:7.23.0]
	at io.cucumber.core.runner.CoreStepDefinition.execute(CoreStepDefinition.java:66) ~[cucumber-core-7.23.0.jar:7.23.0]
	at io.cucumber.core.runner.PickleStepDefinitionMatch.runStep(PickleStepDefinitionMatch.java:62) ~[cucumber-core-7.23.0.jar:7.23.0]
	at io.cucumber.core.runner.ExecutionMode$1.execute(ExecutionMode.java:10) ~[cucumber-core-7.23.0.jar:7.23.0]
	at io.cucumber.core.runner.TestStep.executeStep(TestStep.java:81) ~[cucumber-core-7.23.0.jar:7.23.0]
	at io.cucumber.core.runner.TestStep.run(TestStep.java:53) ~[cucumber-core-7.23.0.jar:7.23.0]
	at io.cucumber.core.runner.PickleStepTestStep.run(PickleStepTestStep.java:51) ~[cucumber-core-7.23.0.jar:7.23.0]
	at io.cucumber.core.runner.TestCase.run(TestCase.java:86) ~[cucumber-core-7.23.0.jar:7.23.0]
	at io.cucumber.core.runner.Runner.runPickle(Runner.java:77) ~[cucumber-core-7.23.0.jar:7.23.0]
	at io.cucumber.junit.PickleRunners$NoStepDescriptions.lambda$run$0(PickleRunners.java:151) ~[cucumber-junit-7.23.0.jar:7.23.0]
	at io.cucumber.core.runtime.CucumberExecutionContext.lambda$runTestCase$5(CucumberExecutionContext.java:136) ~[cucumber-core-7.23.0.jar:7.23.0]
	at io.cucumber.core.runtime.RethrowingThrowableCollector.executeAndThrow(RethrowingThrowableCollector.java:23) ~[cucumber-core-7.23.0.jar:7.23.0]
	at io.cucumber.core.runtime.CucumberExecutionContext.runTestCase(CucumberExecutionContext.java:136) ~[cucumber-core-7.23.0.jar:7.23.0]
	at io.cucumber.junit.PickleRunners$NoStepDescriptions.run(PickleRunners.java:148) ~[cucumber-junit-7.23.0.jar:7.23.0]
	at io.cucumber.junit.FeatureRunner.runChild(FeatureRunner.java:144) ~[cucumber-junit-7.23.0.jar:7.23.0]
	at io.cucumber.junit.FeatureRunner.runChild(FeatureRunner.java:28) ~[cucumber-junit-7.23.0.jar:7.23.0]
	at org.junit.runners.ParentRunner$4.run(ParentRunner.java:331) ~[junit-4.13.2.jar:4.13.2]
	at org.junit.runners.ParentRunner$1.schedule(ParentRunner.java:79) ~[junit-4.13.2.jar:4.13.2]
	at org.junit.runners.ParentRunner.runChildren(ParentRunner.java:329) ~[junit-4.13.2.jar:4.13.2]
	at org.junit.runners.ParentRunner.access$100(ParentRunner.java:66) ~[junit-4.13.2.jar:4.13.2]
	at org.junit.runners.ParentRunner$2.evaluate(ParentRunner.java:293) ~[junit-4.13.2.jar:4.13.2]
	at org.junit.runners.ParentRunner$3.evaluate(ParentRunner.java:306) ~[junit-4.13.2.jar:4.13.2]
	at org.junit.runners.ParentRunner.run(ParentRunner.java:413) ~[junit-4.13.2.jar:4.13.2]
	at io.cucumber.junit.FeatureRunner.run(FeatureRunner.java:137) ~[cucumber-junit-7.23.0.jar:7.23.0]
	at io.cucumber.junit.Cucumber.runChild(Cucumber.java:199) ~[cucumber-junit-7.23.0.jar:7.23.0]
	at io.cucumber.junit.Cucumber.runChild(Cucumber.java:89) ~[cucumber-junit-7.23.0.jar:7.23.0]
	at org.junit.runners.ParentRunner$4.run(ParentRunner.java:331) ~[junit-4.13.2.jar:4.13.2]
	at org.junit.runners.ParentRunner$1.schedule(ParentRunner.java:79) ~[junit-4.13.2.jar:4.13.2]
	at org.junit.runners.ParentRunner.runChildren(ParentRunner.java:329) ~[junit-4.13.2.jar:4.13.2]
	at org.junit.runners.ParentRunner.access$100(ParentRunner.java:66) ~[junit-4.13.2.jar:4.13.2]
	at org.junit.runners.ParentRunner$2.evaluate(ParentRunner.java:293) ~[junit-4.13.2.jar:4.13.2]
	at io.cucumber.core.runtime.CucumberExecutionContext.lambda$runFeatures$6(CucumberExecutionContext.java:147) ~[cucumber-core-7.23.0.jar:7.23.0]
	at io.cucumber.core.runtime.CucumberExecutionContext.execute(CucumberExecutionContext.java:162) [cucumber-core-7.23.0.jar:7.23.0]
	at io.cucumber.core.runtime.CucumberExecutionContext.runFeatures(CucumberExecutionContext.java:145) [cucumber-core-7.23.0.jar:7.23.0]
	at io.cucumber.junit.Cucumber$StartAndFinishTestRun.evaluate(Cucumber.java:229) [cucumber-junit-7.23.0.jar:7.23.0]
	at org.junit.runners.ParentRunner$3.evaluate(ParentRunner.java:306) [junit-4.13.2.jar:4.13.2]
	at org.junit.runners.ParentRunner.run(ParentRunner.java:413) [junit-4.13.2.jar:4.13.2]
	at org.junit.runner.JUnitCore.run(JUnitCore.java:137) [junit-4.13.2.jar:4.13.2]
	at com.intellij.junit4.JUnit4IdeaTestRunner.startRunnerWithArgs(JUnit4IdeaTestRunner.java:69) [junit-rt.jar:?]
	at com.intellij.rt.junit.IdeaTestRunner$Repeater$1.execute(IdeaTestRunner.java:38) [junit-rt.jar:?]
	at com.intellij.rt.execution.junit.TestsRepeater.repeat(TestsRepeater.java:11) [idea_rt.jar:?]
	at com.intellij.rt.junit.IdeaTestRunner$Repeater.startRunnerWithArgs(IdeaTestRunner.java:35) [junit-rt.jar:?]
	at com.intellij.rt.junit.JUnitStarter.prepareStreamsAndStart(JUnitStarter.java:232) [junit-rt.jar:?]
	at com.intellij.rt.junit.JUnitStarter.main(JUnitStarter.java:55) [junit-rt.jar:?]
12:48:20.037 [main]ERROR page.Student_DashBoard_InnerChatBox - Failed to select proficiency: Expected condition failed: waiting for element to be clickable: By.className: css-19bb58m (tried for 10 second(s) with 500 milliseconds interval)
Build info: version: '4.33.0', revision: '2c6aaad03a'
System info: os.name: 'Windows 11', os.arch: 'amd64', os.version: '10.0', java.version: '23.0.2'
Driver info: org.openqa.selenium.chrome.ChromeDriver
Capabilities {acceptInsecureCerts: false, browserName: chrome, browserVersion: 138.0.7204.184, chrome: {chromedriverVersion: 138.0.7204.183 (e90faf484dd..., userDataDir: C:\Users\WIIS\AppData\Local...}, fedcm:accounts: true, goog:chromeOptions: {debuggerAddress: localhost:62672}, networkConnectionEnabled: false, pageLoadStrategy: normal, platformName: windows, proxy: Proxy(), se:cdp: ws://localhost:62672/devtoo..., se:cdpVersion: 138.0.7204.184, setWindowRect: true, strictFileInteractability: false, timeouts: {implicit: 0, pageLoad: 300000, script: 30000}, unhandledPromptBehavior: dismiss and notify, webauthn:extension:credBlob: true, webauthn:extension:largeBlob: true, webauthn:extension:minPinLength: true, webauthn:extension:prf: true, webauthn:virtualAuthenticators: true}
Session ID: c9114cad7740b4e63440e6938100c509
org.openqa.selenium.TimeoutException: Expected condition failed: waiting for element to be clickable: By.className: css-19bb58m (tried for 10 second(s) with 500 milliseconds interval)
Build info: version: '4.33.0', revision: '2c6aaad03a'
System info: os.name: 'Windows 11', os.arch: 'amd64', os.version: '10.0', java.version: '23.0.2'
Driver info: org.openqa.selenium.chrome.ChromeDriver
Capabilities {acceptInsecureCerts: false, browserName: chrome, browserVersion: 138.0.7204.184, chrome: {chromedriverVersion: 138.0.7204.183 (e90faf484dd..., userDataDir: C:\Users\WIIS\AppData\Local...}, fedcm:accounts: true, goog:chromeOptions: {debuggerAddress: localhost:62672}, networkConnectionEnabled: false, pageLoadStrategy: normal, platformName: windows, proxy: Proxy(), se:cdp: ws://localhost:62672/devtoo..., se:cdpVersion: 138.0.7204.184, setWindowRect: true, strictFileInteractability: false, timeouts: {implicit: 0, pageLoad: 300000, script: 30000}, unhandledPromptBehavior: dismiss and notify, webauthn:extension:credBlob: true, webauthn:extension:largeBlob: true, webauthn:extension:minPinLength: true, webauthn:extension:prf: true, webauthn:virtualAuthenticators: true}
Session ID: c9114cad7740b4e63440e6938100c509
	at org.openqa.selenium.support.ui.WebDriverWait.timeoutException(WebDriverWait.java:84) ~[selenium-support-4.33.0.jar:?]
	at org.openqa.selenium.support.ui.FluentWait.until(FluentWait.java:228) ~[selenium-support-4.33.0.jar:?]
	at utility.WaitHelper.waitForClickable(WaitHelper.java:28) ~[test-classes/:?]
	at page.Student_DashBoard_InnerChatBox.select_proficiency(Student_DashBoard_InnerChatBox.java:622) ~[test-classes/:?]
	at stepDefinition.InnerSignUp_Chat_Detail.user_select_language_proficiency(InnerSignUp_Chat_Detail.java:155) ~[test-classes/:?]
	at jdk.internal.reflect.DirectMethodHandleAccessor.invoke(DirectMethodHandleAccessor.java:103) ~[?:?]
	at java.lang.reflect.Method.invoke(Method.java:580) ~[?:?]
	at io.cucumber.java.Invoker.doInvoke(Invoker.java:66) ~[cucumber-java-7.23.0.jar:7.23.0]
	at io.cucumber.java.Invoker.invoke(Invoker.java:24) ~[cucumber-java-7.23.0.jar:7.23.0]
	at io.cucumber.java.AbstractGlueDefinition.invokeMethod(AbstractGlueDefinition.java:47) ~[cucumber-java-7.23.0.jar:7.23.0]
	at io.cucumber.java.JavaStepDefinition.execute(JavaStepDefinition.java:29) ~[cucumber-java-7.23.0.jar:7.23.0]
	at io.cucumber.core.runner.CoreStepDefinition.execute(CoreStepDefinition.java:66) ~[cucumber-core-7.23.0.jar:7.23.0]
	at io.cucumber.core.runner.PickleStepDefinitionMatch.runStep(PickleStepDefinitionMatch.java:62) ~[cucumber-core-7.23.0.jar:7.23.0]
	at io.cucumber.core.runner.ExecutionMode$1.execute(ExecutionMode.java:10) ~[cucumber-core-7.23.0.jar:7.23.0]
	at io.cucumber.core.runner.TestStep.executeStep(TestStep.java:81) ~[cucumber-core-7.23.0.jar:7.23.0]
	at io.cucumber.core.runner.TestStep.run(TestStep.java:53) ~[cucumber-core-7.23.0.jar:7.23.0]
	at io.cucumber.core.runner.PickleStepTestStep.run(PickleStepTestStep.java:51) ~[cucumber-core-7.23.0.jar:7.23.0]
	at io.cucumber.core.runner.TestCase.run(TestCase.java:86) ~[cucumber-core-7.23.0.jar:7.23.0]
	at io.cucumber.core.runner.Runner.runPickle(Runner.java:77) ~[cucumber-core-7.23.0.jar:7.23.0]
	at io.cucumber.junit.PickleRunners$NoStepDescriptions.lambda$run$0(PickleRunners.java:151) ~[cucumber-junit-7.23.0.jar:7.23.0]
	at io.cucumber.core.runtime.CucumberExecutionContext.lambda$runTestCase$5(CucumberExecutionContext.java:136) ~[cucumber-core-7.23.0.jar:7.23.0]
	at io.cucumber.core.runtime.RethrowingThrowableCollector.executeAndThrow(RethrowingThrowableCollector.java:23) ~[cucumber-core-7.23.0.jar:7.23.0]
	at io.cucumber.core.runtime.CucumberExecutionContext.runTestCase(CucumberExecutionContext.java:136) ~[cucumber-core-7.23.0.jar:7.23.0]
	at io.cucumber.junit.PickleRunners$NoStepDescriptions.run(PickleRunners.java:148) ~[cucumber-junit-7.23.0.jar:7.23.0]
	at io.cucumber.junit.FeatureRunner.runChild(FeatureRunner.java:144) ~[cucumber-junit-7.23.0.jar:7.23.0]
	at io.cucumber.junit.FeatureRunner.runChild(FeatureRunner.java:28) ~[cucumber-junit-7.23.0.jar:7.23.0]
	at org.junit.runners.ParentRunner$4.run(ParentRunner.java:331) ~[junit-4.13.2.jar:4.13.2]
	at org.junit.runners.ParentRunner$1.schedule(ParentRunner.java:79) ~[junit-4.13.2.jar:4.13.2]
	at org.junit.runners.ParentRunner.runChildren(ParentRunner.java:329) ~[junit-4.13.2.jar:4.13.2]
	at org.junit.runners.ParentRunner.access$100(ParentRunner.java:66) ~[junit-4.13.2.jar:4.13.2]
	at org.junit.runners.ParentRunner$2.evaluate(ParentRunner.java:293) ~[junit-4.13.2.jar:4.13.2]
	at org.junit.runners.ParentRunner$3.evaluate(ParentRunner.java:306) ~[junit-4.13.2.jar:4.13.2]
	at org.junit.runners.ParentRunner.run(ParentRunner.java:413) ~[junit-4.13.2.jar:4.13.2]
	at io.cucumber.junit.FeatureRunner.run(FeatureRunner.java:137) ~[cucumber-junit-7.23.0.jar:7.23.0]
	at io.cucumber.junit.Cucumber.runChild(Cucumber.java:199) ~[cucumber-junit-7.23.0.jar:7.23.0]
	at io.cucumber.junit.Cucumber.runChild(Cucumber.java:89) ~[cucumber-junit-7.23.0.jar:7.23.0]
	at org.junit.runners.ParentRunner$4.run(ParentRunner.java:331) ~[junit-4.13.2.jar:4.13.2]
	at org.junit.runners.ParentRunner$1.schedule(ParentRunner.java:79) ~[junit-4.13.2.jar:4.13.2]
	at org.junit.runners.ParentRunner.runChildren(ParentRunner.java:329) ~[junit-4.13.2.jar:4.13.2]
	at org.junit.runners.ParentRunner.access$100(ParentRunner.java:66) ~[junit-4.13.2.jar:4.13.2]
	at org.junit.runners.ParentRunner$2.evaluate(ParentRunner.java:293) ~[junit-4.13.2.jar:4.13.2]
	at io.cucumber.core.runtime.CucumberExecutionContext.lambda$runFeatures$6(CucumberExecutionContext.java:147) ~[cucumber-core-7.23.0.jar:7.23.0]
	at io.cucumber.core.runtime.CucumberExecutionContext.execute(CucumberExecutionContext.java:162) [cucumber-core-7.23.0.jar:7.23.0]
	at io.cucumber.core.runtime.CucumberExecutionContext.runFeatures(CucumberExecutionContext.java:145) [cucumber-core-7.23.0.jar:7.23.0]
	at io.cucumber.junit.Cucumber$StartAndFinishTestRun.evaluate(Cucumber.java:229) [cucumber-junit-7.23.0.jar:7.23.0]
	at org.junit.runners.ParentRunner$3.evaluate(ParentRunner.java:306) [junit-4.13.2.jar:4.13.2]
	at org.junit.runners.ParentRunner.run(ParentRunner.java:413) [junit-4.13.2.jar:4.13.2]
	at org.junit.runner.JUnitCore.run(JUnitCore.java:137) [junit-4.13.2.jar:4.13.2]
	at com.intellij.junit4.JUnit4IdeaTestRunner.startRunnerWithArgs(JUnit4IdeaTestRunner.java:69) [junit-rt.jar:?]
	at com.intellij.rt.junit.IdeaTestRunner$Repeater$1.execute(IdeaTestRunner.java:38) [junit-rt.jar:?]
	at com.intellij.rt.execution.junit.TestsRepeater.repeat(TestsRepeater.java:11) [idea_rt.jar:?]
	at com.intellij.rt.junit.IdeaTestRunner$Repeater.startRunnerWithArgs(IdeaTestRunner.java:35) [junit-rt.jar:?]
	at com.intellij.rt.junit.JUnitStarter.prepareStreamsAndStart(JUnitStarter.java:232) [junit-rt.jar:?]
	at com.intellij.rt.junit.JUnitStarter.main(JUnitStarter.java:55) [junit-rt.jar:?]
12:48:30.217 [main]ERROR page.Student_DashBoard_InnerChatBox - Failed to select mobile number country code: Expected condition failed: waiting for element to be clickable: By.className: selected-flag (tried for 10 second(s) with 500 milliseconds interval)
Build info: version: '4.33.0', revision: '2c6aaad03a'
System info: os.name: 'Windows 11', os.arch: 'amd64', os.version: '10.0', java.version: '23.0.2'
Driver info: org.openqa.selenium.chrome.ChromeDriver
Capabilities {acceptInsecureCerts: false, browserName: chrome, browserVersion: 138.0.7204.184, chrome: {chromedriverVersion: 138.0.7204.183 (e90faf484dd..., userDataDir: C:\Users\WIIS\AppData\Local...}, fedcm:accounts: true, goog:chromeOptions: {debuggerAddress: localhost:62672}, networkConnectionEnabled: false, pageLoadStrategy: normal, platformName: windows, proxy: Proxy(), se:cdp: ws://localhost:62672/devtoo..., se:cdpVersion: 138.0.7204.184, setWindowRect: true, strictFileInteractability: false, timeouts: {implicit: 0, pageLoad: 300000, script: 30000}, unhandledPromptBehavior: dismiss and notify, webauthn:extension:credBlob: true, webauthn:extension:largeBlob: true, webauthn:extension:minPinLength: true, webauthn:extension:prf: true, webauthn:virtualAuthenticators: true}
Session ID: c9114cad7740b4e63440e6938100c509
org.openqa.selenium.TimeoutException: Expected condition failed: waiting for element to be clickable: By.className: selected-flag (tried for 10 second(s) with 500 milliseconds interval)
Build info: version: '4.33.0', revision: '2c6aaad03a'
System info: os.name: 'Windows 11', os.arch: 'amd64', os.version: '10.0', java.version: '23.0.2'
Driver info: org.openqa.selenium.chrome.ChromeDriver
Capabilities {acceptInsecureCerts: false, browserName: chrome, browserVersion: 138.0.7204.184, chrome: {chromedriverVersion: 138.0.7204.183 (e90faf484dd..., userDataDir: C:\Users\WIIS\AppData\Local...}, fedcm:accounts: true, goog:chromeOptions: {debuggerAddress: localhost:62672}, networkConnectionEnabled: false, pageLoadStrategy: normal, platformName: windows, proxy: Proxy(), se:cdp: ws://localhost:62672/devtoo..., se:cdpVersion: 138.0.7204.184, setWindowRect: true, strictFileInteractability: false, timeouts: {implicit: 0, pageLoad: 300000, script: 30000}, unhandledPromptBehavior: dismiss and notify, webauthn:extension:credBlob: true, webauthn:extension:largeBlob: true, webauthn:extension:minPinLength: true, webauthn:extension:prf: true, webauthn:virtualAuthenticators: true}
Session ID: c9114cad7740b4e63440e6938100c509
	at org.openqa.selenium.support.ui.WebDriverWait.timeoutException(WebDriverWait.java:84) ~[selenium-support-4.33.0.jar:?]
	at org.openqa.selenium.support.ui.FluentWait.until(FluentWait.java:228) ~[selenium-support-4.33.0.jar:?]
	at utility.WaitHelper.waitForClickable(WaitHelper.java:28) ~[test-classes/:?]
	at page.Student_DashBoard_InnerChatBox.select_your_mobile_number_country_code(Student_DashBoard_InnerChatBox.java:641) ~[test-classes/:?]
	at stepDefinition.InnerSignUp_Chat_Detail.user_select_mobile_number_country_code(InnerSignUp_Chat_Detail.java:160) ~[test-classes/:?]
	at jdk.internal.reflect.DirectMethodHandleAccessor.invoke(DirectMethodHandleAccessor.java:103) ~[?:?]
	at java.lang.reflect.Method.invoke(Method.java:580) ~[?:?]
	at io.cucumber.java.Invoker.doInvoke(Invoker.java:66) ~[cucumber-java-7.23.0.jar:7.23.0]
	at io.cucumber.java.Invoker.invoke(Invoker.java:24) ~[cucumber-java-7.23.0.jar:7.23.0]
	at io.cucumber.java.AbstractGlueDefinition.invokeMethod(AbstractGlueDefinition.java:47) ~[cucumber-java-7.23.0.jar:7.23.0]
	at io.cucumber.java.JavaStepDefinition.execute(JavaStepDefinition.java:29) ~[cucumber-java-7.23.0.jar:7.23.0]
	at io.cucumber.core.runner.CoreStepDefinition.execute(CoreStepDefinition.java:66) ~[cucumber-core-7.23.0.jar:7.23.0]
	at io.cucumber.core.runner.PickleStepDefinitionMatch.runStep(PickleStepDefinitionMatch.java:62) ~[cucumber-core-7.23.0.jar:7.23.0]
	at io.cucumber.core.runner.ExecutionMode$1.execute(ExecutionMode.java:10) ~[cucumber-core-7.23.0.jar:7.23.0]
	at io.cucumber.core.runner.TestStep.executeStep(TestStep.java:81) ~[cucumber-core-7.23.0.jar:7.23.0]
	at io.cucumber.core.runner.TestStep.run(TestStep.java:53) ~[cucumber-core-7.23.0.jar:7.23.0]
	at io.cucumber.core.runner.PickleStepTestStep.run(PickleStepTestStep.java:51) ~[cucumber-core-7.23.0.jar:7.23.0]
	at io.cucumber.core.runner.TestCase.run(TestCase.java:86) ~[cucumber-core-7.23.0.jar:7.23.0]
	at io.cucumber.core.runner.Runner.runPickle(Runner.java:77) ~[cucumber-core-7.23.0.jar:7.23.0]
	at io.cucumber.junit.PickleRunners$NoStepDescriptions.lambda$run$0(PickleRunners.java:151) ~[cucumber-junit-7.23.0.jar:7.23.0]
	at io.cucumber.core.runtime.CucumberExecutionContext.lambda$runTestCase$5(CucumberExecutionContext.java:136) ~[cucumber-core-7.23.0.jar:7.23.0]
	at io.cucumber.core.runtime.RethrowingThrowableCollector.executeAndThrow(RethrowingThrowableCollector.java:23) ~[cucumber-core-7.23.0.jar:7.23.0]
	at io.cucumber.core.runtime.CucumberExecutionContext.runTestCase(CucumberExecutionContext.java:136) ~[cucumber-core-7.23.0.jar:7.23.0]
	at io.cucumber.junit.PickleRunners$NoStepDescriptions.run(PickleRunners.java:148) ~[cucumber-junit-7.23.0.jar:7.23.0]
	at io.cucumber.junit.FeatureRunner.runChild(FeatureRunner.java:144) ~[cucumber-junit-7.23.0.jar:7.23.0]
	at io.cucumber.junit.FeatureRunner.runChild(FeatureRunner.java:28) ~[cucumber-junit-7.23.0.jar:7.23.0]
	at org.junit.runners.ParentRunner$4.run(ParentRunner.java:331) ~[junit-4.13.2.jar:4.13.2]
	at org.junit.runners.ParentRunner$1.schedule(ParentRunner.java:79) ~[junit-4.13.2.jar:4.13.2]
	at org.junit.runners.ParentRunner.runChildren(ParentRunner.java:329) ~[junit-4.13.2.jar:4.13.2]
	at org.junit.runners.ParentRunner.access$100(ParentRunner.java:66) ~[junit-4.13.2.jar:4.13.2]
	at org.junit.runners.ParentRunner$2.evaluate(ParentRunner.java:293) ~[junit-4.13.2.jar:4.13.2]
	at org.junit.runners.ParentRunner$3.evaluate(ParentRunner.java:306) ~[junit-4.13.2.jar:4.13.2]
	at org.junit.runners.ParentRunner.run(ParentRunner.java:413) ~[junit-4.13.2.jar:4.13.2]
	at io.cucumber.junit.FeatureRunner.run(FeatureRunner.java:137) ~[cucumber-junit-7.23.0.jar:7.23.0]
	at io.cucumber.junit.Cucumber.runChild(Cucumber.java:199) ~[cucumber-junit-7.23.0.jar:7.23.0]
	at io.cucumber.junit.Cucumber.runChild(Cucumber.java:89) ~[cucumber-junit-7.23.0.jar:7.23.0]
	at org.junit.runners.ParentRunner$4.run(ParentRunner.java:331) ~[junit-4.13.2.jar:4.13.2]
	at org.junit.runners.ParentRunner$1.schedule(ParentRunner.java:79) ~[junit-4.13.2.jar:4.13.2]
	at org.junit.runners.ParentRunner.runChildren(ParentRunner.java:329) ~[junit-4.13.2.jar:4.13.2]
	at org.junit.runners.ParentRunner.access$100(ParentRunner.java:66) ~[junit-4.13.2.jar:4.13.2]
	at org.junit.runners.ParentRunner$2.evaluate(ParentRunner.java:293) ~[junit-4.13.2.jar:4.13.2]
	at io.cucumber.core.runtime.CucumberExecutionContext.lambda$runFeatures$6(CucumberExecutionContext.java:147) ~[cucumber-core-7.23.0.jar:7.23.0]
	at io.cucumber.core.runtime.CucumberExecutionContext.execute(CucumberExecutionContext.java:162) [cucumber-core-7.23.0.jar:7.23.0]
	at io.cucumber.core.runtime.CucumberExecutionContext.runFeatures(CucumberExecutionContext.java:145) [cucumber-core-7.23.0.jar:7.23.0]
	at io.cucumber.junit.Cucumber$StartAndFinishTestRun.evaluate(Cucumber.java:229) [cucumber-junit-7.23.0.jar:7.23.0]
	at org.junit.runners.ParentRunner$3.evaluate(ParentRunner.java:306) [junit-4.13.2.jar:4.13.2]
	at org.junit.runners.ParentRunner.run(ParentRunner.java:413) [junit-4.13.2.jar:4.13.2]
	at org.junit.runner.JUnitCore.run(JUnitCore.java:137) [junit-4.13.2.jar:4.13.2]
	at com.intellij.junit4.JUnit4IdeaTestRunner.startRunnerWithArgs(JUnit4IdeaTestRunner.java:69) [junit-rt.jar:?]
	at com.intellij.rt.junit.IdeaTestRunner$Repeater$1.execute(IdeaTestRunner.java:38) [junit-rt.jar:?]
	at com.intellij.rt.execution.junit.TestsRepeater.repeat(TestsRepeater.java:11) [idea_rt.jar:?]
	at com.intellij.rt.junit.IdeaTestRunner$Repeater.startRunnerWithArgs(IdeaTestRunner.java:35) [junit-rt.jar:?]
	at com.intellij.rt.junit.JUnitStarter.prepareStreamsAndStart(JUnitStarter.java:232) [junit-rt.jar:?]
	at com.intellij.rt.junit.JUnitStarter.main(JUnitStarter.java:55) [junit-rt.jar:?]
12:48:30.557 [main]ERROR page.Student_DashBoard_InnerChatBox - Failed to enter mobile number: element not interactable
  (Session info: chrome=138.0.7204.184)
Build info: version: '4.33.0', revision: '2c6aaad03a'
System info: os.name: 'Windows 11', os.arch: 'amd64', os.version: '10.0', java.version: '23.0.2'
Driver info: org.openqa.selenium.chrome.ChromeDriver
Command: [c9114cad7740b4e63440e6938100c509, sendKeysToElement {id=f.9A6AD371039F6C363FDF3315ACB7D30F.d.CB0D47EAFB8771BFB99F57237619D54D.e.2702, value=[Ljava.lang.CharSequence;@2a097d77}]
Capabilities {acceptInsecureCerts: false, browserName: chrome, browserVersion: 138.0.7204.184, chrome: {chromedriverVersion: 138.0.7204.183 (e90faf484dd..., userDataDir: C:\Users\WIIS\AppData\Local...}, fedcm:accounts: true, goog:chromeOptions: {debuggerAddress: localhost:62672}, networkConnectionEnabled: false, pageLoadStrategy: normal, platformName: windows, proxy: Proxy(), se:cdp: ws://localhost:62672/devtoo..., se:cdpVersion: 138.0.7204.184, setWindowRect: true, strictFileInteractability: false, timeouts: {implicit: 0, pageLoad: 300000, script: 30000}, unhandledPromptBehavior: dismiss and notify, webauthn:extension:credBlob: true, webauthn:extension:largeBlob: true, webauthn:extension:minPinLength: true, webauthn:extension:prf: true, webauthn:virtualAuthenticators: true}
Element: [[ChromeDriver: chrome on windows (c9114cad7740b4e63440e6938100c509)] -> class name: form-control]
Session ID: c9114cad7740b4e63440e6938100c509
org.openqa.selenium.ElementNotInteractableException: element not interactable
  (Session info: chrome=138.0.7204.184)
Build info: version: '4.33.0', revision: '2c6aaad03a'
System info: os.name: 'Windows 11', os.arch: 'amd64', os.version: '10.0', java.version: '23.0.2'
Driver info: org.openqa.selenium.chrome.ChromeDriver
Command: [c9114cad7740b4e63440e6938100c509, sendKeysToElement {id=f.9A6AD371039F6C363FDF3315ACB7D30F.d.CB0D47EAFB8771BFB99F57237619D54D.e.2702, value=[Ljava.lang.CharSequence;@2a097d77}]
Capabilities {acceptInsecureCerts: false, browserName: chrome, browserVersion: 138.0.7204.184, chrome: {chromedriverVersion: 138.0.7204.183 (e90faf484dd..., userDataDir: C:\Users\WIIS\AppData\Local...}, fedcm:accounts: true, goog:chromeOptions: {debuggerAddress: localhost:62672}, networkConnectionEnabled: false, pageLoadStrategy: normal, platformName: windows, proxy: Proxy(), se:cdp: ws://localhost:62672/devtoo..., se:cdpVersion: 138.0.7204.184, setWindowRect: true, strictFileInteractability: false, timeouts: {implicit: 0, pageLoad: 300000, script: 30000}, unhandledPromptBehavior: dismiss and notify, webauthn:extension:credBlob: true, webauthn:extension:largeBlob: true, webauthn:extension:minPinLength: true, webauthn:extension:prf: true, webauthn:virtualAuthenticators: true}
Element: [[ChromeDriver: chrome on windows (c9114cad7740b4e63440e6938100c509)] -> class name: form-control]
Session ID: c9114cad7740b4e63440e6938100c509
	at jdk.internal.reflect.DirectConstructorHandleAccessor.newInstance(DirectConstructorHandleAccessor.java:62) ~[?:?]
	at java.lang.reflect.Constructor.newInstanceWithCaller(Constructor.java:501) ~[?:?]
	at java.lang.reflect.Constructor.newInstance(Constructor.java:485) ~[?:?]
	at org.openqa.selenium.remote.ErrorCodec.decode(ErrorCodec.java:167) ~[selenium-remote-driver-4.33.0.jar:?]
	at org.openqa.selenium.remote.codec.w3c.W3CHttpResponseCodec.decode(W3CHttpResponseCodec.java:138) ~[selenium-remote-driver-4.33.0.jar:?]
	at org.openqa.selenium.remote.codec.w3c.W3CHttpResponseCodec.decode(W3CHttpResponseCodec.java:50) ~[selenium-remote-driver-4.33.0.jar:?]
	at org.openqa.selenium.remote.HttpCommandExecutor.execute(HttpCommandExecutor.java:215) ~[selenium-remote-driver-4.33.0.jar:?]
	at org.openqa.selenium.remote.service.DriverCommandExecutor.invokeExecute(DriverCommandExecutor.java:216) ~[selenium-remote-driver-4.33.0.jar:?]
	at org.openqa.selenium.remote.service.DriverCommandExecutor.execute(DriverCommandExecutor.java:174) ~[selenium-remote-driver-4.33.0.jar:?]
	at org.openqa.selenium.remote.RemoteWebDriver.execute(RemoteWebDriver.java:544) ~[selenium-remote-driver-4.33.0.jar:?]
	at org.openqa.selenium.remote.RemoteWebElement.execute(RemoteWebElement.java:223) ~[selenium-remote-driver-4.33.0.jar:?]
	at org.openqa.selenium.remote.RemoteWebElement.sendKeys(RemoteWebElement.java:110) ~[selenium-remote-driver-4.33.0.jar:?]
	at page.Student_DashBoard_InnerChatBox.What_is_your_mobile_number(Student_DashBoard_InnerChatBox.java:660) ~[test-classes/:?]
	at stepDefinition.InnerSignUp_Chat_Detail.user_enter_mobile_number(InnerSignUp_Chat_Detail.java:165) ~[test-classes/:?]
	at jdk.internal.reflect.DirectMethodHandleAccessor.invoke(DirectMethodHandleAccessor.java:103) ~[?:?]
	at java.lang.reflect.Method.invoke(Method.java:580) ~[?:?]
	at io.cucumber.java.Invoker.doInvoke(Invoker.java:66) ~[cucumber-java-7.23.0.jar:7.23.0]
	at io.cucumber.java.Invoker.invoke(Invoker.java:24) ~[cucumber-java-7.23.0.jar:7.23.0]
	at io.cucumber.java.AbstractGlueDefinition.invokeMethod(AbstractGlueDefinition.java:47) ~[cucumber-java-7.23.0.jar:7.23.0]
	at io.cucumber.java.JavaStepDefinition.execute(JavaStepDefinition.java:29) ~[cucumber-java-7.23.0.jar:7.23.0]
	at io.cucumber.core.runner.CoreStepDefinition.execute(CoreStepDefinition.java:66) ~[cucumber-core-7.23.0.jar:7.23.0]
	at io.cucumber.core.runner.PickleStepDefinitionMatch.runStep(PickleStepDefinitionMatch.java:62) ~[cucumber-core-7.23.0.jar:7.23.0]
	at io.cucumber.core.runner.ExecutionMode$1.execute(ExecutionMode.java:10) ~[cucumber-core-7.23.0.jar:7.23.0]
	at io.cucumber.core.runner.TestStep.executeStep(TestStep.java:81) ~[cucumber-core-7.23.0.jar:7.23.0]
	at io.cucumber.core.runner.TestStep.run(TestStep.java:53) ~[cucumber-core-7.23.0.jar:7.23.0]
	at io.cucumber.core.runner.PickleStepTestStep.run(PickleStepTestStep.java:51) ~[cucumber-core-7.23.0.jar:7.23.0]
	at io.cucumber.core.runner.TestCase.run(TestCase.java:86) ~[cucumber-core-7.23.0.jar:7.23.0]
	at io.cucumber.core.runner.Runner.runPickle(Runner.java:77) ~[cucumber-core-7.23.0.jar:7.23.0]
	at io.cucumber.junit.PickleRunners$NoStepDescriptions.lambda$run$0(PickleRunners.java:151) ~[cucumber-junit-7.23.0.jar:7.23.0]
	at io.cucumber.core.runtime.CucumberExecutionContext.lambda$runTestCase$5(CucumberExecutionContext.java:136) ~[cucumber-core-7.23.0.jar:7.23.0]
	at io.cucumber.core.runtime.RethrowingThrowableCollector.executeAndThrow(RethrowingThrowableCollector.java:23) ~[cucumber-core-7.23.0.jar:7.23.0]
	at io.cucumber.core.runtime.CucumberExecutionContext.runTestCase(CucumberExecutionContext.java:136) ~[cucumber-core-7.23.0.jar:7.23.0]
	at io.cucumber.junit.PickleRunners$NoStepDescriptions.run(PickleRunners.java:148) ~[cucumber-junit-7.23.0.jar:7.23.0]
	at io.cucumber.junit.FeatureRunner.runChild(FeatureRunner.java:144) ~[cucumber-junit-7.23.0.jar:7.23.0]
	at io.cucumber.junit.FeatureRunner.runChild(FeatureRunner.java:28) ~[cucumber-junit-7.23.0.jar:7.23.0]
	at org.junit.runners.ParentRunner$4.run(ParentRunner.java:331) ~[junit-4.13.2.jar:4.13.2]
	at org.junit.runners.ParentRunner$1.schedule(ParentRunner.java:79) ~[junit-4.13.2.jar:4.13.2]
	at org.junit.runners.ParentRunner.runChildren(ParentRunner.java:329) ~[junit-4.13.2.jar:4.13.2]
	at org.junit.runners.ParentRunner.access$100(ParentRunner.java:66) ~[junit-4.13.2.jar:4.13.2]
	at org.junit.runners.ParentRunner$2.evaluate(ParentRunner.java:293) ~[junit-4.13.2.jar:4.13.2]
	at org.junit.runners.ParentRunner$3.evaluate(ParentRunner.java:306) ~[junit-4.13.2.jar:4.13.2]
	at org.junit.runners.ParentRunner.run(ParentRunner.java:413) ~[junit-4.13.2.jar:4.13.2]
	at io.cucumber.junit.FeatureRunner.run(FeatureRunner.java:137) ~[cucumber-junit-7.23.0.jar:7.23.0]
	at io.cucumber.junit.Cucumber.runChild(Cucumber.java:199) ~[cucumber-junit-7.23.0.jar:7.23.0]
	at io.cucumber.junit.Cucumber.runChild(Cucumber.java:89) ~[cucumber-junit-7.23.0.jar:7.23.0]
	at org.junit.runners.ParentRunner$4.run(ParentRunner.java:331) ~[junit-4.13.2.jar:4.13.2]
	at org.junit.runners.ParentRunner$1.schedule(ParentRunner.java:79) ~[junit-4.13.2.jar:4.13.2]
	at org.junit.runners.ParentRunner.runChildren(ParentRunner.java:329) ~[junit-4.13.2.jar:4.13.2]
	at org.junit.runners.ParentRunner.access$100(ParentRunner.java:66) ~[junit-4.13.2.jar:4.13.2]
	at org.junit.runners.ParentRunner$2.evaluate(ParentRunner.java:293) ~[junit-4.13.2.jar:4.13.2]
	at io.cucumber.core.runtime.CucumberExecutionContext.lambda$runFeatures$6(CucumberExecutionContext.java:147) ~[cucumber-core-7.23.0.jar:7.23.0]
	at io.cucumber.core.runtime.CucumberExecutionContext.execute(CucumberExecutionContext.java:162) [cucumber-core-7.23.0.jar:7.23.0]
	at io.cucumber.core.runtime.CucumberExecutionContext.runFeatures(CucumberExecutionContext.java:145) [cucumber-core-7.23.0.jar:7.23.0]
	at io.cucumber.junit.Cucumber$StartAndFinishTestRun.evaluate(Cucumber.java:229) [cucumber-junit-7.23.0.jar:7.23.0]
	at org.junit.runners.ParentRunner$3.evaluate(ParentRunner.java:306) [junit-4.13.2.jar:4.13.2]
	at org.junit.runners.ParentRunner.run(ParentRunner.java:413) [junit-4.13.2.jar:4.13.2]
	at org.junit.runner.JUnitCore.run(JUnitCore.java:137) [junit-4.13.2.jar:4.13.2]
	at com.intellij.junit4.JUnit4IdeaTestRunner.startRunnerWithArgs(JUnit4IdeaTestRunner.java:69) [junit-rt.jar:?]
	at com.intellij.rt.junit.IdeaTestRunner$Repeater$1.execute(IdeaTestRunner.java:38) [junit-rt.jar:?]
	at com.intellij.rt.execution.junit.TestsRepeater.repeat(TestsRepeater.java:11) [idea_rt.jar:?]
	at com.intellij.rt.junit.IdeaTestRunner$Repeater.startRunnerWithArgs(IdeaTestRunner.java:35) [junit-rt.jar:?]
	at com.intellij.rt.junit.JUnitStarter.prepareStreamsAndStart(JUnitStarter.java:232) [junit-rt.jar:?]
	at com.intellij.rt.junit.JUnitStarter.main(JUnitStarter.java:55) [junit-rt.jar:?]
12:48:42.800 [main]ERROR page.Student_DashBoard_InnerChatBox - Failed to select subject name: Expected condition failed: waiting for element to be clickable: By.className: css-19bb58m (tried for 10 second(s) with 500 milliseconds interval)
Build info: version: '4.33.0', revision: '2c6aaad03a'
System info: os.name: 'Windows 11', os.arch: 'amd64', os.version: '10.0', java.version: '23.0.2'
Driver info: org.openqa.selenium.chrome.ChromeDriver
Capabilities {acceptInsecureCerts: false, browserName: chrome, browserVersion: 138.0.7204.184, chrome: {chromedriverVersion: 138.0.7204.183 (e90faf484dd..., userDataDir: C:\Users\WIIS\AppData\Local...}, fedcm:accounts: true, goog:chromeOptions: {debuggerAddress: localhost:62672}, networkConnectionEnabled: false, pageLoadStrategy: normal, platformName: windows, proxy: Proxy(), se:cdp: ws://localhost:62672/devtoo..., se:cdpVersion: 138.0.7204.184, setWindowRect: true, strictFileInteractability: false, timeouts: {implicit: 0, pageLoad: 300000, script: 30000}, unhandledPromptBehavior: dismiss and notify, webauthn:extension:credBlob: true, webauthn:extension:largeBlob: true, webauthn:extension:minPinLength: true, webauthn:extension:prf: true, webauthn:virtualAuthenticators: true}
Session ID: c9114cad7740b4e63440e6938100c509
org.openqa.selenium.TimeoutException: Expected condition failed: waiting for element to be clickable: By.className: css-19bb58m (tried for 10 second(s) with 500 milliseconds interval)
Build info: version: '4.33.0', revision: '2c6aaad03a'
System info: os.name: 'Windows 11', os.arch: 'amd64', os.version: '10.0', java.version: '23.0.2'
Driver info: org.openqa.selenium.chrome.ChromeDriver
Capabilities {acceptInsecureCerts: false, browserName: chrome, browserVersion: 138.0.7204.184, chrome: {chromedriverVersion: 138.0.7204.183 (e90faf484dd..., userDataDir: C:\Users\WIIS\AppData\Local...}, fedcm:accounts: true, goog:chromeOptions: {debuggerAddress: localhost:62672}, networkConnectionEnabled: false, pageLoadStrategy: normal, platformName: windows, proxy: Proxy(), se:cdp: ws://localhost:62672/devtoo..., se:cdpVersion: 138.0.7204.184, setWindowRect: true, strictFileInteractability: false, timeouts: {implicit: 0, pageLoad: 300000, script: 30000}, unhandledPromptBehavior: dismiss and notify, webauthn:extension:credBlob: true, webauthn:extension:largeBlob: true, webauthn:extension:minPinLength: true, webauthn:extension:prf: true, webauthn:virtualAuthenticators: true}
Session ID: c9114cad7740b4e63440e6938100c509
	at org.openqa.selenium.support.ui.WebDriverWait.timeoutException(WebDriverWait.java:84) ~[selenium-support-4.33.0.jar:?]
	at org.openqa.selenium.support.ui.FluentWait.until(FluentWait.java:228) ~[selenium-support-4.33.0.jar:?]
	at utility.WaitHelper.waitForClickable(WaitHelper.java:28) ~[test-classes/:?]
	at page.Student_DashBoard_InnerChatBox.Select_your_subject_name(Student_DashBoard_InnerChatBox.java:688) ~[test-classes/:?]
	at stepDefinition.InnerSignUp_Chat_Detail.user_select_your_subject_name(InnerSignUp_Chat_Detail.java:175) ~[test-classes/:?]
	at jdk.internal.reflect.DirectMethodHandleAccessor.invoke(DirectMethodHandleAccessor.java:103) ~[?:?]
	at java.lang.reflect.Method.invoke(Method.java:580) ~[?:?]
	at io.cucumber.java.Invoker.doInvoke(Invoker.java:66) ~[cucumber-java-7.23.0.jar:7.23.0]
	at io.cucumber.java.Invoker.invoke(Invoker.java:24) ~[cucumber-java-7.23.0.jar:7.23.0]
	at io.cucumber.java.AbstractGlueDefinition.invokeMethod(AbstractGlueDefinition.java:47) ~[cucumber-java-7.23.0.jar:7.23.0]
	at io.cucumber.java.JavaStepDefinition.execute(JavaStepDefinition.java:29) ~[cucumber-java-7.23.0.jar:7.23.0]
	at io.cucumber.core.runner.CoreStepDefinition.execute(CoreStepDefinition.java:66) ~[cucumber-core-7.23.0.jar:7.23.0]
	at io.cucumber.core.runner.PickleStepDefinitionMatch.runStep(PickleStepDefinitionMatch.java:62) ~[cucumber-core-7.23.0.jar:7.23.0]
	at io.cucumber.core.runner.ExecutionMode$1.execute(ExecutionMode.java:10) ~[cucumber-core-7.23.0.jar:7.23.0]
	at io.cucumber.core.runner.TestStep.executeStep(TestStep.java:81) ~[cucumber-core-7.23.0.jar:7.23.0]
	at io.cucumber.core.runner.TestStep.run(TestStep.java:53) ~[cucumber-core-7.23.0.jar:7.23.0]
	at io.cucumber.core.runner.PickleStepTestStep.run(PickleStepTestStep.java:51) ~[cucumber-core-7.23.0.jar:7.23.0]
	at io.cucumber.core.runner.TestCase.run(TestCase.java:86) ~[cucumber-core-7.23.0.jar:7.23.0]
	at io.cucumber.core.runner.Runner.runPickle(Runner.java:77) ~[cucumber-core-7.23.0.jar:7.23.0]
	at io.cucumber.junit.PickleRunners$NoStepDescriptions.lambda$run$0(PickleRunners.java:151) ~[cucumber-junit-7.23.0.jar:7.23.0]
	at io.cucumber.core.runtime.CucumberExecutionContext.lambda$runTestCase$5(CucumberExecutionContext.java:136) ~[cucumber-core-7.23.0.jar:7.23.0]
	at io.cucumber.core.runtime.RethrowingThrowableCollector.executeAndThrow(RethrowingThrowableCollector.java:23) ~[cucumber-core-7.23.0.jar:7.23.0]
	at io.cucumber.core.runtime.CucumberExecutionContext.runTestCase(CucumberExecutionContext.java:136) ~[cucumber-core-7.23.0.jar:7.23.0]
	at io.cucumber.junit.PickleRunners$NoStepDescriptions.run(PickleRunners.java:148) ~[cucumber-junit-7.23.0.jar:7.23.0]
	at io.cucumber.junit.FeatureRunner.runChild(FeatureRunner.java:144) ~[cucumber-junit-7.23.0.jar:7.23.0]
	at io.cucumber.junit.FeatureRunner.runChild(FeatureRunner.java:28) ~[cucumber-junit-7.23.0.jar:7.23.0]
	at org.junit.runners.ParentRunner$4.run(ParentRunner.java:331) ~[junit-4.13.2.jar:4.13.2]
	at org.junit.runners.ParentRunner$1.schedule(ParentRunner.java:79) ~[junit-4.13.2.jar:4.13.2]
	at org.junit.runners.ParentRunner.runChildren(ParentRunner.java:329) ~[junit-4.13.2.jar:4.13.2]
	at org.junit.runners.ParentRunner.access$100(ParentRunner.java:66) ~[junit-4.13.2.jar:4.13.2]
	at org.junit.runners.ParentRunner$2.evaluate(ParentRunner.java:293) ~[junit-4.13.2.jar:4.13.2]
	at org.junit.runners.ParentRunner$3.evaluate(ParentRunner.java:306) ~[junit-4.13.2.jar:4.13.2]
	at org.junit.runners.ParentRunner.run(ParentRunner.java:413) ~[junit-4.13.2.jar:4.13.2]
	at io.cucumber.junit.FeatureRunner.run(FeatureRunner.java:137) ~[cucumber-junit-7.23.0.jar:7.23.0]
	at io.cucumber.junit.Cucumber.runChild(Cucumber.java:199) ~[cucumber-junit-7.23.0.jar:7.23.0]
	at io.cucumber.junit.Cucumber.runChild(Cucumber.java:89) ~[cucumber-junit-7.23.0.jar:7.23.0]
	at org.junit.runners.ParentRunner$4.run(ParentRunner.java:331) ~[junit-4.13.2.jar:4.13.2]
	at org.junit.runners.ParentRunner$1.schedule(ParentRunner.java:79) ~[junit-4.13.2.jar:4.13.2]
	at org.junit.runners.ParentRunner.runChildren(ParentRunner.java:329) ~[junit-4.13.2.jar:4.13.2]
	at org.junit.runners.ParentRunner.access$100(ParentRunner.java:66) ~[junit-4.13.2.jar:4.13.2]
	at org.junit.runners.ParentRunner$2.evaluate(ParentRunner.java:293) ~[junit-4.13.2.jar:4.13.2]
	at io.cucumber.core.runtime.CucumberExecutionContext.lambda$runFeatures$6(CucumberExecutionContext.java:147) ~[cucumber-core-7.23.0.jar:7.23.0]
	at io.cucumber.core.runtime.CucumberExecutionContext.execute(CucumberExecutionContext.java:162) [cucumber-core-7.23.0.jar:7.23.0]
	at io.cucumber.core.runtime.CucumberExecutionContext.runFeatures(CucumberExecutionContext.java:145) [cucumber-core-7.23.0.jar:7.23.0]
	at io.cucumber.junit.Cucumber$StartAndFinishTestRun.evaluate(Cucumber.java:229) [cucumber-junit-7.23.0.jar:7.23.0]
	at org.junit.runners.ParentRunner$3.evaluate(ParentRunner.java:306) [junit-4.13.2.jar:4.13.2]
	at org.junit.runners.ParentRunner.run(ParentRunner.java:413) [junit-4.13.2.jar:4.13.2]
	at org.junit.runner.JUnitCore.run(JUnitCore.java:137) [junit-4.13.2.jar:4.13.2]
	at com.intellij.junit4.JUnit4IdeaTestRunner.startRunnerWithArgs(JUnit4IdeaTestRunner.java:69) [junit-rt.jar:?]
	at com.intellij.rt.junit.IdeaTestRunner$Repeater$1.execute(IdeaTestRunner.java:38) [junit-rt.jar:?]
	at com.intellij.rt.execution.junit.TestsRepeater.repeat(TestsRepeater.java:11) [idea_rt.jar:?]
	at com.intellij.rt.junit.IdeaTestRunner$Repeater.startRunnerWithArgs(IdeaTestRunner.java:35) [junit-rt.jar:?]
	at com.intellij.rt.junit.JUnitStarter.prepareStreamsAndStart(JUnitStarter.java:232) [junit-rt.jar:?]
	at com.intellij.rt.junit.JUnitStarter.main(JUnitStarter.java:55) [junit-rt.jar:?]
12:48:53.031 [main]ERROR page.Student_DashBoard_InnerChatBox - Failed to select teacher name: Expected condition failed: waiting for element to be clickable: By.className: css-19bb58m (tried for 10 second(s) with 500 milliseconds interval)
Build info: version: '4.33.0', revision: '2c6aaad03a'
System info: os.name: 'Windows 11', os.arch: 'amd64', os.version: '10.0', java.version: '23.0.2'
Driver info: org.openqa.selenium.chrome.ChromeDriver
Capabilities {acceptInsecureCerts: false, browserName: chrome, browserVersion: 138.0.7204.184, chrome: {chromedriverVersion: 138.0.7204.183 (e90faf484dd..., userDataDir: C:\Users\WIIS\AppData\Local...}, fedcm:accounts: true, goog:chromeOptions: {debuggerAddress: localhost:62672}, networkConnectionEnabled: false, pageLoadStrategy: normal, platformName: windows, proxy: Proxy(), se:cdp: ws://localhost:62672/devtoo..., se:cdpVersion: 138.0.7204.184, setWindowRect: true, strictFileInteractability: false, timeouts: {implicit: 0, pageLoad: 300000, script: 30000}, unhandledPromptBehavior: dismiss and notify, webauthn:extension:credBlob: true, webauthn:extension:largeBlob: true, webauthn:extension:minPinLength: true, webauthn:extension:prf: true, webauthn:virtualAuthenticators: true}
Session ID: c9114cad7740b4e63440e6938100c509
org.openqa.selenium.TimeoutException: Expected condition failed: waiting for element to be clickable: By.className: css-19bb58m (tried for 10 second(s) with 500 milliseconds interval)
Build info: version: '4.33.0', revision: '2c6aaad03a'
System info: os.name: 'Windows 11', os.arch: 'amd64', os.version: '10.0', java.version: '23.0.2'
Driver info: org.openqa.selenium.chrome.ChromeDriver
Capabilities {acceptInsecureCerts: false, browserName: chrome, browserVersion: 138.0.7204.184, chrome: {chromedriverVersion: 138.0.7204.183 (e90faf484dd..., userDataDir: C:\Users\WIIS\AppData\Local...}, fedcm:accounts: true, goog:chromeOptions: {debuggerAddress: localhost:62672}, networkConnectionEnabled: false, pageLoadStrategy: normal, platformName: windows, proxy: Proxy(), se:cdp: ws://localhost:62672/devtoo..., se:cdpVersion: 138.0.7204.184, setWindowRect: true, strictFileInteractability: false, timeouts: {implicit: 0, pageLoad: 300000, script: 30000}, unhandledPromptBehavior: dismiss and notify, webauthn:extension:credBlob: true, webauthn:extension:largeBlob: true, webauthn:extension:minPinLength: true, webauthn:extension:prf: true, webauthn:virtualAuthenticators: true}
Session ID: c9114cad7740b4e63440e6938100c509
	at org.openqa.selenium.support.ui.WebDriverWait.timeoutException(WebDriverWait.java:84) ~[selenium-support-4.33.0.jar:?]
	at org.openqa.selenium.support.ui.FluentWait.until(FluentWait.java:228) ~[selenium-support-4.33.0.jar:?]
	at utility.WaitHelper.waitForClickable(WaitHelper.java:28) ~[test-classes/:?]
	at page.Student_DashBoard_InnerChatBox.user_select_teacherName(Student_DashBoard_InnerChatBox.java:459) ~[test-classes/:?]
	at stepDefinition.InnerSignUp_Chat_Detail.userSelectTeacher(InnerSignUp_Chat_Detail.java:251) ~[test-classes/:?]
	at jdk.internal.reflect.DirectMethodHandleAccessor.invoke(DirectMethodHandleAccessor.java:103) ~[?:?]
	at java.lang.reflect.Method.invoke(Method.java:580) ~[?:?]
	at io.cucumber.java.Invoker.doInvoke(Invoker.java:66) ~[cucumber-java-7.23.0.jar:7.23.0]
	at io.cucumber.java.Invoker.invoke(Invoker.java:24) ~[cucumber-java-7.23.0.jar:7.23.0]
	at io.cucumber.java.AbstractGlueDefinition.invokeMethod(AbstractGlueDefinition.java:47) ~[cucumber-java-7.23.0.jar:7.23.0]
	at io.cucumber.java.JavaStepDefinition.execute(JavaStepDefinition.java:29) ~[cucumber-java-7.23.0.jar:7.23.0]
	at io.cucumber.core.runner.CoreStepDefinition.execute(CoreStepDefinition.java:66) ~[cucumber-core-7.23.0.jar:7.23.0]
	at io.cucumber.core.runner.PickleStepDefinitionMatch.runStep(PickleStepDefinitionMatch.java:62) ~[cucumber-core-7.23.0.jar:7.23.0]
	at io.cucumber.core.runner.ExecutionMode$1.execute(ExecutionMode.java:10) ~[cucumber-core-7.23.0.jar:7.23.0]
	at io.cucumber.core.runner.TestStep.executeStep(TestStep.java:81) ~[cucumber-core-7.23.0.jar:7.23.0]
	at io.cucumber.core.runner.TestStep.run(TestStep.java:53) ~[cucumber-core-7.23.0.jar:7.23.0]
	at io.cucumber.core.runner.PickleStepTestStep.run(PickleStepTestStep.java:51) ~[cucumber-core-7.23.0.jar:7.23.0]
	at io.cucumber.core.runner.TestCase.run(TestCase.java:86) ~[cucumber-core-7.23.0.jar:7.23.0]
	at io.cucumber.core.runner.Runner.runPickle(Runner.java:77) ~[cucumber-core-7.23.0.jar:7.23.0]
	at io.cucumber.junit.PickleRunners$NoStepDescriptions.lambda$run$0(PickleRunners.java:151) ~[cucumber-junit-7.23.0.jar:7.23.0]
	at io.cucumber.core.runtime.CucumberExecutionContext.lambda$runTestCase$5(CucumberExecutionContext.java:136) ~[cucumber-core-7.23.0.jar:7.23.0]
	at io.cucumber.core.runtime.RethrowingThrowableCollector.executeAndThrow(RethrowingThrowableCollector.java:23) ~[cucumber-core-7.23.0.jar:7.23.0]
	at io.cucumber.core.runtime.CucumberExecutionContext.runTestCase(CucumberExecutionContext.java:136) ~[cucumber-core-7.23.0.jar:7.23.0]
	at io.cucumber.junit.PickleRunners$NoStepDescriptions.run(PickleRunners.java:148) ~[cucumber-junit-7.23.0.jar:7.23.0]
	at io.cucumber.junit.FeatureRunner.runChild(FeatureRunner.java:144) ~[cucumber-junit-7.23.0.jar:7.23.0]
	at io.cucumber.junit.FeatureRunner.runChild(FeatureRunner.java:28) ~[cucumber-junit-7.23.0.jar:7.23.0]
	at org.junit.runners.ParentRunner$4.run(ParentRunner.java:331) ~[junit-4.13.2.jar:4.13.2]
	at org.junit.runners.ParentRunner$1.schedule(ParentRunner.java:79) ~[junit-4.13.2.jar:4.13.2]
	at org.junit.runners.ParentRunner.runChildren(ParentRunner.java:329) ~[junit-4.13.2.jar:4.13.2]
	at org.junit.runners.ParentRunner.access$100(ParentRunner.java:66) ~[junit-4.13.2.jar:4.13.2]
	at org.junit.runners.ParentRunner$2.evaluate(ParentRunner.java:293) ~[junit-4.13.2.jar:4.13.2]
	at org.junit.runners.ParentRunner$3.evaluate(ParentRunner.java:306) ~[junit-4.13.2.jar:4.13.2]
	at org.junit.runners.ParentRunner.run(ParentRunner.java:413) ~[junit-4.13.2.jar:4.13.2]
	at io.cucumber.junit.FeatureRunner.run(FeatureRunner.java:137) ~[cucumber-junit-7.23.0.jar:7.23.0]
	at io.cucumber.junit.Cucumber.runChild(Cucumber.java:199) ~[cucumber-junit-7.23.0.jar:7.23.0]
	at io.cucumber.junit.Cucumber.runChild(Cucumber.java:89) ~[cucumber-junit-7.23.0.jar:7.23.0]
	at org.junit.runners.ParentRunner$4.run(ParentRunner.java:331) ~[junit-4.13.2.jar:4.13.2]
	at org.junit.runners.ParentRunner$1.schedule(ParentRunner.java:79) ~[junit-4.13.2.jar:4.13.2]
	at org.junit.runners.ParentRunner.runChildren(ParentRunner.java:329) ~[junit-4.13.2.jar:4.13.2]
	at org.junit.runners.ParentRunner.access$100(ParentRunner.java:66) ~[junit-4.13.2.jar:4.13.2]
	at org.junit.runners.ParentRunner$2.evaluate(ParentRunner.java:293) ~[junit-4.13.2.jar:4.13.2]
	at io.cucumber.core.runtime.CucumberExecutionContext.lambda$runFeatures$6(CucumberExecutionContext.java:147) ~[cucumber-core-7.23.0.jar:7.23.0]
	at io.cucumber.core.runtime.CucumberExecutionContext.execute(CucumberExecutionContext.java:162) [cucumber-core-7.23.0.jar:7.23.0]
	at io.cucumber.core.runtime.CucumberExecutionContext.runFeatures(CucumberExecutionContext.java:145) [cucumber-core-7.23.0.jar:7.23.0]
	at io.cucumber.junit.Cucumber$StartAndFinishTestRun.evaluate(Cucumber.java:229) [cucumber-junit-7.23.0.jar:7.23.0]
	at org.junit.runners.ParentRunner$3.evaluate(ParentRunner.java:306) [junit-4.13.2.jar:4.13.2]
	at org.junit.runners.ParentRunner.run(ParentRunner.java:413) [junit-4.13.2.jar:4.13.2]
	at org.junit.runner.JUnitCore.run(JUnitCore.java:137) [junit-4.13.2.jar:4.13.2]
	at com.intellij.junit4.JUnit4IdeaTestRunner.startRunnerWithArgs(JUnit4IdeaTestRunner.java:69) [junit-rt.jar:?]
	at com.intellij.rt.junit.IdeaTestRunner$Repeater$1.execute(IdeaTestRunner.java:38) [junit-rt.jar:?]
	at com.intellij.rt.execution.junit.TestsRepeater.repeat(TestsRepeater.java:11) [idea_rt.jar:?]
	at com.intellij.rt.junit.IdeaTestRunner$Repeater.startRunnerWithArgs(IdeaTestRunner.java:35) [junit-rt.jar:?]
	at com.intellij.rt.junit.JUnitStarter.prepareStreamsAndStart(JUnitStarter.java:232) [junit-rt.jar:?]
	at com.intellij.rt.junit.JUnitStarter.main(JUnitStarter.java:55) [junit-rt.jar:?]
12:48:53.204 [main]INFO  page.Student_DashBoard_InnerChatBox - Entering Parent Email ID.: tregreibramudeu-2370@yopmail.com
12:49:03.251 [main]ERROR page.Student_DashBoard_InnerChatBox - Failed to Enter the parent email id: Expected condition failed: waiting for visibility of element located by By.xpath: //input[@placeholder='Type your answer and press enter'] (tried for 10 second(s) with 500 milliseconds interval)
Build info: version: '4.33.0', revision: '2c6aaad03a'
System info: os.name: 'Windows 11', os.arch: 'amd64', os.version: '10.0', java.version: '23.0.2'
Driver info: org.openqa.selenium.chrome.ChromeDriver
Capabilities {acceptInsecureCerts: false, browserName: chrome, browserVersion: 138.0.7204.184, chrome: {chromedriverVersion: 138.0.7204.183 (e90faf484dd..., userDataDir: C:\Users\WIIS\AppData\Local...}, fedcm:accounts: true, goog:chromeOptions: {debuggerAddress: localhost:62672}, networkConnectionEnabled: false, pageLoadStrategy: normal, platformName: windows, proxy: Proxy(), se:cdp: ws://localhost:62672/devtoo..., se:cdpVersion: 138.0.7204.184, setWindowRect: true, strictFileInteractability: false, timeouts: {implicit: 0, pageLoad: 300000, script: 30000}, unhandledPromptBehavior: dismiss and notify, webauthn:extension:credBlob: true, webauthn:extension:largeBlob: true, webauthn:extension:minPinLength: true, webauthn:extension:prf: true, webauthn:virtualAuthenticators: true}
Session ID: c9114cad7740b4e63440e6938100c509
org.openqa.selenium.TimeoutException: Expected condition failed: waiting for visibility of element located by By.xpath: //input[@placeholder='Type your answer and press enter'] (tried for 10 second(s) with 500 milliseconds interval)
Build info: version: '4.33.0', revision: '2c6aaad03a'
System info: os.name: 'Windows 11', os.arch: 'amd64', os.version: '10.0', java.version: '23.0.2'
Driver info: org.openqa.selenium.chrome.ChromeDriver
Capabilities {acceptInsecureCerts: false, browserName: chrome, browserVersion: 138.0.7204.184, chrome: {chromedriverVersion: 138.0.7204.183 (e90faf484dd..., userDataDir: C:\Users\WIIS\AppData\Local...}, fedcm:accounts: true, goog:chromeOptions: {debuggerAddress: localhost:62672}, networkConnectionEnabled: false, pageLoadStrategy: normal, platformName: windows, proxy: Proxy(), se:cdp: ws://localhost:62672/devtoo..., se:cdpVersion: 138.0.7204.184, setWindowRect: true, strictFileInteractability: false, timeouts: {implicit: 0, pageLoad: 300000, script: 30000}, unhandledPromptBehavior: dismiss and notify, webauthn:extension:credBlob: true, webauthn:extension:largeBlob: true, webauthn:extension:minPinLength: true, webauthn:extension:prf: true, webauthn:virtualAuthenticators: true}
Session ID: c9114cad7740b4e63440e6938100c509
	at org.openqa.selenium.support.ui.WebDriverWait.timeoutException(WebDriverWait.java:84) ~[selenium-support-4.33.0.jar:?]
	at org.openqa.selenium.support.ui.FluentWait.until(FluentWait.java:228) ~[selenium-support-4.33.0.jar:?]
	at utility.WaitHelper.waitForVisibility(WaitHelper.java:22) ~[test-classes/:?]
	at page.Student_DashBoard_InnerChatBox.enter_the_parentEmailID(Student_DashBoard_InnerChatBox.java:484) ~[test-classes/:?]
	at stepDefinition.InnerSignUp_Chat_Detail.userEnterTheParentEmailID(InnerSignUp_Chat_Detail.java:180) ~[test-classes/:?]
	at jdk.internal.reflect.DirectMethodHandleAccessor.invoke(DirectMethodHandleAccessor.java:103) ~[?:?]
	at java.lang.reflect.Method.invoke(Method.java:580) ~[?:?]
	at io.cucumber.java.Invoker.doInvoke(Invoker.java:66) ~[cucumber-java-7.23.0.jar:7.23.0]
	at io.cucumber.java.Invoker.invoke(Invoker.java:24) ~[cucumber-java-7.23.0.jar:7.23.0]
	at io.cucumber.java.AbstractGlueDefinition.invokeMethod(AbstractGlueDefinition.java:47) ~[cucumber-java-7.23.0.jar:7.23.0]
	at io.cucumber.java.JavaStepDefinition.execute(JavaStepDefinition.java:29) ~[cucumber-java-7.23.0.jar:7.23.0]
	at io.cucumber.core.runner.CoreStepDefinition.execute(CoreStepDefinition.java:66) ~[cucumber-core-7.23.0.jar:7.23.0]
	at io.cucumber.core.runner.PickleStepDefinitionMatch.runStep(PickleStepDefinitionMatch.java:62) ~[cucumber-core-7.23.0.jar:7.23.0]
	at io.cucumber.core.runner.ExecutionMode$1.execute(ExecutionMode.java:10) ~[cucumber-core-7.23.0.jar:7.23.0]
	at io.cucumber.core.runner.TestStep.executeStep(TestStep.java:81) ~[cucumber-core-7.23.0.jar:7.23.0]
	at io.cucumber.core.runner.TestStep.run(TestStep.java:53) ~[cucumber-core-7.23.0.jar:7.23.0]
	at io.cucumber.core.runner.PickleStepTestStep.run(PickleStepTestStep.java:51) ~[cucumber-core-7.23.0.jar:7.23.0]
	at io.cucumber.core.runner.TestCase.run(TestCase.java:86) ~[cucumber-core-7.23.0.jar:7.23.0]
	at io.cucumber.core.runner.Runner.runPickle(Runner.java:77) ~[cucumber-core-7.23.0.jar:7.23.0]
	at io.cucumber.junit.PickleRunners$NoStepDescriptions.lambda$run$0(PickleRunners.java:151) ~[cucumber-junit-7.23.0.jar:7.23.0]
	at io.cucumber.core.runtime.CucumberExecutionContext.lambda$runTestCase$5(CucumberExecutionContext.java:136) ~[cucumber-core-7.23.0.jar:7.23.0]
	at io.cucumber.core.runtime.RethrowingThrowableCollector.executeAndThrow(RethrowingThrowableCollector.java:23) ~[cucumber-core-7.23.0.jar:7.23.0]
	at io.cucumber.core.runtime.CucumberExecutionContext.runTestCase(CucumberExecutionContext.java:136) ~[cucumber-core-7.23.0.jar:7.23.0]
	at io.cucumber.junit.PickleRunners$NoStepDescriptions.run(PickleRunners.java:148) ~[cucumber-junit-7.23.0.jar:7.23.0]
	at io.cucumber.junit.FeatureRunner.runChild(FeatureRunner.java:144) ~[cucumber-junit-7.23.0.jar:7.23.0]
	at io.cucumber.junit.FeatureRunner.runChild(FeatureRunner.java:28) ~[cucumber-junit-7.23.0.jar:7.23.0]
	at org.junit.runners.ParentRunner$4.run(ParentRunner.java:331) ~[junit-4.13.2.jar:4.13.2]
	at org.junit.runners.ParentRunner$1.schedule(ParentRunner.java:79) ~[junit-4.13.2.jar:4.13.2]
	at org.junit.runners.ParentRunner.runChildren(ParentRunner.java:329) ~[junit-4.13.2.jar:4.13.2]
	at org.junit.runners.ParentRunner.access$100(ParentRunner.java:66) ~[junit-4.13.2.jar:4.13.2]
	at org.junit.runners.ParentRunner$2.evaluate(ParentRunner.java:293) ~[junit-4.13.2.jar:4.13.2]
	at org.junit.runners.ParentRunner$3.evaluate(ParentRunner.java:306) ~[junit-4.13.2.jar:4.13.2]
	at org.junit.runners.ParentRunner.run(ParentRunner.java:413) ~[junit-4.13.2.jar:4.13.2]
	at io.cucumber.junit.FeatureRunner.run(FeatureRunner.java:137) ~[cucumber-junit-7.23.0.jar:7.23.0]
	at io.cucumber.junit.Cucumber.runChild(Cucumber.java:199) ~[cucumber-junit-7.23.0.jar:7.23.0]
	at io.cucumber.junit.Cucumber.runChild(Cucumber.java:89) ~[cucumber-junit-7.23.0.jar:7.23.0]
	at org.junit.runners.ParentRunner$4.run(ParentRunner.java:331) ~[junit-4.13.2.jar:4.13.2]
	at org.junit.runners.ParentRunner$1.schedule(ParentRunner.java:79) ~[junit-4.13.2.jar:4.13.2]
	at org.junit.runners.ParentRunner.runChildren(ParentRunner.java:329) ~[junit-4.13.2.jar:4.13.2]
	at org.junit.runners.ParentRunner.access$100(ParentRunner.java:66) ~[junit-4.13.2.jar:4.13.2]
	at org.junit.runners.ParentRunner$2.evaluate(ParentRunner.java:293) ~[junit-4.13.2.jar:4.13.2]
	at io.cucumber.core.runtime.CucumberExecutionContext.lambda$runFeatures$6(CucumberExecutionContext.java:147) ~[cucumber-core-7.23.0.jar:7.23.0]
	at io.cucumber.core.runtime.CucumberExecutionContext.execute(CucumberExecutionContext.java:162) [cucumber-core-7.23.0.jar:7.23.0]
	at io.cucumber.core.runtime.CucumberExecutionContext.runFeatures(CucumberExecutionContext.java:145) [cucumber-core-7.23.0.jar:7.23.0]
	at io.cucumber.junit.Cucumber$StartAndFinishTestRun.evaluate(Cucumber.java:229) [cucumber-junit-7.23.0.jar:7.23.0]
	at org.junit.runners.ParentRunner$3.evaluate(ParentRunner.java:306) [junit-4.13.2.jar:4.13.2]
	at org.junit.runners.ParentRunner.run(ParentRunner.java:413) [junit-4.13.2.jar:4.13.2]
	at org.junit.runner.JUnitCore.run(JUnitCore.java:137) [junit-4.13.2.jar:4.13.2]
	at com.intellij.junit4.JUnit4IdeaTestRunner.startRunnerWithArgs(JUnit4IdeaTestRunner.java:69) [junit-rt.jar:?]
	at com.intellij.rt.junit.IdeaTestRunner$Repeater$1.execute(IdeaTestRunner.java:38) [junit-rt.jar:?]
	at com.intellij.rt.execution.junit.TestsRepeater.repeat(TestsRepeater.java:11) [idea_rt.jar:?]
	at com.intellij.rt.junit.IdeaTestRunner$Repeater.startRunnerWithArgs(IdeaTestRunner.java:35) [junit-rt.jar:?]
	at com.intellij.rt.junit.JUnitStarter.prepareStreamsAndStart(JUnitStarter.java:232) [junit-rt.jar:?]
	at com.intellij.rt.junit.JUnitStarter.main(JUnitStarter.java:55) [junit-rt.jar:?]
12:49:03.398 [main]INFO  page.Student_DashBoard_InnerChatBox - Entering Parent Phone No.: 9998864431
12:49:13.453 [main]ERROR page.Student_DashBoard_InnerChatBox - Failed to Enter the parent phone No.: Expected condition failed: waiting for visibility of element located by By.xpath: //input[@placeholder='Type your answer and press enter'] (tried for 10 second(s) with 500 milliseconds interval)
Build info: version: '4.33.0', revision: '2c6aaad03a'
System info: os.name: 'Windows 11', os.arch: 'amd64', os.version: '10.0', java.version: '23.0.2'
Driver info: org.openqa.selenium.chrome.ChromeDriver
Capabilities {acceptInsecureCerts: false, browserName: chrome, browserVersion: 138.0.7204.184, chrome: {chromedriverVersion: 138.0.7204.183 (e90faf484dd..., userDataDir: C:\Users\WIIS\AppData\Local...}, fedcm:accounts: true, goog:chromeOptions: {debuggerAddress: localhost:62672}, networkConnectionEnabled: false, pageLoadStrategy: normal, platformName: windows, proxy: Proxy(), se:cdp: ws://localhost:62672/devtoo..., se:cdpVersion: 138.0.7204.184, setWindowRect: true, strictFileInteractability: false, timeouts: {implicit: 0, pageLoad: 300000, script: 30000}, unhandledPromptBehavior: dismiss and notify, webauthn:extension:credBlob: true, webauthn:extension:largeBlob: true, webauthn:extension:minPinLength: true, webauthn:extension:prf: true, webauthn:virtualAuthenticators: true}
Session ID: c9114cad7740b4e63440e6938100c509
org.openqa.selenium.TimeoutException: Expected condition failed: waiting for visibility of element located by By.xpath: //input[@placeholder='Type your answer and press enter'] (tried for 10 second(s) with 500 milliseconds interval)
Build info: version: '4.33.0', revision: '2c6aaad03a'
System info: os.name: 'Windows 11', os.arch: 'amd64', os.version: '10.0', java.version: '23.0.2'
Driver info: org.openqa.selenium.chrome.ChromeDriver
Capabilities {acceptInsecureCerts: false, browserName: chrome, browserVersion: 138.0.7204.184, chrome: {chromedriverVersion: 138.0.7204.183 (e90faf484dd..., userDataDir: C:\Users\WIIS\AppData\Local...}, fedcm:accounts: true, goog:chromeOptions: {debuggerAddress: localhost:62672}, networkConnectionEnabled: false, pageLoadStrategy: normal, platformName: windows, proxy: Proxy(), se:cdp: ws://localhost:62672/devtoo..., se:cdpVersion: 138.0.7204.184, setWindowRect: true, strictFileInteractability: false, timeouts: {implicit: 0, pageLoad: 300000, script: 30000}, unhandledPromptBehavior: dismiss and notify, webauthn:extension:credBlob: true, webauthn:extension:largeBlob: true, webauthn:extension:minPinLength: true, webauthn:extension:prf: true, webauthn:virtualAuthenticators: true}
Session ID: c9114cad7740b4e63440e6938100c509
	at org.openqa.selenium.support.ui.WebDriverWait.timeoutException(WebDriverWait.java:84) ~[selenium-support-4.33.0.jar:?]
	at org.openqa.selenium.support.ui.FluentWait.until(FluentWait.java:228) ~[selenium-support-4.33.0.jar:?]
	at utility.WaitHelper.waitForVisibility(WaitHelper.java:22) ~[test-classes/:?]
	at page.Student_DashBoard_InnerChatBox.enter_the_parentPhoneNo(Student_DashBoard_InnerChatBox.java:501) ~[test-classes/:?]
	at stepDefinition.InnerSignUp_Chat_Detail.userEnterTheParentPhoneNumber(InnerSignUp_Chat_Detail.java:185) ~[test-classes/:?]
	at jdk.internal.reflect.DirectMethodHandleAccessor.invoke(DirectMethodHandleAccessor.java:103) ~[?:?]
	at java.lang.reflect.Method.invoke(Method.java:580) ~[?:?]
	at io.cucumber.java.Invoker.doInvoke(Invoker.java:66) ~[cucumber-java-7.23.0.jar:7.23.0]
	at io.cucumber.java.Invoker.invoke(Invoker.java:24) ~[cucumber-java-7.23.0.jar:7.23.0]
	at io.cucumber.java.AbstractGlueDefinition.invokeMethod(AbstractGlueDefinition.java:47) ~[cucumber-java-7.23.0.jar:7.23.0]
	at io.cucumber.java.JavaStepDefinition.execute(JavaStepDefinition.java:29) ~[cucumber-java-7.23.0.jar:7.23.0]
	at io.cucumber.core.runner.CoreStepDefinition.execute(CoreStepDefinition.java:66) ~[cucumber-core-7.23.0.jar:7.23.0]
	at io.cucumber.core.runner.PickleStepDefinitionMatch.runStep(PickleStepDefinitionMatch.java:62) ~[cucumber-core-7.23.0.jar:7.23.0]
	at io.cucumber.core.runner.ExecutionMode$1.execute(ExecutionMode.java:10) ~[cucumber-core-7.23.0.jar:7.23.0]
	at io.cucumber.core.runner.TestStep.executeStep(TestStep.java:81) ~[cucumber-core-7.23.0.jar:7.23.0]
	at io.cucumber.core.runner.TestStep.run(TestStep.java:53) ~[cucumber-core-7.23.0.jar:7.23.0]
	at io.cucumber.core.runner.PickleStepTestStep.run(PickleStepTestStep.java:51) ~[cucumber-core-7.23.0.jar:7.23.0]
	at io.cucumber.core.runner.TestCase.run(TestCase.java:86) ~[cucumber-core-7.23.0.jar:7.23.0]
	at io.cucumber.core.runner.Runner.runPickle(Runner.java:77) ~[cucumber-core-7.23.0.jar:7.23.0]
	at io.cucumber.junit.PickleRunners$NoStepDescriptions.lambda$run$0(PickleRunners.java:151) ~[cucumber-junit-7.23.0.jar:7.23.0]
	at io.cucumber.core.runtime.CucumberExecutionContext.lambda$runTestCase$5(CucumberExecutionContext.java:136) ~[cucumber-core-7.23.0.jar:7.23.0]
	at io.cucumber.core.runtime.RethrowingThrowableCollector.executeAndThrow(RethrowingThrowableCollector.java:23) ~[cucumber-core-7.23.0.jar:7.23.0]
	at io.cucumber.core.runtime.CucumberExecutionContext.runTestCase(CucumberExecutionContext.java:136) ~[cucumber-core-7.23.0.jar:7.23.0]
	at io.cucumber.junit.PickleRunners$NoStepDescriptions.run(PickleRunners.java:148) ~[cucumber-junit-7.23.0.jar:7.23.0]
	at io.cucumber.junit.FeatureRunner.runChild(FeatureRunner.java:144) ~[cucumber-junit-7.23.0.jar:7.23.0]
	at io.cucumber.junit.FeatureRunner.runChild(FeatureRunner.java:28) ~[cucumber-junit-7.23.0.jar:7.23.0]
	at org.junit.runners.ParentRunner$4.run(ParentRunner.java:331) ~[junit-4.13.2.jar:4.13.2]
	at org.junit.runners.ParentRunner$1.schedule(ParentRunner.java:79) ~[junit-4.13.2.jar:4.13.2]
	at org.junit.runners.ParentRunner.runChildren(ParentRunner.java:329) ~[junit-4.13.2.jar:4.13.2]
	at org.junit.runners.ParentRunner.access$100(ParentRunner.java:66) ~[junit-4.13.2.jar:4.13.2]
	at org.junit.runners.ParentRunner$2.evaluate(ParentRunner.java:293) ~[junit-4.13.2.jar:4.13.2]
	at org.junit.runners.ParentRunner$3.evaluate(ParentRunner.java:306) ~[junit-4.13.2.jar:4.13.2]
	at org.junit.runners.ParentRunner.run(ParentRunner.java:413) ~[junit-4.13.2.jar:4.13.2]
	at io.cucumber.junit.FeatureRunner.run(FeatureRunner.java:137) ~[cucumber-junit-7.23.0.jar:7.23.0]
	at io.cucumber.junit.Cucumber.runChild(Cucumber.java:199) ~[cucumber-junit-7.23.0.jar:7.23.0]
	at io.cucumber.junit.Cucumber.runChild(Cucumber.java:89) ~[cucumber-junit-7.23.0.jar:7.23.0]
	at org.junit.runners.ParentRunner$4.run(ParentRunner.java:331) ~[junit-4.13.2.jar:4.13.2]
	at org.junit.runners.ParentRunner$1.schedule(ParentRunner.java:79) ~[junit-4.13.2.jar:4.13.2]
	at org.junit.runners.ParentRunner.runChildren(ParentRunner.java:329) ~[junit-4.13.2.jar:4.13.2]
	at org.junit.runners.ParentRunner.access$100(ParentRunner.java:66) ~[junit-4.13.2.jar:4.13.2]
	at org.junit.runners.ParentRunner$2.evaluate(ParentRunner.java:293) ~[junit-4.13.2.jar:4.13.2]
	at io.cucumber.core.runtime.CucumberExecutionContext.lambda$runFeatures$6(CucumberExecutionContext.java:147) ~[cucumber-core-7.23.0.jar:7.23.0]
	at io.cucumber.core.runtime.CucumberExecutionContext.execute(CucumberExecutionContext.java:162) [cucumber-core-7.23.0.jar:7.23.0]
	at io.cucumber.core.runtime.CucumberExecutionContext.runFeatures(CucumberExecutionContext.java:145) [cucumber-core-7.23.0.jar:7.23.0]
	at io.cucumber.junit.Cucumber$StartAndFinishTestRun.evaluate(Cucumber.java:229) [cucumber-junit-7.23.0.jar:7.23.0]
	at org.junit.runners.ParentRunner$3.evaluate(ParentRunner.java:306) [junit-4.13.2.jar:4.13.2]
	at org.junit.runners.ParentRunner.run(ParentRunner.java:413) [junit-4.13.2.jar:4.13.2]
	at org.junit.runner.JUnitCore.run(JUnitCore.java:137) [junit-4.13.2.jar:4.13.2]
	at com.intellij.junit4.JUnit4IdeaTestRunner.startRunnerWithArgs(JUnit4IdeaTestRunner.java:69) [junit-rt.jar:?]
	at com.intellij.rt.junit.IdeaTestRunner$Repeater$1.execute(IdeaTestRunner.java:38) [junit-rt.jar:?]
	at com.intellij.rt.execution.junit.TestsRepeater.repeat(TestsRepeater.java:11) [idea_rt.jar:?]
	at com.intellij.rt.junit.IdeaTestRunner$Repeater.startRunnerWithArgs(IdeaTestRunner.java:35) [junit-rt.jar:?]
	at com.intellij.rt.junit.JUnitStarter.prepareStreamsAndStart(JUnitStarter.java:232) [junit-rt.jar:?]
	at com.intellij.rt.junit.JUnitStarter.main(JUnitStarter.java:55) [junit-rt.jar:?]
12:49:26.244 [main]INFO  factory.BaseClass - browser initialized
12:49:26.244 [main]INFO  factory.BaseClass - get properties file from file directory
12:49:37.458 [main]INFO  stepDefinition.InnerBoxTextEntering - Clicking the Sign In button
12:49:38.473 [main]INFO  stepDefinition.InnerBoxTextEntering - Sign In button clicked successfully
12:53:11.715 [main]INFO  factory.BaseClass - browser initialized
12:53:11.721 [main]INFO  factory.BaseClass - get properties file from file directory
12:53:23.627 [main]INFO  stepDefinition.Registration_Validation - Navigating to the registration page
12:53:23.935 [main]INFO  stepDefinition.Registration_Validation - Clicked on Registration button
12:53:23.943 [main]INFO  stepDefinition.Registration_Validation - Fetching data from Excel - Sheet: Sheet1, Row: 0
12:53:23.943 [main]INFO  utility.ExelUtility - Starting to read Excel data from file: F:\Gyansetu\G_TestCase001/src/test-data/data for sign-up chat.xlsx, sheet: Sheet1
12:53:25.041 [main]INFO  utility.ExelUtility - Total rows found (excluding header): 26
12:53:25.071 [main]INFO  utility.ExelUtility - Row 1 processed and added to data list.
12:53:25.072 [main]INFO  utility.ExelUtility - Row 2 processed and added to data list.
12:53:25.073 [main]INFO  utility.ExelUtility - Row 3 processed and added to data list.
12:53:25.073 [main]INFO  utility.ExelUtility - Row 4 processed and added to data list.
12:53:25.074 [main]INFO  utility.ExelUtility - Row 5 processed and added to data list.
12:53:25.074 [main]INFO  utility.ExelUtility - Row 6 processed and added to data list.
12:53:25.075 [main]INFO  utility.ExelUtility - Row 7 processed and added to data list.
12:53:25.075 [main]INFO  utility.ExelUtility - Row 8 processed and added to data list.
12:53:25.076 [main]INFO  utility.ExelUtility - Row 9 processed and added to data list.
12:53:25.077 [main]INFO  utility.ExelUtility - Row 10 processed and added to data list.
12:53:25.078 [main]INFO  utility.ExelUtility - Row 11 processed and added to data list.
12:53:25.078 [main]INFO  utility.ExelUtility - Row 12 processed and added to data list.
12:53:25.079 [main]INFO  utility.ExelUtility - Row 13 processed and added to data list.
12:53:25.079 [main]INFO  utility.ExelUtility - Row 14 processed and added to data list.
12:53:25.079 [main]INFO  utility.ExelUtility - Row 15 processed and added to data list.
12:53:25.079 [main]INFO  utility.ExelUtility - Row 16 processed and added to data list.
12:53:25.079 [main]INFO  utility.ExelUtility - Row 17 processed and added to data list.
12:53:25.080 [main]INFO  utility.ExelUtility - Row 18 processed and added to data list.
12:53:25.080 [main]INFO  utility.ExelUtility - Row 19 processed and added to data list.
12:53:25.080 [main]INFO  utility.ExelUtility - Row 20 processed and added to data list.
12:53:25.080 [main]INFO  utility.ExelUtility - Row 21 processed and added to data list.
12:53:25.082 [main]INFO  utility.ExelUtility - Row 22 processed and added to data list.
12:53:25.082 [main]INFO  utility.ExelUtility - Row 23 processed and added to data list.
12:53:25.082 [main]INFO  utility.ExelUtility - Row 24 processed and added to data list.
12:53:25.084 [main]INFO  utility.ExelUtility - Row 25 processed and added to data list.
12:53:25.085 [main]INFO  utility.ExelUtility - Row 26 processed and added to data list.
12:53:25.085 [main]INFO  utility.ExelUtility - Excel data extraction completed successfully.
12:53:25.086 [main]INFO  stepDefinition.Registration_Validation - Fetched Email ID: sinjadudu899@yopmail.com
12:53:25.489 [main]INFO  stepDefinition.Registration_Validation - Fetched Phone No: 8886663342
12:53:25.773 [main]INFO  stepDefinition.Registration_Validation - Fetched Password: ********
12:53:26.482 [main]INFO  stepDefinition.Registration_Validation - Checked Terms and Conditions checkbox.....
12:53:26.489 [main]INFO  stepDefinition.Registration_Validation - Clicking SignUp Now button
12:54:15.122 [main]INFO  factory.BaseClass - browser initialized
12:54:15.129 [main]INFO  factory.BaseClass - get properties file from file directory
12:54:29.182 [main]INFO  stepDefinition.Registration_Validation - Navigating to the registration page
12:54:29.549 [main]INFO  stepDefinition.Registration_Validation - Clicked on Registration button
12:54:29.560 [main]INFO  stepDefinition.Registration_Validation - Fetching data from Excel - Sheet: Sheet1, Row: 0
12:54:29.560 [main]INFO  utility.ExelUtility - Starting to read Excel data from file: F:\Gyansetu\G_TestCase001/src/test-data/data for sign-up chat.xlsx, sheet: Sheet1
12:54:31.511 [main]INFO  utility.ExelUtility - Total rows found (excluding header): 26
12:54:31.575 [main]INFO  utility.ExelUtility - Row 1 processed and added to data list.
12:54:31.578 [main]INFO  utility.ExelUtility - Row 2 processed and added to data list.
12:54:31.580 [main]INFO  utility.ExelUtility - Row 3 processed and added to data list.
12:54:31.581 [main]INFO  utility.ExelUtility - Row 4 processed and added to data list.
12:54:31.582 [main]INFO  utility.ExelUtility - Row 5 processed and added to data list.
12:54:31.583 [main]INFO  utility.ExelUtility - Row 6 processed and added to data list.
12:54:31.584 [main]INFO  utility.ExelUtility - Row 7 processed and added to data list.
12:54:31.585 [main]INFO  utility.ExelUtility - Row 8 processed and added to data list.
12:54:31.586 [main]INFO  utility.ExelUtility - Row 9 processed and added to data list.
12:54:31.594 [main]INFO  utility.ExelUtility - Row 10 processed and added to data list.
12:54:31.596 [main]INFO  utility.ExelUtility - Row 11 processed and added to data list.
12:54:31.597 [main]INFO  utility.ExelUtility - Row 12 processed and added to data list.
12:54:31.597 [main]INFO  utility.ExelUtility - Row 13 processed and added to data list.
12:54:31.597 [main]INFO  utility.ExelUtility - Row 14 processed and added to data list.
12:54:31.598 [main]INFO  utility.ExelUtility - Row 15 processed and added to data list.
12:54:31.598 [main]INFO  utility.ExelUtility - Row 16 processed and added to data list.
12:54:31.598 [main]INFO  utility.ExelUtility - Row 17 processed and added to data list.
12:54:31.599 [main]INFO  utility.ExelUtility - Row 18 processed and added to data list.
12:54:31.599 [main]INFO  utility.ExelUtility - Row 19 processed and added to data list.
12:54:31.599 [main]INFO  utility.ExelUtility - Row 20 processed and added to data list.
12:54:31.600 [main]INFO  utility.ExelUtility - Row 21 processed and added to data list.
12:54:31.600 [main]INFO  utility.ExelUtility - Row 22 processed and added to data list.
12:54:31.600 [main]INFO  utility.ExelUtility - Row 23 processed and added to data list.
12:54:31.601 [main]INFO  utility.ExelUtility - Row 24 processed and added to data list.
12:54:31.601 [main]INFO  utility.ExelUtility - Row 25 processed and added to data list.
12:54:31.602 [main]INFO  utility.ExelUtility - Row 26 processed and added to data list.
12:54:31.602 [main]INFO  utility.ExelUtility - Excel data extraction completed successfully.
12:54:31.603 [main]INFO  stepDefinition.Registration_Validation - Fetched Email ID: sinjadudu899@yopmail.com
12:54:32.491 [main]INFO  stepDefinition.Registration_Validation - Fetched Phone No: 8886663000
12:54:32.699 [main]INFO  stepDefinition.Registration_Validation - Fetched Password: ********
12:54:33.041 [main]INFO  stepDefinition.Registration_Validation - Checked Terms and Conditions checkbox.....
12:54:33.043 [main]INFO  stepDefinition.Registration_Validation - Clicking SignUp Now button
12:55:03.111 [main]INFO  stepDefinition.Registration_Validation - SignUp process initiated, waiting for 20 seconds for enter the OTP
12:55:04.124 [main]INFO  stepDefinition.Registration_Validation - Logging out from student dashboard.
12:55:16.886 [main]INFO  factory.BaseClass - browser initialized
12:55:16.887 [main]INFO  factory.BaseClass - get properties file from file directory
12:55:27.120 [main]INFO  stepDefinition.InnerBoxTextEntering - Initializing LoginPage and HomePage
12:55:27.132 [main]INFO  stepDefinition.InnerBoxTextEntering - Navigating to SignIn via HomePage
12:55:27.342 [main]INFO  stepDefinition.InnerBoxTextEntering - SignIn page loaded
12:55:27.342 [main]INFO  stepDefinition.InnerBoxTextEntering - Fetching SignIn credentials from Excel: Sheet = Sheet1, Row = 0
12:55:27.342 [main]INFO  utility.ExelUtility - Starting to read Excel data from file: F:\Gyansetu\G_TestCase001/src/test-data/data for sign-up chat.xlsx, sheet: Sheet1
12:55:27.582 [main]INFO  utility.ExelUtility - Total rows found (excluding header): 26
12:55:27.588 [main]INFO  utility.ExelUtility - Row 1 processed and added to data list.
12:55:27.589 [main]INFO  utility.ExelUtility - Row 2 processed and added to data list.
12:55:27.589 [main]INFO  utility.ExelUtility - Row 3 processed and added to data list.
12:55:27.590 [main]INFO  utility.ExelUtility - Row 4 processed and added to data list.
12:55:27.590 [main]INFO  utility.ExelUtility - Row 5 processed and added to data list.
12:55:27.591 [main]INFO  utility.ExelUtility - Row 6 processed and added to data list.
12:55:27.592 [main]INFO  utility.ExelUtility - Row 7 processed and added to data list.
12:55:27.593 [main]INFO  utility.ExelUtility - Row 8 processed and added to data list.
12:55:27.593 [main]INFO  utility.ExelUtility - Row 9 processed and added to data list.
12:55:27.594 [main]INFO  utility.ExelUtility - Row 10 processed and added to data list.
12:55:27.594 [main]INFO  utility.ExelUtility - Row 11 processed and added to data list.
12:55:27.595 [main]INFO  utility.ExelUtility - Row 12 processed and added to data list.
12:55:27.595 [main]INFO  utility.ExelUtility - Row 13 processed and added to data list.
12:55:27.595 [main]INFO  utility.ExelUtility - Row 14 processed and added to data list.
12:55:27.596 [main]INFO  utility.ExelUtility - Row 15 processed and added to data list.
12:55:27.596 [main]INFO  utility.ExelUtility - Row 16 processed and added to data list.
12:55:27.596 [main]INFO  utility.ExelUtility - Row 17 processed and added to data list.
12:55:27.596 [main]INFO  utility.ExelUtility - Row 18 processed and added to data list.
12:55:27.597 [main]INFO  utility.ExelUtility - Row 19 processed and added to data list.
12:55:27.597 [main]INFO  utility.ExelUtility - Row 20 processed and added to data list.
12:55:27.597 [main]INFO  utility.ExelUtility - Row 21 processed and added to data list.
12:55:27.597 [main]INFO  utility.ExelUtility - Row 22 processed and added to data list.
12:55:27.598 [main]INFO  utility.ExelUtility - Row 23 processed and added to data list.
12:55:27.598 [main]INFO  utility.ExelUtility - Row 24 processed and added to data list.
12:55:27.598 [main]INFO  utility.ExelUtility - Row 25 processed and added to data list.
12:55:27.598 [main]INFO  utility.ExelUtility - Row 26 processed and added to data list.
12:55:27.599 [main]INFO  utility.ExelUtility - Excel data extraction completed successfully.
12:55:27.599 [main]INFO  stepDefinition.InnerBoxTextEntering - Fetched Email ID: sinjadudu899@yopmail.com
12:55:28.021 [main]INFO  stepDefinition.InnerBoxTextEntering - Entered Email ID in SignIn field
12:55:28.021 [main]INFO  stepDefinition.InnerBoxTextEntering - Fetched Password: ********
12:55:28.256 [main]INFO  stepDefinition.InnerBoxTextEntering - Entered Password in SignIn field
12:55:28.258 [main]INFO  stepDefinition.InnerBoxTextEntering - Clicking the Sign In button
12:55:38.307 [main]INFO  stepDefinition.InnerBoxTextEntering - Sign In button clicked successfully
12:55:38.307 [main]INFO  stepDefinition.InnerBoxTextEntering - Fetching data from Excel sheet for student User: Sign-Up chat_for_StudentUser
12:55:38.307 [main]INFO  utility.ExelUtility - Starting to read Excel data from file: F:\Gyansetu\G_TestCase001/src/test-data/data for sign-up chat.xlsx, sheet: Sign-Up chat_for_StudentUser
12:55:38.463 [main]INFO  utility.ExelUtility - Total rows found (excluding header): 20
12:55:38.463 [main]INFO  utility.ExelUtility - Row 1 processed and added to data list.
12:55:38.463 [main]INFO  utility.ExelUtility - Row 2 processed and added to data list.
12:55:38.473 [main]INFO  utility.ExelUtility - Row 3 processed and added to data list.
12:55:38.478 [main]INFO  utility.ExelUtility - Row 4 processed and added to data list.
12:55:38.478 [main]INFO  utility.ExelUtility - Row 5 processed and added to data list.
12:55:38.478 [main]INFO  utility.ExelUtility - Row 6 processed and added to data list.
12:55:38.482 [main]INFO  utility.ExelUtility - Row 7 processed and added to data list.
12:55:38.484 [main]INFO  utility.ExelUtility - Row 8 processed and added to data list.
12:55:38.484 [main]INFO  utility.ExelUtility - Row 9 processed and added to data list.
12:55:38.484 [main]INFO  utility.ExelUtility - Row 10 processed and added to data list.
12:55:38.489 [main]INFO  utility.ExelUtility - Row 11 processed and added to data list.
12:55:38.500 [main]INFO  utility.ExelUtility - Row 12 processed and added to data list.
12:55:38.502 [main]INFO  utility.ExelUtility - Row 13 processed and added to data list.
12:55:38.504 [main]INFO  utility.ExelUtility - Row 14 processed and added to data list.
12:55:38.508 [main]INFO  utility.ExelUtility - Row 15 processed and added to data list.
12:55:38.509 [main]INFO  utility.ExelUtility - Row 16 processed and added to data list.
12:55:38.509 [main]INFO  utility.ExelUtility - Row 17 processed and added to data list.
12:55:38.515 [main]INFO  utility.ExelUtility - Row 18 processed and added to data list.
12:55:38.519 [main]INFO  utility.ExelUtility - Row 19 processed and added to data list.
12:55:38.521 [main]INFO  utility.ExelUtility - Row 20 processed and added to data list.
12:55:38.521 [main]INFO  utility.ExelUtility - Excel data extraction completed successfully.
12:55:43.768 [main]INFO  stepDefinition.InnerBoxTextEntering - Entering Full Name of student: Anupa N
12:55:43.768 [main]INFO  page.Student_DashBoard_InnerChatBox - Entering full name: Anupa N
12:55:44.474 [main]INFO  page.Student_DashBoard_InnerChatBox - Full name entered with Actions and Enter sent.
12:55:44.474 [main]INFO  stepDefinition.InnerBoxTextEntering - Entering Date of Birth of student: 26-January-2005
12:55:44.478 [main]INFO  utility.DatePicker - Opening date picker....
12:55:44.668 [main]INFO  utility.DatePicker - Switched to year view..
12:55:46.037 [main]INFO  utility.DatePicker - Year 2005 selected..
12:55:46.341 [main]INFO  utility.DatePicker - Clicked previous month
12:55:46.513 [main]INFO  utility.DatePicker - Clicked previous month
12:55:46.662 [main]INFO  utility.DatePicker - Clicked previous month
12:55:46.829 [main]INFO  utility.DatePicker - Clicked previous month
12:55:47.007 [main]INFO  utility.DatePicker - Clicked previous month
12:55:47.168 [main]INFO  utility.DatePicker - Clicked previous month
12:55:47.332 [main]INFO  utility.DatePicker - Clicked previous month
12:55:47.380 [main]INFO  utility.DatePicker - Target month/year visible: JANUARY 2005
12:55:47.868 [main]INFO  utility.DatePicker - Date 26 selected
12:55:48.885 [main]INFO  stepDefinition.InnerBoxTextEntering - Entering Main Learning Goals: Well
12:55:48.885 [main]INFO  page.Student_DashBoard_InnerChatBox - Entering main learning goal: Well
12:55:58.914 [main]ERROR page.Student_DashBoard_InnerChatBox - Failed to enter learning goal: Expected condition failed: waiting for visibility of element located by By.xpath: //input[@placeholder='Type your answer and press enter'] (tried for 10 second(s) with 500 milliseconds interval)
Build info: version: '4.33.0', revision: '2c6aaad03a'
System info: os.name: 'Windows 11', os.arch: 'amd64', os.version: '10.0', java.version: '23.0.2'
Driver info: org.openqa.selenium.chrome.ChromeDriver
Capabilities {acceptInsecureCerts: false, browserName: chrome, browserVersion: 138.0.7204.184, chrome: {chromedriverVersion: 138.0.7204.183 (e90faf484dd..., userDataDir: C:\Users\WIIS\AppData\Local...}, fedcm:accounts: true, goog:chromeOptions: {debuggerAddress: localhost:63085}, networkConnectionEnabled: false, pageLoadStrategy: normal, platformName: windows, proxy: Proxy(), se:cdp: ws://localhost:63085/devtoo..., se:cdpVersion: 138.0.7204.184, setWindowRect: true, strictFileInteractability: false, timeouts: {implicit: 0, pageLoad: 300000, script: 30000}, unhandledPromptBehavior: dismiss and notify, webauthn:extension:credBlob: true, webauthn:extension:largeBlob: true, webauthn:extension:minPinLength: true, webauthn:extension:prf: true, webauthn:virtualAuthenticators: true}
Session ID: 8a7d47fd12e68333f6d3e399e1286671
org.openqa.selenium.TimeoutException: Expected condition failed: waiting for visibility of element located by By.xpath: //input[@placeholder='Type your answer and press enter'] (tried for 10 second(s) with 500 milliseconds interval)
Build info: version: '4.33.0', revision: '2c6aaad03a'
System info: os.name: 'Windows 11', os.arch: 'amd64', os.version: '10.0', java.version: '23.0.2'
Driver info: org.openqa.selenium.chrome.ChromeDriver
Capabilities {acceptInsecureCerts: false, browserName: chrome, browserVersion: 138.0.7204.184, chrome: {chromedriverVersion: 138.0.7204.183 (e90faf484dd..., userDataDir: C:\Users\WIIS\AppData\Local...}, fedcm:accounts: true, goog:chromeOptions: {debuggerAddress: localhost:63085}, networkConnectionEnabled: false, pageLoadStrategy: normal, platformName: windows, proxy: Proxy(), se:cdp: ws://localhost:63085/devtoo..., se:cdpVersion: 138.0.7204.184, setWindowRect: true, strictFileInteractability: false, timeouts: {implicit: 0, pageLoad: 300000, script: 30000}, unhandledPromptBehavior: dismiss and notify, webauthn:extension:credBlob: true, webauthn:extension:largeBlob: true, webauthn:extension:minPinLength: true, webauthn:extension:prf: true, webauthn:virtualAuthenticators: true}
Session ID: 8a7d47fd12e68333f6d3e399e1286671
	at org.openqa.selenium.support.ui.WebDriverWait.timeoutException(WebDriverWait.java:84) ~[selenium-support-4.33.0.jar:?]
	at org.openqa.selenium.support.ui.FluentWait.until(FluentWait.java:228) ~[selenium-support-4.33.0.jar:?]
	at utility.WaitHelper.waitForVisibility(WaitHelper.java:22) ~[test-classes/:?]
	at page.Student_DashBoard_InnerChatBox.enter_main_learning_goal(Student_DashBoard_InnerChatBox.java:118) ~[test-classes/:?]
	at stepDefinition.InnerBoxTextEntering.fetchDataFromExcelSheetForSignUpChatAndEnterDetailsOnSignupChat(InnerBoxTextEntering.java:176) ~[test-classes/:?]
	at jdk.internal.reflect.DirectMethodHandleAccessor.invoke(DirectMethodHandleAccessor.java:103) ~[?:?]
	at java.lang.reflect.Method.invoke(Method.java:580) ~[?:?]
	at io.cucumber.java.Invoker.doInvoke(Invoker.java:66) ~[cucumber-java-7.23.0.jar:7.23.0]
	at io.cucumber.java.Invoker.invoke(Invoker.java:24) ~[cucumber-java-7.23.0.jar:7.23.0]
	at io.cucumber.java.AbstractGlueDefinition.invokeMethod(AbstractGlueDefinition.java:47) ~[cucumber-java-7.23.0.jar:7.23.0]
	at io.cucumber.java.JavaStepDefinition.execute(JavaStepDefinition.java:29) ~[cucumber-java-7.23.0.jar:7.23.0]
	at io.cucumber.core.runner.CoreStepDefinition.execute(CoreStepDefinition.java:66) ~[cucumber-core-7.23.0.jar:7.23.0]
	at io.cucumber.core.runner.PickleStepDefinitionMatch.runStep(PickleStepDefinitionMatch.java:62) ~[cucumber-core-7.23.0.jar:7.23.0]
	at io.cucumber.core.runner.ExecutionMode$1.execute(ExecutionMode.java:10) ~[cucumber-core-7.23.0.jar:7.23.0]
	at io.cucumber.core.runner.TestStep.executeStep(TestStep.java:81) ~[cucumber-core-7.23.0.jar:7.23.0]
	at io.cucumber.core.runner.TestStep.run(TestStep.java:53) ~[cucumber-core-7.23.0.jar:7.23.0]
	at io.cucumber.core.runner.PickleStepTestStep.run(PickleStepTestStep.java:51) ~[cucumber-core-7.23.0.jar:7.23.0]
	at io.cucumber.core.runner.TestCase.run(TestCase.java:86) ~[cucumber-core-7.23.0.jar:7.23.0]
	at io.cucumber.core.runner.Runner.runPickle(Runner.java:77) ~[cucumber-core-7.23.0.jar:7.23.0]
	at io.cucumber.junit.PickleRunners$NoStepDescriptions.lambda$run$0(PickleRunners.java:151) ~[cucumber-junit-7.23.0.jar:7.23.0]
	at io.cucumber.core.runtime.CucumberExecutionContext.lambda$runTestCase$5(CucumberExecutionContext.java:136) ~[cucumber-core-7.23.0.jar:7.23.0]
	at io.cucumber.core.runtime.RethrowingThrowableCollector.executeAndThrow(RethrowingThrowableCollector.java:23) ~[cucumber-core-7.23.0.jar:7.23.0]
	at io.cucumber.core.runtime.CucumberExecutionContext.runTestCase(CucumberExecutionContext.java:136) ~[cucumber-core-7.23.0.jar:7.23.0]
	at io.cucumber.junit.PickleRunners$NoStepDescriptions.run(PickleRunners.java:148) ~[cucumber-junit-7.23.0.jar:7.23.0]
	at io.cucumber.junit.FeatureRunner.runChild(FeatureRunner.java:144) ~[cucumber-junit-7.23.0.jar:7.23.0]
	at io.cucumber.junit.FeatureRunner.runChild(FeatureRunner.java:28) ~[cucumber-junit-7.23.0.jar:7.23.0]
	at org.junit.runners.ParentRunner$4.run(ParentRunner.java:331) ~[junit-4.13.2.jar:4.13.2]
	at org.junit.runners.ParentRunner$1.schedule(ParentRunner.java:79) ~[junit-4.13.2.jar:4.13.2]
	at org.junit.runners.ParentRunner.runChildren(ParentRunner.java:329) ~[junit-4.13.2.jar:4.13.2]
	at org.junit.runners.ParentRunner.access$100(ParentRunner.java:66) ~[junit-4.13.2.jar:4.13.2]
	at org.junit.runners.ParentRunner$2.evaluate(ParentRunner.java:293) ~[junit-4.13.2.jar:4.13.2]
	at org.junit.runners.ParentRunner$3.evaluate(ParentRunner.java:306) ~[junit-4.13.2.jar:4.13.2]
	at org.junit.runners.ParentRunner.run(ParentRunner.java:413) ~[junit-4.13.2.jar:4.13.2]
	at io.cucumber.junit.FeatureRunner.run(FeatureRunner.java:137) ~[cucumber-junit-7.23.0.jar:7.23.0]
	at io.cucumber.junit.Cucumber.runChild(Cucumber.java:199) ~[cucumber-junit-7.23.0.jar:7.23.0]
	at io.cucumber.junit.Cucumber.runChild(Cucumber.java:89) ~[cucumber-junit-7.23.0.jar:7.23.0]
	at org.junit.runners.ParentRunner$4.run(ParentRunner.java:331) ~[junit-4.13.2.jar:4.13.2]
	at org.junit.runners.ParentRunner$1.schedule(ParentRunner.java:79) ~[junit-4.13.2.jar:4.13.2]
	at org.junit.runners.ParentRunner.runChildren(ParentRunner.java:329) ~[junit-4.13.2.jar:4.13.2]
	at org.junit.runners.ParentRunner.access$100(ParentRunner.java:66) ~[junit-4.13.2.jar:4.13.2]
	at org.junit.runners.ParentRunner$2.evaluate(ParentRunner.java:293) ~[junit-4.13.2.jar:4.13.2]
	at io.cucumber.core.runtime.CucumberExecutionContext.lambda$runFeatures$6(CucumberExecutionContext.java:147) ~[cucumber-core-7.23.0.jar:7.23.0]
	at io.cucumber.core.runtime.CucumberExecutionContext.execute(CucumberExecutionContext.java:162) [cucumber-core-7.23.0.jar:7.23.0]
	at io.cucumber.core.runtime.CucumberExecutionContext.runFeatures(CucumberExecutionContext.java:145) [cucumber-core-7.23.0.jar:7.23.0]
	at io.cucumber.junit.Cucumber$StartAndFinishTestRun.evaluate(Cucumber.java:229) [cucumber-junit-7.23.0.jar:7.23.0]
	at org.junit.runners.ParentRunner$3.evaluate(ParentRunner.java:306) [junit-4.13.2.jar:4.13.2]
	at org.junit.runners.ParentRunner.run(ParentRunner.java:413) [junit-4.13.2.jar:4.13.2]
	at org.junit.runner.JUnitCore.run(JUnitCore.java:137) [junit-4.13.2.jar:4.13.2]
	at com.intellij.junit4.JUnit4IdeaTestRunner.startRunnerWithArgs(JUnit4IdeaTestRunner.java:69) [junit-rt.jar:?]
	at com.intellij.rt.junit.IdeaTestRunner$Repeater$1.execute(IdeaTestRunner.java:38) [junit-rt.jar:?]
	at com.intellij.rt.execution.junit.TestsRepeater.repeat(TestsRepeater.java:11) [idea_rt.jar:?]
	at com.intellij.rt.junit.IdeaTestRunner$Repeater.startRunnerWithArgs(IdeaTestRunner.java:35) [junit-rt.jar:?]
	at com.intellij.rt.junit.JUnitStarter.prepareStreamsAndStart(JUnitStarter.java:232) [junit-rt.jar:?]
	at com.intellij.rt.junit.JUnitStarter.main(JUnitStarter.java:55) [junit-rt.jar:?]
12:55:59.159 [main]INFO  stepDefinition.InnerBoxTextEntering - Selecting Gender: Male
12:55:59.159 [main]INFO  page.Student_DashBoard_InnerChatBox - Selecting gender.
12:56:05.166 [main]ERROR page.Student_DashBoard_InnerChatBox - Failed to select gender: Error communicating with the remote browser. It may have died.
Build info: version: '4.33.0', revision: '2c6aaad03a'
System info: os.name: 'Windows 11', os.arch: 'amd64', os.version: '10.0', java.version: '23.0.2'
Driver info: org.openqa.selenium.chrome.ChromeDriver
Command: [8a7d47fd12e68333f6d3e399e1286671, findElement [value, using]]
Capabilities {acceptInsecureCerts: false, browserName: chrome, browserVersion: 138.0.7204.184, chrome: {chromedriverVersion: 138.0.7204.183 (e90faf484dd..., userDataDir: C:\Users\WIIS\AppData\Local...}, fedcm:accounts: true, goog:chromeOptions: {debuggerAddress: localhost:63085}, networkConnectionEnabled: false, pageLoadStrategy: normal, platformName: windows, proxy: Proxy(), se:cdp: ws://localhost:63085/devtoo..., se:cdpVersion: 138.0.7204.184, setWindowRect: true, strictFileInteractability: false, timeouts: {implicit: 0, pageLoad: 300000, script: 30000}, unhandledPromptBehavior: dismiss and notify, webauthn:extension:credBlob: true, webauthn:extension:largeBlob: true, webauthn:extension:minPinLength: true, webauthn:extension:prf: true, webauthn:virtualAuthenticators: true}
Session ID: 8a7d47fd12e68333f6d3e399e1286671
org.openqa.selenium.remote.UnreachableBrowserException: Error communicating with the remote browser. It may have died.
Build info: version: '4.33.0', revision: '2c6aaad03a'
System info: os.name: 'Windows 11', os.arch: 'amd64', os.version: '10.0', java.version: '23.0.2'
Driver info: org.openqa.selenium.chrome.ChromeDriver
Command: [8a7d47fd12e68333f6d3e399e1286671, findElement [value, using]]
Capabilities {acceptInsecureCerts: false, browserName: chrome, browserVersion: 138.0.7204.184, chrome: {chromedriverVersion: 138.0.7204.183 (e90faf484dd..., userDataDir: C:\Users\WIIS\AppData\Local...}, fedcm:accounts: true, goog:chromeOptions: {debuggerAddress: localhost:63085}, networkConnectionEnabled: false, pageLoadStrategy: normal, platformName: windows, proxy: Proxy(), se:cdp: ws://localhost:63085/devtoo..., se:cdpVersion: 138.0.7204.184, setWindowRect: true, strictFileInteractability: false, timeouts: {implicit: 0, pageLoad: 300000, script: 30000}, unhandledPromptBehavior: dismiss and notify, webauthn:extension:credBlob: true, webauthn:extension:largeBlob: true, webauthn:extension:minPinLength: true, webauthn:extension:prf: true, webauthn:virtualAuthenticators: true}
Session ID: 8a7d47fd12e68333f6d3e399e1286671
	at org.openqa.selenium.remote.RemoteWebDriver.execute(RemoteWebDriver.java:571) ~[selenium-remote-driver-4.33.0.jar:?]
	at org.openqa.selenium.remote.ElementLocation$ElementFinder$2.findElement(ElementLocation.java:165) ~[selenium-remote-driver-4.33.0.jar:?]
	at org.openqa.selenium.remote.ElementLocation.findElement(ElementLocation.java:59) ~[selenium-remote-driver-4.33.0.jar:?]
	at org.openqa.selenium.remote.RemoteWebDriver.findElement(RemoteWebDriver.java:367) ~[selenium-remote-driver-4.33.0.jar:?]
	at org.openqa.selenium.remote.RemoteWebDriver.findElement(RemoteWebDriver.java:361) ~[selenium-remote-driver-4.33.0.jar:?]
	at org.openqa.selenium.support.ui.ExpectedConditions$7.apply(ExpectedConditions.java:194) ~[selenium-support-4.33.0.jar:?]
	at org.openqa.selenium.support.ui.ExpectedConditions$7.apply(ExpectedConditions.java:190) ~[selenium-support-4.33.0.jar:?]
	at org.openqa.selenium.support.ui.ExpectedConditions$22.apply(ExpectedConditions.java:627) ~[selenium-support-4.33.0.jar:?]
	at org.openqa.selenium.support.ui.ExpectedConditions$22.apply(ExpectedConditions.java:624) ~[selenium-support-4.33.0.jar:?]
	at org.openqa.selenium.support.ui.FluentWait.until(FluentWait.java:203) ~[selenium-support-4.33.0.jar:?]
	at utility.WaitHelper.waitForClickable(WaitHelper.java:28) ~[test-classes/:?]
	at page.Student_DashBoard_InnerChatBox.select_Gender(Student_DashBoard_InnerChatBox.java:136) ~[test-classes/:?]
	at stepDefinition.InnerBoxTextEntering.fetchDataFromExcelSheetForSignUpChatAndEnterDetailsOnSignupChat(InnerBoxTextEntering.java:182) ~[test-classes/:?]
	at jdk.internal.reflect.DirectMethodHandleAccessor.invoke(DirectMethodHandleAccessor.java:103) ~[?:?]
	at java.lang.reflect.Method.invoke(Method.java:580) ~[?:?]
	at io.cucumber.java.Invoker.doInvoke(Invoker.java:66) ~[cucumber-java-7.23.0.jar:7.23.0]
	at io.cucumber.java.Invoker.invoke(Invoker.java:24) ~[cucumber-java-7.23.0.jar:7.23.0]
	at io.cucumber.java.AbstractGlueDefinition.invokeMethod(AbstractGlueDefinition.java:47) ~[cucumber-java-7.23.0.jar:7.23.0]
	at io.cucumber.java.JavaStepDefinition.execute(JavaStepDefinition.java:29) ~[cucumber-java-7.23.0.jar:7.23.0]
	at io.cucumber.core.runner.CoreStepDefinition.execute(CoreStepDefinition.java:66) ~[cucumber-core-7.23.0.jar:7.23.0]
	at io.cucumber.core.runner.PickleStepDefinitionMatch.runStep(PickleStepDefinitionMatch.java:62) ~[cucumber-core-7.23.0.jar:7.23.0]
	at io.cucumber.core.runner.ExecutionMode$1.execute(ExecutionMode.java:10) ~[cucumber-core-7.23.0.jar:7.23.0]
	at io.cucumber.core.runner.TestStep.executeStep(TestStep.java:81) ~[cucumber-core-7.23.0.jar:7.23.0]
	at io.cucumber.core.runner.TestStep.run(TestStep.java:53) ~[cucumber-core-7.23.0.jar:7.23.0]
	at io.cucumber.core.runner.PickleStepTestStep.run(PickleStepTestStep.java:51) ~[cucumber-core-7.23.0.jar:7.23.0]
	at io.cucumber.core.runner.TestCase.run(TestCase.java:86) ~[cucumber-core-7.23.0.jar:7.23.0]
	at io.cucumber.core.runner.Runner.runPickle(Runner.java:77) ~[cucumber-core-7.23.0.jar:7.23.0]
	at io.cucumber.junit.PickleRunners$NoStepDescriptions.lambda$run$0(PickleRunners.java:151) ~[cucumber-junit-7.23.0.jar:7.23.0]
	at io.cucumber.core.runtime.CucumberExecutionContext.lambda$runTestCase$5(CucumberExecutionContext.java:136) ~[cucumber-core-7.23.0.jar:7.23.0]
	at io.cucumber.core.runtime.RethrowingThrowableCollector.executeAndThrow(RethrowingThrowableCollector.java:23) ~[cucumber-core-7.23.0.jar:7.23.0]
	at io.cucumber.core.runtime.CucumberExecutionContext.runTestCase(CucumberExecutionContext.java:136) ~[cucumber-core-7.23.0.jar:7.23.0]
	at io.cucumber.junit.PickleRunners$NoStepDescriptions.run(PickleRunners.java:148) ~[cucumber-junit-7.23.0.jar:7.23.0]
	at io.cucumber.junit.FeatureRunner.runChild(FeatureRunner.java:144) ~[cucumber-junit-7.23.0.jar:7.23.0]
	at io.cucumber.junit.FeatureRunner.runChild(FeatureRunner.java:28) ~[cucumber-junit-7.23.0.jar:7.23.0]
	at org.junit.runners.ParentRunner$4.run(ParentRunner.java:331) ~[junit-4.13.2.jar:4.13.2]
	at org.junit.runners.ParentRunner$1.schedule(ParentRunner.java:79) ~[junit-4.13.2.jar:4.13.2]
	at org.junit.runners.ParentRunner.runChildren(ParentRunner.java:329) ~[junit-4.13.2.jar:4.13.2]
	at org.junit.runners.ParentRunner.access$100(ParentRunner.java:66) ~[junit-4.13.2.jar:4.13.2]
	at org.junit.runners.ParentRunner$2.evaluate(ParentRunner.java:293) ~[junit-4.13.2.jar:4.13.2]
	at org.junit.runners.ParentRunner$3.evaluate(ParentRunner.java:306) ~[junit-4.13.2.jar:4.13.2]
	at org.junit.runners.ParentRunner.run(ParentRunner.java:413) ~[junit-4.13.2.jar:4.13.2]
	at io.cucumber.junit.FeatureRunner.run(FeatureRunner.java:137) ~[cucumber-junit-7.23.0.jar:7.23.0]
	at io.cucumber.junit.Cucumber.runChild(Cucumber.java:199) ~[cucumber-junit-7.23.0.jar:7.23.0]
	at io.cucumber.junit.Cucumber.runChild(Cucumber.java:89) ~[cucumber-junit-7.23.0.jar:7.23.0]
	at org.junit.runners.ParentRunner$4.run(ParentRunner.java:331) ~[junit-4.13.2.jar:4.13.2]
	at org.junit.runners.ParentRunner$1.schedule(ParentRunner.java:79) ~[junit-4.13.2.jar:4.13.2]
	at org.junit.runners.ParentRunner.runChildren(ParentRunner.java:329) ~[junit-4.13.2.jar:4.13.2]
	at org.junit.runners.ParentRunner.access$100(ParentRunner.java:66) ~[junit-4.13.2.jar:4.13.2]
	at org.junit.runners.ParentRunner$2.evaluate(ParentRunner.java:293) ~[junit-4.13.2.jar:4.13.2]
	at io.cucumber.core.runtime.CucumberExecutionContext.lambda$runFeatures$6(CucumberExecutionContext.java:147) ~[cucumber-core-7.23.0.jar:7.23.0]
	at io.cucumber.core.runtime.CucumberExecutionContext.execute(CucumberExecutionContext.java:162) [cucumber-core-7.23.0.jar:7.23.0]
	at io.cucumber.core.runtime.CucumberExecutionContext.runFeatures(CucumberExecutionContext.java:145) [cucumber-core-7.23.0.jar:7.23.0]
	at io.cucumber.junit.Cucumber$StartAndFinishTestRun.evaluate(Cucumber.java:229) [cucumber-junit-7.23.0.jar:7.23.0]
	at org.junit.runners.ParentRunner$3.evaluate(ParentRunner.java:306) [junit-4.13.2.jar:4.13.2]
	at org.junit.runners.ParentRunner.run(ParentRunner.java:413) [junit-4.13.2.jar:4.13.2]
	at org.junit.runner.JUnitCore.run(JUnitCore.java:137) [junit-4.13.2.jar:4.13.2]
	at com.intellij.junit4.JUnit4IdeaTestRunner.startRunnerWithArgs(JUnit4IdeaTestRunner.java:69) [junit-rt.jar:?]
	at com.intellij.rt.junit.IdeaTestRunner$Repeater$1.execute(IdeaTestRunner.java:38) [junit-rt.jar:?]
	at com.intellij.rt.execution.junit.TestsRepeater.repeat(TestsRepeater.java:11) [idea_rt.jar:?]
	at com.intellij.rt.junit.IdeaTestRunner$Repeater.startRunnerWithArgs(IdeaTestRunner.java:35) [junit-rt.jar:?]
	at com.intellij.rt.junit.JUnitStarter.prepareStreamsAndStart(JUnitStarter.java:232) [junit-rt.jar:?]
	at com.intellij.rt.junit.JUnitStarter.main(JUnitStarter.java:55) [junit-rt.jar:?]
Caused by: java.io.UncheckedIOException: java.io.IOException: HTTP/1.1 header parser received no bytes
	at org.openqa.selenium.remote.http.jdk.JdkHttpClient.execute0(JdkHttpClient.java:500) ~[selenium-http-4.33.0.jar:?]
	at org.openqa.selenium.remote.http.AddSeleniumUserAgent.lambda$apply$0(AddSeleniumUserAgent.java:42) ~[selenium-http-4.33.0.jar:?]
	at org.openqa.selenium.remote.http.Filter.lambda$andFinally$1(Filter.java:55) ~[selenium-http-4.33.0.jar:?]
	at org.openqa.selenium.remote.http.jdk.JdkHttpClient.lambda$executeAsync$2(JdkHttpClient.java:387) ~[selenium-http-4.33.0.jar:?]
	at java.util.concurrent.Executors$RunnableAdapter.call(Executors.java:572) ~[?:?]
	at java.util.concurrent.FutureTask.run$$$capture(FutureTask.java:317) ~[?:?]
	at java.util.concurrent.FutureTask.run(FutureTask.java) ~[?:?]
	at java.util.concurrent.ThreadPoolExecutor.runWorker(ThreadPoolExecutor.java:1144) ~[?:?]
	at java.util.concurrent.ThreadPoolExecutor$Worker.run(ThreadPoolExecutor.java:642) ~[?:?]
	at java.lang.Thread.run(Thread.java:1575) ~[?:?]
Caused by: java.io.IOException: HTTP/1.1 header parser received no bytes
	at jdk.internal.net.http.HttpClientImpl.send(HttpClientImpl.java:971) ~[java.net.http:?]
	at jdk.internal.net.http.HttpClientFacade.send(HttpClientFacade.java:133) ~[java.net.http:?]
	at org.openqa.selenium.remote.http.jdk.JdkHttpClient.execute0(JdkHttpClient.java:459) ~[selenium-http-4.33.0.jar:?]
	at org.openqa.selenium.remote.http.AddSeleniumUserAgent.lambda$apply$0(AddSeleniumUserAgent.java:42) ~[selenium-http-4.33.0.jar:?]
	at org.openqa.selenium.remote.http.Filter.lambda$andFinally$1(Filter.java:55) ~[selenium-http-4.33.0.jar:?]
	at org.openqa.selenium.remote.http.jdk.JdkHttpClient.lambda$executeAsync$2(JdkHttpClient.java:387) ~[selenium-http-4.33.0.jar:?]
	at java.util.concurrent.Executors$RunnableAdapter.call(Executors.java:572) ~[?:?]
	at java.util.concurrent.FutureTask.run$$$capture(FutureTask.java:317) ~[?:?]
	at java.util.concurrent.FutureTask.run(FutureTask.java) ~[?:?]
	at java.util.concurrent.ThreadPoolExecutor.runWorker(ThreadPoolExecutor.java:1144) ~[?:?]
	at java.util.concurrent.ThreadPoolExecutor$Worker.run(ThreadPoolExecutor.java:642) ~[?:?]
	at java.lang.Thread.run(Thread.java:1575) ~[?:?]
Caused by: java.io.IOException: HTTP/1.1 header parser received no bytes
	at jdk.internal.net.http.common.Utils.wrapWithExtraDetail(Utils.java:440) ~[java.net.http:?]
	at jdk.internal.net.http.Http1Response$HeadersReader.onReadError(Http1Response.java:590) ~[java.net.http:?]
	at jdk.internal.net.http.Http1AsyncReceiver.checkForErrors(Http1AsyncReceiver.java:302) ~[java.net.http:?]
	at jdk.internal.net.http.Http1AsyncReceiver.flush(Http1AsyncReceiver.java:268) ~[java.net.http:?]
	at jdk.internal.net.http.common.SequentialScheduler$LockingRestartableTask.run(SequentialScheduler.java:182) ~[java.net.http:?]
	at jdk.internal.net.http.common.SequentialScheduler$CompleteRestartableTask.run(SequentialScheduler.java:149) ~[java.net.http:?]
	at jdk.internal.net.http.common.SequentialScheduler$SchedulableTask.run(SequentialScheduler.java:207) ~[java.net.http:?]
	at java.util.concurrent.ThreadPoolExecutor.runWorker(ThreadPoolExecutor.java:1144) ~[?:?]
	at java.util.concurrent.ThreadPoolExecutor$Worker.run(ThreadPoolExecutor.java:642) ~[?:?]
	at java.lang.Thread.run(Thread.java:1575) ~[?:?]
Caused by: java.net.SocketException: Connection reset
	at sun.nio.ch.SocketChannelImpl.throwConnectionReset(SocketChannelImpl.java:403) ~[?:?]
	at sun.nio.ch.SocketChannelImpl.implRead(SocketChannelImpl.java:435) ~[?:?]
	at sun.nio.ch.SocketChannelImpl.read(SocketChannelImpl.java:493) ~[?:?]
	at jdk.internal.net.http.SocketTube.readAvailable(SocketTube.java:1178) ~[java.net.http:?]
	at jdk.internal.net.http.SocketTube$InternalReadPublisher$InternalReadSubscription.read(SocketTube.java:841) ~[java.net.http:?]
	at jdk.internal.net.http.SocketTube$SocketFlowTask.run(SocketTube.java:181) ~[java.net.http:?]
	at jdk.internal.net.http.common.SequentialScheduler$SchedulableTask.run(SequentialScheduler.java:207) ~[java.net.http:?]
	at jdk.internal.net.http.common.SequentialScheduler.runOrSchedule(SequentialScheduler.java:280) ~[java.net.http:?]
	at jdk.internal.net.http.common.SequentialScheduler.runOrSchedule(SequentialScheduler.java:233) ~[java.net.http:?]
	at jdk.internal.net.http.SocketTube$InternalReadPublisher$InternalReadSubscription.signalReadable(SocketTube.java:782) ~[java.net.http:?]
	at jdk.internal.net.http.SocketTube$InternalReadPublisher$ReadEvent.signalEvent(SocketTube.java:965) ~[java.net.http:?]
	at jdk.internal.net.http.SocketTube$SocketFlowEvent.handle(SocketTube.java:253) ~[java.net.http:?]
	at jdk.internal.net.http.HttpClientImpl$SelectorManager.handleEvent(HttpClientImpl.java:1478) ~[java.net.http:?]
	at jdk.internal.net.http.HttpClientImpl$SelectorManager.lambda$run$3(HttpClientImpl.java:1423) ~[java.net.http:?]
	at java.util.ArrayList.forEach(ArrayList.java:1597) ~[?:?]
	at jdk.internal.net.http.HttpClientImpl$SelectorManager.run(HttpClientImpl.java:1423) ~[java.net.http:?]
12:56:05.180 [main]ERROR stepDefinition.InnerBoxTextEntering - Error occurred while filling signup chat details: Error communicating with the remote browser. It may have died.
Build info: version: '4.33.0', revision: '2c6aaad03a'
System info: os.name: 'Windows 11', os.arch: 'amd64', os.version: '10.0', java.version: '23.0.2'
Driver info: org.openqa.selenium.chrome.ChromeDriver
Command: [8a7d47fd12e68333f6d3e399e1286671, screenshot []]
Capabilities {acceptInsecureCerts: false, browserName: chrome, browserVersion: 138.0.7204.184, chrome: {chromedriverVersion: 138.0.7204.183 (e90faf484dd..., userDataDir: C:\Users\WIIS\AppData\Local...}, fedcm:accounts: true, goog:chromeOptions: {debuggerAddress: localhost:63085}, networkConnectionEnabled: false, pageLoadStrategy: normal, platformName: windows, proxy: Proxy(), se:cdp: ws://localhost:63085/devtoo..., se:cdpVersion: 138.0.7204.184, setWindowRect: true, strictFileInteractability: false, timeouts: {implicit: 0, pageLoad: 300000, script: 30000}, unhandledPromptBehavior: dismiss and notify, webauthn:extension:credBlob: true, webauthn:extension:largeBlob: true, webauthn:extension:minPinLength: true, webauthn:extension:prf: true, webauthn:virtualAuthenticators: true}
Session ID: 8a7d47fd12e68333f6d3e399e1286671
12:57:39.708 [main]INFO  factory.BaseClass - browser initialized
12:57:39.712 [main]INFO  factory.BaseClass - get properties file from file directory
12:57:51.418 [main]INFO  stepDefinition.InnerBoxTextEntering - Initializing LoginPage and HomePage
12:57:51.426 [main]INFO  stepDefinition.InnerBoxTextEntering - Navigating to SignIn via HomePage
12:57:51.580 [main]INFO  stepDefinition.InnerBoxTextEntering - SignIn page loaded
12:57:51.597 [main]INFO  stepDefinition.InnerBoxTextEntering - Fetching SignIn credentials from Excel: Sheet = Sheet1, Row = 0
12:57:51.599 [main]INFO  utility.ExelUtility - Starting to read Excel data from file: F:\Gyansetu\G_TestCase001/src/test-data/data for sign-up chat.xlsx, sheet: Sheet1
12:57:52.680 [main]INFO  utility.ExelUtility - Total rows found (excluding header): 26
12:57:52.715 [main]INFO  utility.ExelUtility - Row 1 processed and added to data list.
12:57:52.717 [main]INFO  utility.ExelUtility - Row 2 processed and added to data list.
12:57:52.718 [main]INFO  utility.ExelUtility - Row 3 processed and added to data list.
12:57:52.718 [main]INFO  utility.ExelUtility - Row 4 processed and added to data list.
12:57:52.719 [main]INFO  utility.ExelUtility - Row 5 processed and added to data list.
12:57:52.720 [main]INFO  utility.ExelUtility - Row 6 processed and added to data list.
12:57:52.721 [main]INFO  utility.ExelUtility - Row 7 processed and added to data list.
12:57:52.722 [main]INFO  utility.ExelUtility - Row 8 processed and added to data list.
12:57:52.723 [main]INFO  utility.ExelUtility - Row 9 processed and added to data list.
12:57:52.725 [main]INFO  utility.ExelUtility - Row 10 processed and added to data list.
12:57:52.726 [main]INFO  utility.ExelUtility - Row 11 processed and added to data list.
12:57:52.726 [main]INFO  utility.ExelUtility - Row 12 processed and added to data list.
12:57:52.726 [main]INFO  utility.ExelUtility - Row 13 processed and added to data list.
12:57:52.726 [main]INFO  utility.ExelUtility - Row 14 processed and added to data list.
12:57:52.727 [main]INFO  utility.ExelUtility - Row 15 processed and added to data list.
12:57:52.727 [main]INFO  utility.ExelUtility - Row 16 processed and added to data list.
12:57:52.727 [main]INFO  utility.ExelUtility - Row 17 processed and added to data list.
12:57:52.727 [main]INFO  utility.ExelUtility - Row 18 processed and added to data list.
12:57:52.727 [main]INFO  utility.ExelUtility - Row 19 processed and added to data list.
12:57:52.727 [main]INFO  utility.ExelUtility - Row 20 processed and added to data list.
12:57:52.728 [main]INFO  utility.ExelUtility - Row 21 processed and added to data list.
12:57:52.728 [main]INFO  utility.ExelUtility - Row 22 processed and added to data list.
12:57:52.728 [main]INFO  utility.ExelUtility - Row 23 processed and added to data list.
12:57:52.728 [main]INFO  utility.ExelUtility - Row 24 processed and added to data list.
12:57:52.729 [main]INFO  utility.ExelUtility - Row 25 processed and added to data list.
12:57:52.729 [main]INFO  utility.ExelUtility - Row 26 processed and added to data list.
12:57:52.729 [main]INFO  utility.ExelUtility - Excel data extraction completed successfully.
12:57:52.729 [main]INFO  stepDefinition.InnerBoxTextEntering - Fetched Email ID: sinjadudu899@yopmail.com
12:57:53.235 [main]INFO  stepDefinition.InnerBoxTextEntering - Entered Email ID in SignIn field
12:57:53.235 [main]INFO  stepDefinition.InnerBoxTextEntering - Fetched Password: ********
12:57:53.533 [main]INFO  stepDefinition.InnerBoxTextEntering - Entered Password in SignIn field
12:57:53.539 [main]INFO  stepDefinition.InnerBoxTextEntering - Clicking the Sign In button
12:57:55.604 [main]INFO  stepDefinition.InnerBoxTextEntering - Sign In button clicked successfully
12:57:55.606 [main]INFO  stepDefinition.InnerBoxTextEntering - Fetching data from Excel sheet for student User: Sign-Up chat_for_StudentUser
12:57:55.606 [main]INFO  utility.ExelUtility - Starting to read Excel data from file: F:\Gyansetu\G_TestCase001/src/test-data/data for sign-up chat.xlsx, sheet: Sign-Up chat_for_StudentUser
12:57:55.811 [main]INFO  utility.ExelUtility - Total rows found (excluding header): 20
12:57:55.821 [main]INFO  utility.ExelUtility - Row 1 processed and added to data list.
12:57:55.825 [main]INFO  utility.ExelUtility - Row 2 processed and added to data list.
12:57:55.842 [main]INFO  utility.ExelUtility - Row 3 processed and added to data list.
12:57:55.859 [main]INFO  utility.ExelUtility - Row 4 processed and added to data list.
12:57:55.861 [main]INFO  utility.ExelUtility - Row 5 processed and added to data list.
12:57:55.863 [main]INFO  utility.ExelUtility - Row 6 processed and added to data list.
12:57:55.872 [main]INFO  utility.ExelUtility - Row 7 processed and added to data list.
12:57:55.873 [main]INFO  utility.ExelUtility - Row 8 processed and added to data list.
12:57:55.875 [main]INFO  utility.ExelUtility - Row 9 processed and added to data list.
12:57:55.876 [main]INFO  utility.ExelUtility - Row 10 processed and added to data list.
12:57:55.878 [main]INFO  utility.ExelUtility - Row 11 processed and added to data list.
12:57:55.879 [main]INFO  utility.ExelUtility - Row 12 processed and added to data list.
12:57:55.881 [main]INFO  utility.ExelUtility - Row 13 processed and added to data list.
12:57:55.882 [main]INFO  utility.ExelUtility - Row 14 processed and added to data list.
12:57:55.884 [main]INFO  utility.ExelUtility - Row 15 processed and added to data list.
12:57:55.886 [main]INFO  utility.ExelUtility - Row 16 processed and added to data list.
12:57:55.888 [main]INFO  utility.ExelUtility - Row 17 processed and added to data list.
12:57:55.890 [main]INFO  utility.ExelUtility - Row 18 processed and added to data list.
12:57:55.894 [main]INFO  utility.ExelUtility - Row 19 processed and added to data list.
12:57:55.896 [main]INFO  utility.ExelUtility - Row 20 processed and added to data list.
12:57:55.896 [main]INFO  utility.ExelUtility - Excel data extraction completed successfully.
12:58:01.251 [main]INFO  stepDefinition.InnerBoxTextEntering - Entering Full Name of student: Anupa N
12:58:01.257 [main]INFO  page.Student_DashBoard_InnerChatBox - Entering full name: Anupa N
12:58:01.988 [main]INFO  page.Student_DashBoard_InnerChatBox - Full name entered with Actions and Enter sent.
12:58:01.988 [main]INFO  stepDefinition.InnerBoxTextEntering - Entering Date of Birth of student: 26-January-2005
12:58:01.988 [main]INFO  utility.DatePicker - Opening date picker....
12:58:02.249 [main]INFO  utility.DatePicker - Switched to year view..
12:58:03.760 [main]INFO  utility.DatePicker - Year 2005 selected..
12:58:03.993 [main]INFO  utility.DatePicker - Clicked previous month
12:58:04.218 [main]INFO  utility.DatePicker - Clicked previous month
12:58:04.389 [main]INFO  utility.DatePicker - Clicked previous month
12:58:04.612 [main]INFO  utility.DatePicker - Clicked previous month
12:58:04.807 [main]INFO  utility.DatePicker - Clicked previous month
12:58:04.976 [main]INFO  utility.DatePicker - Clicked previous month
12:58:05.159 [main]INFO  utility.DatePicker - Clicked previous month
12:58:05.217 [main]INFO  utility.DatePicker - Target month/year visible: JANUARY 2005
12:58:05.740 [main]INFO  utility.DatePicker - Date 26 selected
12:58:05.952 [main]INFO  utility.DatePicker - Click submit button clicked after date selection
12:58:06.959 [main]INFO  stepDefinition.InnerBoxTextEntering - Entering Main Learning Goals: Well
12:58:06.959 [main]INFO  page.Student_DashBoard_InnerChatBox - Entering main learning goal: Well
12:58:07.132 [main]INFO  page.Student_DashBoard_InnerChatBox - Learning goal entered successfully.
12:58:07.132 [main]INFO  stepDefinition.InnerBoxTextEntering - Selecting Gender: Male
12:58:07.134 [main]INFO  page.Student_DashBoard_InnerChatBox - Selecting gender.
12:58:07.444 [main]INFO  page.Student_DashBoard_InnerChatBox - Gender selected successfully.
12:58:08.460 [main]INFO  stepDefinition.InnerBoxTextEntering - Entering Mother's Name: Shari Cll
12:58:08.460 [main]INFO  page.Student_DashBoard_InnerChatBox - Entering mother's name: Shari Cll
12:58:08.638 [main]INFO  page.Student_DashBoard_InnerChatBox - Mother's name entered successfully.
12:58:08.638 [main]INFO  stepDefinition.InnerBoxTextEntering - Entering Father's Name: lJith
12:58:08.638 [main]INFO  page.Student_DashBoard_InnerChatBox - Entering father's name: lJith
12:58:08.856 [main]INFO  page.Student_DashBoard_InnerChatBox - Father's name entered successfully.
12:58:08.858 [main]INFO  stepDefinition.InnerBoxTextEntering - Entering Guardian Name: Himanshu
12:58:08.858 [main]INFO  page.Student_DashBoard_InnerChatBox - Entering guardian's name: Himanshu
12:58:09.244 [main]INFO  page.Student_DashBoard_InnerChatBox - Guardian's name entered successfully.
12:58:10.250 [main]INFO  stepDefinition.InnerBoxTextEntering - Uploading Profile Picture
12:58:10.250 [main]INFO  page.Student_DashBoard_InnerChatBox - Uploading profile picture from path: C:\\Users\\WIIS\\Pictures\\one piece\\1471770.jpg
12:58:10.418 [main]INFO  page.Student_DashBoard_InnerChatBox - Profile picture uploaded successfully.
12:58:10.418 [main]INFO  stepDefinition.InnerBoxTextEntering - Selecting Institute type
12:58:10.418 [main]INFO  page.Student_DashBoard_InnerChatBox - Selecting school type.
12:58:11.210 [main]INFO  page.Student_DashBoard_InnerChatBox - School type selected successfully.
12:58:12.225 [main]INFO  stepDefinition.InnerBoxTextEntering - Selecting School Name: Jyothi Nilayam HSS
12:58:13.168 [main]INFO  stepDefinition.InnerBoxTextEntering - Selecting Board
12:58:14.574 [main]INFO  stepDefinition.InnerBoxTextEntering - Selecting Class: Class_10
12:58:14.958 [main]INFO  stepDefinition.InnerBoxTextEntering - Selecting Hobbies: Drawing
12:58:15.473 [main]INFO  stepDefinition.InnerBoxTextEntering - Selecting Known Language: Hindi
12:58:16.471 [main]INFO  stepDefinition.InnerBoxTextEntering - Selecting Language Proficiency
12:58:16.898 [main]INFO  stepDefinition.InnerBoxTextEntering - Selecting Country Code
12:58:18.393 [main]INFO  stepDefinition.InnerBoxTextEntering - Entering WhatsApp Number: 9876655555
12:58:18.587 [main]INFO  stepDefinition.InnerBoxTextEntering - Selecting Subject Name: English
12:58:21.086 [main]INFO  stepDefinition.InnerBoxTextEntering - Selecting Teacher..: Sumayya CC
12:58:31.283 [main]ERROR page.Student_DashBoard_InnerChatBox - Failed to select teacher name: Expected condition failed: waiting for visibility of element located by By.xpath: //div[@role='option'] (tried for 10 second(s) with 500 milliseconds interval)
Build info: version: '4.33.0', revision: '2c6aaad03a'
System info: os.name: 'Windows 11', os.arch: 'amd64', os.version: '10.0', java.version: '23.0.2'
Driver info: org.openqa.selenium.chrome.ChromeDriver
Capabilities {acceptInsecureCerts: false, browserName: chrome, browserVersion: 138.0.7204.184, chrome: {chromedriverVersion: 138.0.7204.183 (e90faf484dd..., userDataDir: C:\Users\WIIS\AppData\Local...}, fedcm:accounts: true, goog:chromeOptions: {debuggerAddress: localhost:63199}, networkConnectionEnabled: false, pageLoadStrategy: normal, platformName: windows, proxy: Proxy(), se:cdp: ws://localhost:63199/devtoo..., se:cdpVersion: 138.0.7204.184, setWindowRect: true, strictFileInteractability: false, timeouts: {implicit: 0, pageLoad: 300000, script: 30000}, unhandledPromptBehavior: dismiss and notify, webauthn:extension:credBlob: true, webauthn:extension:largeBlob: true, webauthn:extension:minPinLength: true, webauthn:extension:prf: true, webauthn:virtualAuthenticators: true}
Session ID: 2f102d7a6c252b63bf447c7b127cb223
org.openqa.selenium.TimeoutException: Expected condition failed: waiting for visibility of element located by By.xpath: //div[@role='option'] (tried for 10 second(s) with 500 milliseconds interval)
Build info: version: '4.33.0', revision: '2c6aaad03a'
System info: os.name: 'Windows 11', os.arch: 'amd64', os.version: '10.0', java.version: '23.0.2'
Driver info: org.openqa.selenium.chrome.ChromeDriver
Capabilities {acceptInsecureCerts: false, browserName: chrome, browserVersion: 138.0.7204.184, chrome: {chromedriverVersion: 138.0.7204.183 (e90faf484dd..., userDataDir: C:\Users\WIIS\AppData\Local...}, fedcm:accounts: true, goog:chromeOptions: {debuggerAddress: localhost:63199}, networkConnectionEnabled: false, pageLoadStrategy: normal, platformName: windows, proxy: Proxy(), se:cdp: ws://localhost:63199/devtoo..., se:cdpVersion: 138.0.7204.184, setWindowRect: true, strictFileInteractability: false, timeouts: {implicit: 0, pageLoad: 300000, script: 30000}, unhandledPromptBehavior: dismiss and notify, webauthn:extension:credBlob: true, webauthn:extension:largeBlob: true, webauthn:extension:minPinLength: true, webauthn:extension:prf: true, webauthn:virtualAuthenticators: true}
Session ID: 2f102d7a6c252b63bf447c7b127cb223
	at org.openqa.selenium.support.ui.WebDriverWait.timeoutException(WebDriverWait.java:84) ~[selenium-support-4.33.0.jar:?]
	at org.openqa.selenium.support.ui.FluentWait.until(FluentWait.java:228) ~[selenium-support-4.33.0.jar:?]
	at utility.WaitHelper.waitForVisibility(WaitHelper.java:22) ~[test-classes/:?]
	at page.Student_DashBoard_InnerChatBox.user_select_teacherName(Student_DashBoard_InnerChatBox.java:463) ~[test-classes/:?]
	at stepDefinition.InnerBoxTextEntering.fetchDataFromExcelSheetForSignUpChatAndEnterDetailsOnSignupChat(InnerBoxTextEntering.java:275) ~[test-classes/:?]
	at jdk.internal.reflect.DirectMethodHandleAccessor.invoke(DirectMethodHandleAccessor.java:103) ~[?:?]
	at java.lang.reflect.Method.invoke(Method.java:580) ~[?:?]
	at io.cucumber.java.Invoker.doInvoke(Invoker.java:66) ~[cucumber-java-7.23.0.jar:7.23.0]
	at io.cucumber.java.Invoker.invoke(Invoker.java:24) ~[cucumber-java-7.23.0.jar:7.23.0]
	at io.cucumber.java.AbstractGlueDefinition.invokeMethod(AbstractGlueDefinition.java:47) ~[cucumber-java-7.23.0.jar:7.23.0]
	at io.cucumber.java.JavaStepDefinition.execute(JavaStepDefinition.java:29) ~[cucumber-java-7.23.0.jar:7.23.0]
	at io.cucumber.core.runner.CoreStepDefinition.execute(CoreStepDefinition.java:66) ~[cucumber-core-7.23.0.jar:7.23.0]
	at io.cucumber.core.runner.PickleStepDefinitionMatch.runStep(PickleStepDefinitionMatch.java:62) ~[cucumber-core-7.23.0.jar:7.23.0]
	at io.cucumber.core.runner.ExecutionMode$1.execute(ExecutionMode.java:10) ~[cucumber-core-7.23.0.jar:7.23.0]
	at io.cucumber.core.runner.TestStep.executeStep(TestStep.java:81) ~[cucumber-core-7.23.0.jar:7.23.0]
	at io.cucumber.core.runner.TestStep.run(TestStep.java:53) ~[cucumber-core-7.23.0.jar:7.23.0]
	at io.cucumber.core.runner.PickleStepTestStep.run(PickleStepTestStep.java:51) ~[cucumber-core-7.23.0.jar:7.23.0]
	at io.cucumber.core.runner.TestCase.run(TestCase.java:86) ~[cucumber-core-7.23.0.jar:7.23.0]
	at io.cucumber.core.runner.Runner.runPickle(Runner.java:77) ~[cucumber-core-7.23.0.jar:7.23.0]
	at io.cucumber.junit.PickleRunners$NoStepDescriptions.lambda$run$0(PickleRunners.java:151) ~[cucumber-junit-7.23.0.jar:7.23.0]
	at io.cucumber.core.runtime.CucumberExecutionContext.lambda$runTestCase$5(CucumberExecutionContext.java:136) ~[cucumber-core-7.23.0.jar:7.23.0]
	at io.cucumber.core.runtime.RethrowingThrowableCollector.executeAndThrow(RethrowingThrowableCollector.java:23) ~[cucumber-core-7.23.0.jar:7.23.0]
	at io.cucumber.core.runtime.CucumberExecutionContext.runTestCase(CucumberExecutionContext.java:136) ~[cucumber-core-7.23.0.jar:7.23.0]
	at io.cucumber.junit.PickleRunners$NoStepDescriptions.run(PickleRunners.java:148) ~[cucumber-junit-7.23.0.jar:7.23.0]
	at io.cucumber.junit.FeatureRunner.runChild(FeatureRunner.java:144) ~[cucumber-junit-7.23.0.jar:7.23.0]
	at io.cucumber.junit.FeatureRunner.runChild(FeatureRunner.java:28) ~[cucumber-junit-7.23.0.jar:7.23.0]
	at org.junit.runners.ParentRunner$4.run(ParentRunner.java:331) ~[junit-4.13.2.jar:4.13.2]
	at org.junit.runners.ParentRunner$1.schedule(ParentRunner.java:79) ~[junit-4.13.2.jar:4.13.2]
	at org.junit.runners.ParentRunner.runChildren(ParentRunner.java:329) ~[junit-4.13.2.jar:4.13.2]
	at org.junit.runners.ParentRunner.access$100(ParentRunner.java:66) ~[junit-4.13.2.jar:4.13.2]
	at org.junit.runners.ParentRunner$2.evaluate(ParentRunner.java:293) ~[junit-4.13.2.jar:4.13.2]
	at org.junit.runners.ParentRunner$3.evaluate(ParentRunner.java:306) ~[junit-4.13.2.jar:4.13.2]
	at org.junit.runners.ParentRunner.run(ParentRunner.java:413) ~[junit-4.13.2.jar:4.13.2]
	at io.cucumber.junit.FeatureRunner.run(FeatureRunner.java:137) ~[cucumber-junit-7.23.0.jar:7.23.0]
	at io.cucumber.junit.Cucumber.runChild(Cucumber.java:199) ~[cucumber-junit-7.23.0.jar:7.23.0]
	at io.cucumber.junit.Cucumber.runChild(Cucumber.java:89) ~[cucumber-junit-7.23.0.jar:7.23.0]
	at org.junit.runners.ParentRunner$4.run(ParentRunner.java:331) ~[junit-4.13.2.jar:4.13.2]
	at org.junit.runners.ParentRunner$1.schedule(ParentRunner.java:79) ~[junit-4.13.2.jar:4.13.2]
	at org.junit.runners.ParentRunner.runChildren(ParentRunner.java:329) ~[junit-4.13.2.jar:4.13.2]
	at org.junit.runners.ParentRunner.access$100(ParentRunner.java:66) ~[junit-4.13.2.jar:4.13.2]
	at org.junit.runners.ParentRunner$2.evaluate(ParentRunner.java:293) ~[junit-4.13.2.jar:4.13.2]
	at io.cucumber.core.runtime.CucumberExecutionContext.lambda$runFeatures$6(CucumberExecutionContext.java:147) ~[cucumber-core-7.23.0.jar:7.23.0]
	at io.cucumber.core.runtime.CucumberExecutionContext.execute(CucumberExecutionContext.java:162) [cucumber-core-7.23.0.jar:7.23.0]
	at io.cucumber.core.runtime.CucumberExecutionContext.runFeatures(CucumberExecutionContext.java:145) [cucumber-core-7.23.0.jar:7.23.0]
	at io.cucumber.junit.Cucumber$StartAndFinishTestRun.evaluate(Cucumber.java:229) [cucumber-junit-7.23.0.jar:7.23.0]
	at org.junit.runners.ParentRunner$3.evaluate(ParentRunner.java:306) [junit-4.13.2.jar:4.13.2]
	at org.junit.runners.ParentRunner.run(ParentRunner.java:413) [junit-4.13.2.jar:4.13.2]
	at org.junit.runner.JUnitCore.run(JUnitCore.java:137) [junit-4.13.2.jar:4.13.2]
	at com.intellij.junit4.JUnit4IdeaTestRunner.startRunnerWithArgs(JUnit4IdeaTestRunner.java:69) [junit-rt.jar:?]
	at com.intellij.rt.junit.IdeaTestRunner$Repeater$1.execute(IdeaTestRunner.java:38) [junit-rt.jar:?]
	at com.intellij.rt.execution.junit.TestsRepeater.repeat(TestsRepeater.java:11) [idea_rt.jar:?]
	at com.intellij.rt.junit.IdeaTestRunner$Repeater.startRunnerWithArgs(IdeaTestRunner.java:35) [junit-rt.jar:?]
	at com.intellij.rt.junit.JUnitStarter.prepareStreamsAndStart(JUnitStarter.java:232) [junit-rt.jar:?]
	at com.intellij.rt.junit.JUnitStarter.main(JUnitStarter.java:55) [junit-rt.jar:?]
12:58:31.459 [main]INFO  stepDefinition.InnerBoxTextEntering - Enter the parent email id..: kinavarsh3777@yopmail.com
12:58:31.459 [main]INFO  page.Student_DashBoard_InnerChatBox - Entering Parent Email ID.: kinavarsh3777@yopmail.com
12:58:41.527 [main]ERROR page.Student_DashBoard_InnerChatBox - Failed to Enter the parent email id: Expected condition failed: waiting for visibility of element located by By.xpath: //input[@placeholder='Type your answer and press enter'] (tried for 10 second(s) with 500 milliseconds interval)
Build info: version: '4.33.0', revision: '2c6aaad03a'
System info: os.name: 'Windows 11', os.arch: 'amd64', os.version: '10.0', java.version: '23.0.2'
Driver info: org.openqa.selenium.chrome.ChromeDriver
Capabilities {acceptInsecureCerts: false, browserName: chrome, browserVersion: 138.0.7204.184, chrome: {chromedriverVersion: 138.0.7204.183 (e90faf484dd..., userDataDir: C:\Users\WIIS\AppData\Local...}, fedcm:accounts: true, goog:chromeOptions: {debuggerAddress: localhost:63199}, networkConnectionEnabled: false, pageLoadStrategy: normal, platformName: windows, proxy: Proxy(), se:cdp: ws://localhost:63199/devtoo..., se:cdpVersion: 138.0.7204.184, setWindowRect: true, strictFileInteractability: false, timeouts: {implicit: 0, pageLoad: 300000, script: 30000}, unhandledPromptBehavior: dismiss and notify, webauthn:extension:credBlob: true, webauthn:extension:largeBlob: true, webauthn:extension:minPinLength: true, webauthn:extension:prf: true, webauthn:virtualAuthenticators: true}
Session ID: 2f102d7a6c252b63bf447c7b127cb223
org.openqa.selenium.TimeoutException: Expected condition failed: waiting for visibility of element located by By.xpath: //input[@placeholder='Type your answer and press enter'] (tried for 10 second(s) with 500 milliseconds interval)
Build info: version: '4.33.0', revision: '2c6aaad03a'
System info: os.name: 'Windows 11', os.arch: 'amd64', os.version: '10.0', java.version: '23.0.2'
Driver info: org.openqa.selenium.chrome.ChromeDriver
Capabilities {acceptInsecureCerts: false, browserName: chrome, browserVersion: 138.0.7204.184, chrome: {chromedriverVersion: 138.0.7204.183 (e90faf484dd..., userDataDir: C:\Users\WIIS\AppData\Local...}, fedcm:accounts: true, goog:chromeOptions: {debuggerAddress: localhost:63199}, networkConnectionEnabled: false, pageLoadStrategy: normal, platformName: windows, proxy: Proxy(), se:cdp: ws://localhost:63199/devtoo..., se:cdpVersion: 138.0.7204.184, setWindowRect: true, strictFileInteractability: false, timeouts: {implicit: 0, pageLoad: 300000, script: 30000}, unhandledPromptBehavior: dismiss and notify, webauthn:extension:credBlob: true, webauthn:extension:largeBlob: true, webauthn:extension:minPinLength: true, webauthn:extension:prf: true, webauthn:virtualAuthenticators: true}
Session ID: 2f102d7a6c252b63bf447c7b127cb223
	at org.openqa.selenium.support.ui.WebDriverWait.timeoutException(WebDriverWait.java:84) ~[selenium-support-4.33.0.jar:?]
	at org.openqa.selenium.support.ui.FluentWait.until(FluentWait.java:228) ~[selenium-support-4.33.0.jar:?]
	at utility.WaitHelper.waitForVisibility(WaitHelper.java:22) ~[test-classes/:?]
	at page.Student_DashBoard_InnerChatBox.enter_the_parentEmailID(Student_DashBoard_InnerChatBox.java:484) ~[test-classes/:?]
	at stepDefinition.InnerBoxTextEntering.fetchDataFromExcelSheetForSignUpChatAndEnterDetailsOnSignupChat(InnerBoxTextEntering.java:280) ~[test-classes/:?]
	at jdk.internal.reflect.DirectMethodHandleAccessor.invoke(DirectMethodHandleAccessor.java:103) ~[?:?]
	at java.lang.reflect.Method.invoke(Method.java:580) ~[?:?]
	at io.cucumber.java.Invoker.doInvoke(Invoker.java:66) ~[cucumber-java-7.23.0.jar:7.23.0]
	at io.cucumber.java.Invoker.invoke(Invoker.java:24) ~[cucumber-java-7.23.0.jar:7.23.0]
	at io.cucumber.java.AbstractGlueDefinition.invokeMethod(AbstractGlueDefinition.java:47) ~[cucumber-java-7.23.0.jar:7.23.0]
	at io.cucumber.java.JavaStepDefinition.execute(JavaStepDefinition.java:29) ~[cucumber-java-7.23.0.jar:7.23.0]
	at io.cucumber.core.runner.CoreStepDefinition.execute(CoreStepDefinition.java:66) ~[cucumber-core-7.23.0.jar:7.23.0]
	at io.cucumber.core.runner.PickleStepDefinitionMatch.runStep(PickleStepDefinitionMatch.java:62) ~[cucumber-core-7.23.0.jar:7.23.0]
	at io.cucumber.core.runner.ExecutionMode$1.execute(ExecutionMode.java:10) ~[cucumber-core-7.23.0.jar:7.23.0]
	at io.cucumber.core.runner.TestStep.executeStep(TestStep.java:81) ~[cucumber-core-7.23.0.jar:7.23.0]
	at io.cucumber.core.runner.TestStep.run(TestStep.java:53) ~[cucumber-core-7.23.0.jar:7.23.0]
	at io.cucumber.core.runner.PickleStepTestStep.run(PickleStepTestStep.java:51) ~[cucumber-core-7.23.0.jar:7.23.0]
	at io.cucumber.core.runner.TestCase.run(TestCase.java:86) ~[cucumber-core-7.23.0.jar:7.23.0]
	at io.cucumber.core.runner.Runner.runPickle(Runner.java:77) ~[cucumber-core-7.23.0.jar:7.23.0]
	at io.cucumber.junit.PickleRunners$NoStepDescriptions.lambda$run$0(PickleRunners.java:151) ~[cucumber-junit-7.23.0.jar:7.23.0]
	at io.cucumber.core.runtime.CucumberExecutionContext.lambda$runTestCase$5(CucumberExecutionContext.java:136) ~[cucumber-core-7.23.0.jar:7.23.0]
	at io.cucumber.core.runtime.RethrowingThrowableCollector.executeAndThrow(RethrowingThrowableCollector.java:23) ~[cucumber-core-7.23.0.jar:7.23.0]
	at io.cucumber.core.runtime.CucumberExecutionContext.runTestCase(CucumberExecutionContext.java:136) ~[cucumber-core-7.23.0.jar:7.23.0]
	at io.cucumber.junit.PickleRunners$NoStepDescriptions.run(PickleRunners.java:148) ~[cucumber-junit-7.23.0.jar:7.23.0]
	at io.cucumber.junit.FeatureRunner.runChild(FeatureRunner.java:144) ~[cucumber-junit-7.23.0.jar:7.23.0]
	at io.cucumber.junit.FeatureRunner.runChild(FeatureRunner.java:28) ~[cucumber-junit-7.23.0.jar:7.23.0]
	at org.junit.runners.ParentRunner$4.run(ParentRunner.java:331) ~[junit-4.13.2.jar:4.13.2]
	at org.junit.runners.ParentRunner$1.schedule(ParentRunner.java:79) ~[junit-4.13.2.jar:4.13.2]
	at org.junit.runners.ParentRunner.runChildren(ParentRunner.java:329) ~[junit-4.13.2.jar:4.13.2]
	at org.junit.runners.ParentRunner.access$100(ParentRunner.java:66) ~[junit-4.13.2.jar:4.13.2]
	at org.junit.runners.ParentRunner$2.evaluate(ParentRunner.java:293) ~[junit-4.13.2.jar:4.13.2]
	at org.junit.runners.ParentRunner$3.evaluate(ParentRunner.java:306) ~[junit-4.13.2.jar:4.13.2]
	at org.junit.runners.ParentRunner.run(ParentRunner.java:413) ~[junit-4.13.2.jar:4.13.2]
	at io.cucumber.junit.FeatureRunner.run(FeatureRunner.java:137) ~[cucumber-junit-7.23.0.jar:7.23.0]
	at io.cucumber.junit.Cucumber.runChild(Cucumber.java:199) ~[cucumber-junit-7.23.0.jar:7.23.0]
	at io.cucumber.junit.Cucumber.runChild(Cucumber.java:89) ~[cucumber-junit-7.23.0.jar:7.23.0]
	at org.junit.runners.ParentRunner$4.run(ParentRunner.java:331) ~[junit-4.13.2.jar:4.13.2]
	at org.junit.runners.ParentRunner$1.schedule(ParentRunner.java:79) ~[junit-4.13.2.jar:4.13.2]
	at org.junit.runners.ParentRunner.runChildren(ParentRunner.java:329) ~[junit-4.13.2.jar:4.13.2]
	at org.junit.runners.ParentRunner.access$100(ParentRunner.java:66) ~[junit-4.13.2.jar:4.13.2]
	at org.junit.runners.ParentRunner$2.evaluate(ParentRunner.java:293) ~[junit-4.13.2.jar:4.13.2]
	at io.cucumber.core.runtime.CucumberExecutionContext.lambda$runFeatures$6(CucumberExecutionContext.java:147) ~[cucumber-core-7.23.0.jar:7.23.0]
	at io.cucumber.core.runtime.CucumberExecutionContext.execute(CucumberExecutionContext.java:162) [cucumber-core-7.23.0.jar:7.23.0]
	at io.cucumber.core.runtime.CucumberExecutionContext.runFeatures(CucumberExecutionContext.java:145) [cucumber-core-7.23.0.jar:7.23.0]
	at io.cucumber.junit.Cucumber$StartAndFinishTestRun.evaluate(Cucumber.java:229) [cucumber-junit-7.23.0.jar:7.23.0]
	at org.junit.runners.ParentRunner$3.evaluate(ParentRunner.java:306) [junit-4.13.2.jar:4.13.2]
	at org.junit.runners.ParentRunner.run(ParentRunner.java:413) [junit-4.13.2.jar:4.13.2]
	at org.junit.runner.JUnitCore.run(JUnitCore.java:137) [junit-4.13.2.jar:4.13.2]
	at com.intellij.junit4.JUnit4IdeaTestRunner.startRunnerWithArgs(JUnit4IdeaTestRunner.java:69) [junit-rt.jar:?]
	at com.intellij.rt.junit.IdeaTestRunner$Repeater$1.execute(IdeaTestRunner.java:38) [junit-rt.jar:?]
	at com.intellij.rt.execution.junit.TestsRepeater.repeat(TestsRepeater.java:11) [idea_rt.jar:?]
	at com.intellij.rt.junit.IdeaTestRunner$Repeater.startRunnerWithArgs(IdeaTestRunner.java:35) [junit-rt.jar:?]
	at com.intellij.rt.junit.JUnitStarter.prepareStreamsAndStart(JUnitStarter.java:232) [junit-rt.jar:?]
	at com.intellij.rt.junit.JUnitStarter.main(JUnitStarter.java:55) [junit-rt.jar:?]
12:58:41.684 [main]INFO  stepDefinition.InnerBoxTextEntering - Enter the parent phone No..: 8876655000
12:58:41.684 [main]INFO  page.Student_DashBoard_InnerChatBox - Entering Parent Phone No.: 8876655000
12:58:51.709 [main]ERROR page.Student_DashBoard_InnerChatBox - Failed to Enter the parent phone No.: Expected condition failed: waiting for visibility of element located by By.xpath: //input[@placeholder='Type your answer and press enter'] (tried for 10 second(s) with 500 milliseconds interval)
Build info: version: '4.33.0', revision: '2c6aaad03a'
System info: os.name: 'Windows 11', os.arch: 'amd64', os.version: '10.0', java.version: '23.0.2'
Driver info: org.openqa.selenium.chrome.ChromeDriver
Capabilities {acceptInsecureCerts: false, browserName: chrome, browserVersion: 138.0.7204.184, chrome: {chromedriverVersion: 138.0.7204.183 (e90faf484dd..., userDataDir: C:\Users\WIIS\AppData\Local...}, fedcm:accounts: true, goog:chromeOptions: {debuggerAddress: localhost:63199}, networkConnectionEnabled: false, pageLoadStrategy: normal, platformName: windows, proxy: Proxy(), se:cdp: ws://localhost:63199/devtoo..., se:cdpVersion: 138.0.7204.184, setWindowRect: true, strictFileInteractability: false, timeouts: {implicit: 0, pageLoad: 300000, script: 30000}, unhandledPromptBehavior: dismiss and notify, webauthn:extension:credBlob: true, webauthn:extension:largeBlob: true, webauthn:extension:minPinLength: true, webauthn:extension:prf: true, webauthn:virtualAuthenticators: true}
Session ID: 2f102d7a6c252b63bf447c7b127cb223
org.openqa.selenium.TimeoutException: Expected condition failed: waiting for visibility of element located by By.xpath: //input[@placeholder='Type your answer and press enter'] (tried for 10 second(s) with 500 milliseconds interval)
Build info: version: '4.33.0', revision: '2c6aaad03a'
System info: os.name: 'Windows 11', os.arch: 'amd64', os.version: '10.0', java.version: '23.0.2'
Driver info: org.openqa.selenium.chrome.ChromeDriver
Capabilities {acceptInsecureCerts: false, browserName: chrome, browserVersion: 138.0.7204.184, chrome: {chromedriverVersion: 138.0.7204.183 (e90faf484dd..., userDataDir: C:\Users\WIIS\AppData\Local...}, fedcm:accounts: true, goog:chromeOptions: {debuggerAddress: localhost:63199}, networkConnectionEnabled: false, pageLoadStrategy: normal, platformName: windows, proxy: Proxy(), se:cdp: ws://localhost:63199/devtoo..., se:cdpVersion: 138.0.7204.184, setWindowRect: true, strictFileInteractability: false, timeouts: {implicit: 0, pageLoad: 300000, script: 30000}, unhandledPromptBehavior: dismiss and notify, webauthn:extension:credBlob: true, webauthn:extension:largeBlob: true, webauthn:extension:minPinLength: true, webauthn:extension:prf: true, webauthn:virtualAuthenticators: true}
Session ID: 2f102d7a6c252b63bf447c7b127cb223
	at org.openqa.selenium.support.ui.WebDriverWait.timeoutException(WebDriverWait.java:84) ~[selenium-support-4.33.0.jar:?]
	at org.openqa.selenium.support.ui.FluentWait.until(FluentWait.java:228) ~[selenium-support-4.33.0.jar:?]
	at utility.WaitHelper.waitForVisibility(WaitHelper.java:22) ~[test-classes/:?]
	at page.Student_DashBoard_InnerChatBox.enter_the_parentPhoneNo(Student_DashBoard_InnerChatBox.java:501) ~[test-classes/:?]
	at stepDefinition.InnerBoxTextEntering.fetchDataFromExcelSheetForSignUpChatAndEnterDetailsOnSignupChat(InnerBoxTextEntering.java:285) ~[test-classes/:?]
	at jdk.internal.reflect.DirectMethodHandleAccessor.invoke(DirectMethodHandleAccessor.java:103) ~[?:?]
	at java.lang.reflect.Method.invoke(Method.java:580) ~[?:?]
	at io.cucumber.java.Invoker.doInvoke(Invoker.java:66) ~[cucumber-java-7.23.0.jar:7.23.0]
	at io.cucumber.java.Invoker.invoke(Invoker.java:24) ~[cucumber-java-7.23.0.jar:7.23.0]
	at io.cucumber.java.AbstractGlueDefinition.invokeMethod(AbstractGlueDefinition.java:47) ~[cucumber-java-7.23.0.jar:7.23.0]
	at io.cucumber.java.JavaStepDefinition.execute(JavaStepDefinition.java:29) ~[cucumber-java-7.23.0.jar:7.23.0]
	at io.cucumber.core.runner.CoreStepDefinition.execute(CoreStepDefinition.java:66) ~[cucumber-core-7.23.0.jar:7.23.0]
	at io.cucumber.core.runner.PickleStepDefinitionMatch.runStep(PickleStepDefinitionMatch.java:62) ~[cucumber-core-7.23.0.jar:7.23.0]
	at io.cucumber.core.runner.ExecutionMode$1.execute(ExecutionMode.java:10) ~[cucumber-core-7.23.0.jar:7.23.0]
	at io.cucumber.core.runner.TestStep.executeStep(TestStep.java:81) ~[cucumber-core-7.23.0.jar:7.23.0]
	at io.cucumber.core.runner.TestStep.run(TestStep.java:53) ~[cucumber-core-7.23.0.jar:7.23.0]
	at io.cucumber.core.runner.PickleStepTestStep.run(PickleStepTestStep.java:51) ~[cucumber-core-7.23.0.jar:7.23.0]
	at io.cucumber.core.runner.TestCase.run(TestCase.java:86) ~[cucumber-core-7.23.0.jar:7.23.0]
	at io.cucumber.core.runner.Runner.runPickle(Runner.java:77) ~[cucumber-core-7.23.0.jar:7.23.0]
	at io.cucumber.junit.PickleRunners$NoStepDescriptions.lambda$run$0(PickleRunners.java:151) ~[cucumber-junit-7.23.0.jar:7.23.0]
	at io.cucumber.core.runtime.CucumberExecutionContext.lambda$runTestCase$5(CucumberExecutionContext.java:136) ~[cucumber-core-7.23.0.jar:7.23.0]
	at io.cucumber.core.runtime.RethrowingThrowableCollector.executeAndThrow(RethrowingThrowableCollector.java:23) ~[cucumber-core-7.23.0.jar:7.23.0]
	at io.cucumber.core.runtime.CucumberExecutionContext.runTestCase(CucumberExecutionContext.java:136) ~[cucumber-core-7.23.0.jar:7.23.0]
	at io.cucumber.junit.PickleRunners$NoStepDescriptions.run(PickleRunners.java:148) ~[cucumber-junit-7.23.0.jar:7.23.0]
	at io.cucumber.junit.FeatureRunner.runChild(FeatureRunner.java:144) ~[cucumber-junit-7.23.0.jar:7.23.0]
	at io.cucumber.junit.FeatureRunner.runChild(FeatureRunner.java:28) ~[cucumber-junit-7.23.0.jar:7.23.0]
	at org.junit.runners.ParentRunner$4.run(ParentRunner.java:331) ~[junit-4.13.2.jar:4.13.2]
	at org.junit.runners.ParentRunner$1.schedule(ParentRunner.java:79) ~[junit-4.13.2.jar:4.13.2]
	at org.junit.runners.ParentRunner.runChildren(ParentRunner.java:329) ~[junit-4.13.2.jar:4.13.2]
	at org.junit.runners.ParentRunner.access$100(ParentRunner.java:66) ~[junit-4.13.2.jar:4.13.2]
	at org.junit.runners.ParentRunner$2.evaluate(ParentRunner.java:293) ~[junit-4.13.2.jar:4.13.2]
	at org.junit.runners.ParentRunner$3.evaluate(ParentRunner.java:306) ~[junit-4.13.2.jar:4.13.2]
	at org.junit.runners.ParentRunner.run(ParentRunner.java:413) ~[junit-4.13.2.jar:4.13.2]
	at io.cucumber.junit.FeatureRunner.run(FeatureRunner.java:137) ~[cucumber-junit-7.23.0.jar:7.23.0]
	at io.cucumber.junit.Cucumber.runChild(Cucumber.java:199) ~[cucumber-junit-7.23.0.jar:7.23.0]
	at io.cucumber.junit.Cucumber.runChild(Cucumber.java:89) ~[cucumber-junit-7.23.0.jar:7.23.0]
	at org.junit.runners.ParentRunner$4.run(ParentRunner.java:331) ~[junit-4.13.2.jar:4.13.2]
	at org.junit.runners.ParentRunner$1.schedule(ParentRunner.java:79) ~[junit-4.13.2.jar:4.13.2]
	at org.junit.runners.ParentRunner.runChildren(ParentRunner.java:329) ~[junit-4.13.2.jar:4.13.2]
	at org.junit.runners.ParentRunner.access$100(ParentRunner.java:66) ~[junit-4.13.2.jar:4.13.2]
	at org.junit.runners.ParentRunner$2.evaluate(ParentRunner.java:293) ~[junit-4.13.2.jar:4.13.2]
	at io.cucumber.core.runtime.CucumberExecutionContext.lambda$runFeatures$6(CucumberExecutionContext.java:147) ~[cucumber-core-7.23.0.jar:7.23.0]
	at io.cucumber.core.runtime.CucumberExecutionContext.execute(CucumberExecutionContext.java:162) [cucumber-core-7.23.0.jar:7.23.0]
	at io.cucumber.core.runtime.CucumberExecutionContext.runFeatures(CucumberExecutionContext.java:145) [cucumber-core-7.23.0.jar:7.23.0]
	at io.cucumber.junit.Cucumber$StartAndFinishTestRun.evaluate(Cucumber.java:229) [cucumber-junit-7.23.0.jar:7.23.0]
	at org.junit.runners.ParentRunner$3.evaluate(ParentRunner.java:306) [junit-4.13.2.jar:4.13.2]
	at org.junit.runners.ParentRunner.run(ParentRunner.java:413) [junit-4.13.2.jar:4.13.2]
	at org.junit.runner.JUnitCore.run(JUnitCore.java:137) [junit-4.13.2.jar:4.13.2]
	at com.intellij.junit4.JUnit4IdeaTestRunner.startRunnerWithArgs(JUnit4IdeaTestRunner.java:69) [junit-rt.jar:?]
	at com.intellij.rt.junit.IdeaTestRunner$Repeater$1.execute(IdeaTestRunner.java:38) [junit-rt.jar:?]
	at com.intellij.rt.execution.junit.TestsRepeater.repeat(TestsRepeater.java:11) [idea_rt.jar:?]
	at com.intellij.rt.junit.IdeaTestRunner$Repeater.startRunnerWithArgs(IdeaTestRunner.java:35) [junit-rt.jar:?]
	at com.intellij.rt.junit.JUnitStarter.prepareStreamsAndStart(JUnitStarter.java:232) [junit-rt.jar:?]
	at com.intellij.rt.junit.JUnitStarter.main(JUnitStarter.java:55) [junit-rt.jar:?]
12:58:52.014 [main]INFO  stepDefinition.InnerBoxTextEntering - Selecting Country: India
12:59:02.258 [main]INFO  stepDefinition.InnerBoxTextEntering - Selecting State: Kerala
12:59:12.405 [main]INFO  stepDefinition.InnerBoxTextEntering - Selecting District: Alappuzha
12:59:22.437 [main]ERROR stepDefinition.InnerBoxTextEntering - Error occurred while filling signup chat details: no such element: Unable to locate element: {"method":"xpath","selector":"//input[@placeholder='Type your answer and press enter']"}
  (Session info: chrome=138.0.7204.184)
For documentation on this error, please visit: https://www.selenium.dev/documentation/webdriver/troubleshooting/errors#no-such-element-exception
Build info: version: '4.33.0', revision: '2c6aaad03a'
System info: os.name: 'Windows 11', os.arch: 'amd64', os.version: '10.0', java.version: '23.0.2'
Driver info: org.openqa.selenium.chrome.ChromeDriver
Command: [2f102d7a6c252b63bf447c7b127cb223, findElement {value=//input[@placeholder='Type your answer and press enter'], using=xpath}]
Capabilities {acceptInsecureCerts: false, browserName: chrome, browserVersion: 138.0.7204.184, chrome: {chromedriverVersion: 138.0.7204.183 (e90faf484dd..., userDataDir: C:\Users\WIIS\AppData\Local...}, fedcm:accounts: true, goog:chromeOptions: {debuggerAddress: localhost:63199}, networkConnectionEnabled: false, pageLoadStrategy: normal, platformName: windows, proxy: Proxy(), se:cdp: ws://localhost:63199/devtoo..., se:cdpVersion: 138.0.7204.184, setWindowRect: true, strictFileInteractability: false, timeouts: {implicit: 0, pageLoad: 300000, script: 30000}, unhandledPromptBehavior: dismiss and notify, webauthn:extension:credBlob: true, webauthn:extension:largeBlob: true, webauthn:extension:minPinLength: true, webauthn:extension:prf: true, webauthn:virtualAuthenticators: true}
Session ID: 2f102d7a6c252b63bf447c7b127cb223
13:11:41.697 [main]INFO  factory.BaseClass - browser initialized
13:11:41.704 [main]INFO  factory.BaseClass - get properties file from file directory
13:11:47.366 [main]INFO  stepDefinition.InnerBoxTextEntering - Initializing LoginPage and HomePage
13:11:47.370 [main]INFO  stepDefinition.InnerBoxTextEntering - Navigating to SignIn via HomePage
13:11:47.627 [main]INFO  stepDefinition.InnerBoxTextEntering - SignIn page loaded
13:11:47.635 [main]INFO  stepDefinition.InnerBoxTextEntering - Fetching SignIn credentials from Excel: Sheet = Sheet1, Row = 0
13:11:47.636 [main]INFO  utility.ExelUtility - Starting to read Excel data from file: F:\Gyansetu\G_TestCase001/src/test-data/data for sign-up chat.xlsx, sheet: Sheet1
13:11:48.577 [main]INFO  utility.ExelUtility - Total rows found (excluding header): 27
13:11:48.608 [main]INFO  utility.ExelUtility - Row 1 processed and added to data list.
13:11:48.609 [main]INFO  utility.ExelUtility - Row 2 processed and added to data list.
13:11:48.610 [main]INFO  utility.ExelUtility - Row 3 processed and added to data list.
13:11:48.610 [main]INFO  utility.ExelUtility - Row 4 processed and added to data list.
13:11:48.610 [main]INFO  utility.ExelUtility - Row 5 processed and added to data list.
13:11:48.611 [main]INFO  utility.ExelUtility - Row 6 processed and added to data list.
13:11:48.611 [main]INFO  utility.ExelUtility - Row 7 processed and added to data list.
13:11:48.611 [main]INFO  utility.ExelUtility - Row 8 processed and added to data list.
13:11:48.611 [main]INFO  utility.ExelUtility - Row 9 processed and added to data list.
13:11:48.611 [main]INFO  utility.ExelUtility - Row 10 processed and added to data list.
13:11:48.613 [main]INFO  utility.ExelUtility - Row 11 processed and added to data list.
13:11:48.613 [main]INFO  utility.ExelUtility - Row 12 processed and added to data list.
13:11:48.613 [main]INFO  utility.ExelUtility - Row 13 processed and added to data list.
13:11:48.613 [main]INFO  utility.ExelUtility - Row 14 processed and added to data list.
13:11:48.613 [main]INFO  utility.ExelUtility - Row 15 processed and added to data list.
13:11:48.614 [main]INFO  utility.ExelUtility - Row 16 processed and added to data list.
13:11:48.614 [main]INFO  utility.ExelUtility - Row 17 processed and added to data list.
13:11:48.614 [main]INFO  utility.ExelUtility - Row 18 processed and added to data list.
13:11:48.614 [main]INFO  utility.ExelUtility - Row 19 processed and added to data list.
13:11:48.614 [main]INFO  utility.ExelUtility - Row 20 processed and added to data list.
13:11:48.615 [main]INFO  utility.ExelUtility - Row 21 processed and added to data list.
13:11:48.615 [main]INFO  utility.ExelUtility - Row 22 processed and added to data list.
13:11:48.615 [main]INFO  utility.ExelUtility - Row 23 processed and added to data list.
13:11:48.615 [main]INFO  utility.ExelUtility - Row 24 processed and added to data list.
13:11:48.615 [main]INFO  utility.ExelUtility - Row 25 processed and added to data list.
13:11:48.616 [main]INFO  utility.ExelUtility - Row 26 processed and added to data list.
13:11:48.616 [main]INFO  utility.ExelUtility - Row 27 processed and added to data list.
13:11:48.616 [main]INFO  utility.ExelUtility - Excel data extraction completed successfully.
13:11:48.617 [main]INFO  stepDefinition.InnerBoxTextEntering - Fetched Email ID: kanjan899@yopmail.com
13:11:49.011 [main]INFO  stepDefinition.InnerBoxTextEntering - Entered Email ID in SignIn field
13:11:49.011 [main]INFO  stepDefinition.InnerBoxTextEntering - Fetched Password: ********
13:11:49.190 [main]INFO  stepDefinition.InnerBoxTextEntering - Entered Password in SignIn field
13:11:49.190 [main]INFO  stepDefinition.InnerBoxTextEntering - Clicking the Sign In button
13:12:42.202 [main]INFO  factory.BaseClass - browser initialized
13:12:42.206 [main]INFO  factory.BaseClass - get properties file from file directory
13:12:47.563 [main]INFO  stepDefinition.InnerBoxTextEntering - Initializing LoginPage and HomePage
13:12:47.569 [main]INFO  stepDefinition.InnerBoxTextEntering - Navigating to SignIn via HomePage
13:12:47.824 [main]INFO  stepDefinition.InnerBoxTextEntering - SignIn page loaded
13:12:47.830 [main]INFO  stepDefinition.InnerBoxTextEntering - Fetching SignIn credentials from Excel: Sheet = Sheet1, Row = 0
13:12:47.830 [main]INFO  utility.ExelUtility - Starting to read Excel data from file: F:\Gyansetu\G_TestCase001/src/test-data/data for sign-up chat.xlsx, sheet: Sheet1
13:12:48.694 [main]INFO  utility.ExelUtility - Total rows found (excluding header): 27
13:12:48.728 [main]INFO  utility.ExelUtility - Row 1 processed and added to data list.
13:12:48.730 [main]INFO  utility.ExelUtility - Row 2 processed and added to data list.
13:12:48.731 [main]INFO  utility.ExelUtility - Row 3 processed and added to data list.
13:12:48.732 [main]INFO  utility.ExelUtility - Row 4 processed and added to data list.
13:12:48.732 [main]INFO  utility.ExelUtility - Row 5 processed and added to data list.
13:12:48.732 [main]INFO  utility.ExelUtility - Row 6 processed and added to data list.
13:12:48.732 [main]INFO  utility.ExelUtility - Row 7 processed and added to data list.
13:12:48.732 [main]INFO  utility.ExelUtility - Row 8 processed and added to data list.
13:12:48.733 [main]INFO  utility.ExelUtility - Row 9 processed and added to data list.
13:12:48.733 [main]INFO  utility.ExelUtility - Row 10 processed and added to data list.
13:12:48.733 [main]INFO  utility.ExelUtility - Row 11 processed and added to data list.
13:12:48.733 [main]INFO  utility.ExelUtility - Row 12 processed and added to data list.
13:12:48.734 [main]INFO  utility.ExelUtility - Row 13 processed and added to data list.
13:12:48.734 [main]INFO  utility.ExelUtility - Row 14 processed and added to data list.
13:12:48.734 [main]INFO  utility.ExelUtility - Row 15 processed and added to data list.
13:12:48.735 [main]INFO  utility.ExelUtility - Row 16 processed and added to data list.
13:12:48.735 [main]INFO  utility.ExelUtility - Row 17 processed and added to data list.
13:12:48.735 [main]INFO  utility.ExelUtility - Row 18 processed and added to data list.
13:12:48.735 [main]INFO  utility.ExelUtility - Row 19 processed and added to data list.
13:12:48.735 [main]INFO  utility.ExelUtility - Row 20 processed and added to data list.
13:12:48.736 [main]INFO  utility.ExelUtility - Row 21 processed and added to data list.
13:12:48.736 [main]INFO  utility.ExelUtility - Row 22 processed and added to data list.
13:12:48.736 [main]INFO  utility.ExelUtility - Row 23 processed and added to data list.
13:12:48.736 [main]INFO  utility.ExelUtility - Row 24 processed and added to data list.
13:12:48.736 [main]INFO  utility.ExelUtility - Row 25 processed and added to data list.
13:12:48.737 [main]INFO  utility.ExelUtility - Row 26 processed and added to data list.
13:12:48.737 [main]INFO  utility.ExelUtility - Row 27 processed and added to data list.
13:12:48.737 [main]INFO  utility.ExelUtility - Excel data extraction completed successfully.
13:12:48.737 [main]INFO  stepDefinition.InnerBoxTextEntering - Fetched Email ID: kanjan899@yopmail.com
13:12:49.170 [main]INFO  stepDefinition.InnerBoxTextEntering - Entered Email ID in SignIn field
13:12:49.180 [main]INFO  stepDefinition.InnerBoxTextEntering - Fetched Password: ********
13:12:49.371 [main]INFO  stepDefinition.InnerBoxTextEntering - Entered Password in SignIn field
13:12:49.371 [main]INFO  stepDefinition.InnerBoxTextEntering - Clicking the Sign In button
13:14:05.544 [main]INFO  factory.BaseClass - browser initialized
13:14:05.549 [main]INFO  factory.BaseClass - get properties file from file directory
13:14:10.116 [main]INFO  stepDefinition.Registration_Validation - Navigating to the registration page
13:14:10.452 [main]INFO  stepDefinition.Registration_Validation - Clicked on Registration button
13:14:10.465 [main]INFO  stepDefinition.Registration_Validation - Fetching data from Excel - Sheet: Sheet1, Row: 0
13:14:10.466 [main]INFO  utility.ExelUtility - Starting to read Excel data from file: F:\Gyansetu\G_TestCase001/src/test-data/data for sign-up chat.xlsx, sheet: Sheet1
13:14:11.617 [main]INFO  utility.ExelUtility - Total rows found (excluding header): 27
13:14:11.655 [main]INFO  utility.ExelUtility - Row 1 processed and added to data list.
13:14:11.656 [main]INFO  utility.ExelUtility - Row 2 processed and added to data list.
13:14:11.657 [main]INFO  utility.ExelUtility - Row 3 processed and added to data list.
13:14:11.657 [main]INFO  utility.ExelUtility - Row 4 processed and added to data list.
13:14:11.657 [main]INFO  utility.ExelUtility - Row 5 processed and added to data list.
13:14:11.657 [main]INFO  utility.ExelUtility - Row 6 processed and added to data list.
13:14:11.658 [main]INFO  utility.ExelUtility - Row 7 processed and added to data list.
13:14:11.658 [main]INFO  utility.ExelUtility - Row 8 processed and added to data list.
13:14:11.658 [main]INFO  utility.ExelUtility - Row 9 processed and added to data list.
13:14:11.659 [main]INFO  utility.ExelUtility - Row 10 processed and added to data list.
13:14:11.659 [main]INFO  utility.ExelUtility - Row 11 processed and added to data list.
13:14:11.659 [main]INFO  utility.ExelUtility - Row 12 processed and added to data list.
13:14:11.660 [main]INFO  utility.ExelUtility - Row 13 processed and added to data list.
13:14:11.660 [main]INFO  utility.ExelUtility - Row 14 processed and added to data list.
13:14:11.660 [main]INFO  utility.ExelUtility - Row 15 processed and added to data list.
13:14:11.660 [main]INFO  utility.ExelUtility - Row 16 processed and added to data list.
13:14:11.662 [main]INFO  utility.ExelUtility - Row 17 processed and added to data list.
13:14:11.662 [main]INFO  utility.ExelUtility - Row 18 processed and added to data list.
13:14:11.662 [main]INFO  utility.ExelUtility - Row 19 processed and added to data list.
13:14:11.663 [main]INFO  utility.ExelUtility - Row 20 processed and added to data list.
13:14:11.664 [main]INFO  utility.ExelUtility - Row 21 processed and added to data list.
13:14:11.664 [main]INFO  utility.ExelUtility - Row 22 processed and added to data list.
13:14:11.664 [main]INFO  utility.ExelUtility - Row 23 processed and added to data list.
13:14:11.665 [main]INFO  utility.ExelUtility - Row 24 processed and added to data list.
13:14:11.665 [main]INFO  utility.ExelUtility - Row 25 processed and added to data list.
13:14:11.665 [main]INFO  utility.ExelUtility - Row 26 processed and added to data list.
13:14:11.665 [main]INFO  utility.ExelUtility - Row 27 processed and added to data list.
13:14:11.666 [main]INFO  utility.ExelUtility - Excel data extraction completed successfully.
13:14:11.666 [main]INFO  stepDefinition.Registration_Validation - Fetched Email ID: kanjan899@yopmail.com
13:14:12.129 [main]INFO  stepDefinition.Registration_Validation - Fetched Phone No: 8886663001
13:14:12.306 [main]INFO  stepDefinition.Registration_Validation - Fetched Password: ********
13:14:12.631 [main]INFO  stepDefinition.Registration_Validation - Checked Terms and Conditions checkbox.....
13:14:12.633 [main]INFO  stepDefinition.Registration_Validation - Clicking SignUp Now button
13:14:42.682 [main]INFO  stepDefinition.Registration_Validation - SignUp process initiated, waiting for 20 seconds for enter the OTP
13:14:43.717 [main]INFO  stepDefinition.Registration_Validation - Logging out from student dashboard.
13:14:46.150 [main]INFO  factory.BaseClass - browser initialized
13:14:46.151 [main]INFO  factory.BaseClass - get properties file from file directory
13:14:50.895 [main]INFO  stepDefinition.InnerBoxTextEntering - Initializing LoginPage and HomePage
13:14:50.906 [main]INFO  stepDefinition.InnerBoxTextEntering - Navigating to SignIn via HomePage
13:14:51.067 [main]INFO  stepDefinition.InnerBoxTextEntering - SignIn page loaded
13:14:51.067 [main]INFO  stepDefinition.InnerBoxTextEntering - Fetching SignIn credentials from Excel: Sheet = Sheet1, Row = 0
13:14:51.069 [main]INFO  utility.ExelUtility - Starting to read Excel data from file: F:\Gyansetu\G_TestCase001/src/test-data/data for sign-up chat.xlsx, sheet: Sheet1
13:14:51.411 [main]INFO  utility.ExelUtility - Total rows found (excluding header): 27
13:14:51.413 [main]INFO  utility.ExelUtility - Row 1 processed and added to data list.
13:14:51.414 [main]INFO  utility.ExelUtility - Row 2 processed and added to data list.
13:14:51.415 [main]INFO  utility.ExelUtility - Row 3 processed and added to data list.
13:14:51.416 [main]INFO  utility.ExelUtility - Row 4 processed and added to data list.
13:14:51.416 [main]INFO  utility.ExelUtility - Row 5 processed and added to data list.
13:14:51.416 [main]INFO  utility.ExelUtility - Row 6 processed and added to data list.
13:14:51.417 [main]INFO  utility.ExelUtility - Row 7 processed and added to data list.
13:14:51.417 [main]INFO  utility.ExelUtility - Row 8 processed and added to data list.
13:14:51.417 [main]INFO  utility.ExelUtility - Row 9 processed and added to data list.
13:14:51.418 [main]INFO  utility.ExelUtility - Row 10 processed and added to data list.
13:14:51.418 [main]INFO  utility.ExelUtility - Row 11 processed and added to data list.
13:14:51.419 [main]INFO  utility.ExelUtility - Row 12 processed and added to data list.
13:14:51.419 [main]INFO  utility.ExelUtility - Row 13 processed and added to data list.
13:14:51.419 [main]INFO  utility.ExelUtility - Row 14 processed and added to data list.
13:14:51.420 [main]INFO  utility.ExelUtility - Row 15 processed and added to data list.
13:14:51.420 [main]INFO  utility.ExelUtility - Row 16 processed and added to data list.
13:14:51.421 [main]INFO  utility.ExelUtility - Row 17 processed and added to data list.
13:14:51.424 [main]INFO  utility.ExelUtility - Row 18 processed and added to data list.
13:14:51.425 [main]INFO  utility.ExelUtility - Row 19 processed and added to data list.
13:14:51.425 [main]INFO  utility.ExelUtility - Row 20 processed and added to data list.
13:14:51.425 [main]INFO  utility.ExelUtility - Row 21 processed and added to data list.
13:14:51.426 [main]INFO  utility.ExelUtility - Row 22 processed and added to data list.
13:14:51.426 [main]INFO  utility.ExelUtility - Row 23 processed and added to data list.
13:14:51.426 [main]INFO  utility.ExelUtility - Row 24 processed and added to data list.
13:14:51.427 [main]INFO  utility.ExelUtility - Row 25 processed and added to data list.
13:14:51.427 [main]INFO  utility.ExelUtility - Row 26 processed and added to data list.
13:14:51.427 [main]INFO  utility.ExelUtility - Row 27 processed and added to data list.
13:14:51.428 [main]INFO  utility.ExelUtility - Excel data extraction completed successfully.
13:14:51.429 [main]INFO  stepDefinition.InnerBoxTextEntering - Fetched Email ID: kanjan899@yopmail.com
13:14:51.860 [main]INFO  stepDefinition.InnerBoxTextEntering - Entered Email ID in SignIn field
13:14:51.860 [main]INFO  stepDefinition.InnerBoxTextEntering - Fetched Password: ********
13:14:52.033 [main]INFO  stepDefinition.InnerBoxTextEntering - Entered Password in SignIn field
13:14:52.038 [main]INFO  stepDefinition.InnerBoxTextEntering - Clicking the Sign In button
13:14:53.212 [main]INFO  stepDefinition.InnerBoxTextEntering - Sign In button clicked successfully
13:14:53.215 [main]INFO  stepDefinition.InnerBoxTextEntering - Fetching data from Excel sheet for student User: Sign-Up chat_for_StudentUser
13:14:53.215 [main]INFO  utility.ExelUtility - Starting to read Excel data from file: F:\Gyansetu\G_TestCase001/src/test-data/data for sign-up chat.xlsx, sheet: Sign-Up chat_for_StudentUser
13:14:53.312 [main]INFO  utility.ExelUtility - Total rows found (excluding header): 20
13:14:53.316 [main]INFO  utility.ExelUtility - Row 1 processed and added to data list.
13:14:53.320 [main]INFO  utility.ExelUtility - Row 2 processed and added to data list.
13:14:53.324 [main]INFO  utility.ExelUtility - Row 3 processed and added to data list.
13:14:53.327 [main]INFO  utility.ExelUtility - Row 4 processed and added to data list.
13:14:53.329 [main]INFO  utility.ExelUtility - Row 5 processed and added to data list.
13:14:53.332 [main]INFO  utility.ExelUtility - Row 6 processed and added to data list.
13:14:53.335 [main]INFO  utility.ExelUtility - Row 7 processed and added to data list.
13:14:53.341 [main]INFO  utility.ExelUtility - Row 8 processed and added to data list.
13:14:53.341 [main]INFO  utility.ExelUtility - Row 9 processed and added to data list.
13:14:53.343 [main]INFO  utility.ExelUtility - Row 10 processed and added to data list.
13:14:53.345 [main]INFO  utility.ExelUtility - Row 11 processed and added to data list.
13:14:53.347 [main]INFO  utility.ExelUtility - Row 12 processed and added to data list.
13:14:53.347 [main]INFO  utility.ExelUtility - Row 13 processed and added to data list.
13:14:53.348 [main]INFO  utility.ExelUtility - Row 14 processed and added to data list.
13:14:53.350 [main]INFO  utility.ExelUtility - Row 15 processed and added to data list.
13:14:53.353 [main]INFO  utility.ExelUtility - Row 16 processed and added to data list.
13:14:53.357 [main]INFO  utility.ExelUtility - Row 17 processed and added to data list.
13:14:53.363 [main]INFO  utility.ExelUtility - Row 18 processed and added to data list.
13:14:53.368 [main]INFO  utility.ExelUtility - Row 19 processed and added to data list.
13:14:53.372 [main]INFO  utility.ExelUtility - Row 20 processed and added to data list.
13:14:53.372 [main]INFO  utility.ExelUtility - Excel data extraction completed successfully.
13:14:58.454 [main]INFO  stepDefinition.InnerBoxTextEntering - Entering Full Name of student: Kanjan N
13:14:58.460 [main]INFO  page.Student_DashBoard_InnerChatBox - Entering full name: Kanjan N
13:14:59.092 [main]INFO  page.Student_DashBoard_InnerChatBox - Full name entered with Actions and Enter sent.
13:14:59.092 [main]INFO  stepDefinition.InnerBoxTextEntering - Entering Date of Birth of student: 26-January-2005
13:14:59.092 [main]INFO  utility.DatePicker - Opening date picker....
13:14:59.275 [main]INFO  utility.DatePicker - Switched to year view..
13:15:00.585 [main]INFO  utility.DatePicker - Year 2005 selected..
13:15:00.758 [main]INFO  utility.DatePicker - Clicked previous month
13:15:00.901 [main]INFO  utility.DatePicker - Clicked previous month
13:15:01.035 [main]INFO  utility.DatePicker - Clicked previous month
13:15:01.187 [main]INFO  utility.DatePicker - Clicked previous month
13:15:01.414 [main]INFO  utility.DatePicker - Clicked previous month
13:15:01.583 [main]INFO  utility.DatePicker - Clicked previous month
13:15:01.739 [main]INFO  utility.DatePicker - Clicked previous month
13:15:01.760 [main]INFO  utility.DatePicker - Target month/year visible: JANUARY 2005
13:15:02.281 [main]INFO  utility.DatePicker - Date 26 selected
13:15:02.383 [main]INFO  utility.DatePicker - Click submit button clicked after date selection
13:15:03.402 [main]INFO  stepDefinition.InnerBoxTextEntering - Entering Main Learning Goals: Well
13:15:03.402 [main]INFO  page.Student_DashBoard_InnerChatBox - Entering main learning goal: Well
13:15:03.539 [main]INFO  page.Student_DashBoard_InnerChatBox - Learning goal entered successfully.
13:15:03.539 [main]INFO  stepDefinition.InnerBoxTextEntering - Selecting Gender: Male
13:15:03.539 [main]INFO  page.Student_DashBoard_InnerChatBox - Selecting gender.
13:15:03.800 [main]INFO  page.Student_DashBoard_InnerChatBox - Gender selected successfully.
13:15:04.803 [main]INFO  stepDefinition.InnerBoxTextEntering - Entering Mother's Name: Shari Cll
13:15:04.804 [main]INFO  page.Student_DashBoard_InnerChatBox - Entering mother's name: Shari Cll
13:15:04.965 [main]INFO  page.Student_DashBoard_InnerChatBox - Mother's name entered successfully.
13:15:04.965 [main]INFO  stepDefinition.InnerBoxTextEntering - Entering Father's Name: lJith
13:15:04.965 [main]INFO  page.Student_DashBoard_InnerChatBox - Entering father's name: lJith
13:15:05.092 [main]INFO  page.Student_DashBoard_InnerChatBox - Father's name entered successfully.
13:15:05.092 [main]INFO  stepDefinition.InnerBoxTextEntering - Entering Guardian Name: Himanshu
13:15:05.092 [main]INFO  page.Student_DashBoard_InnerChatBox - Entering guardian's name: Himanshu
13:15:05.202 [main]INFO  page.Student_DashBoard_InnerChatBox - Guardian's name entered successfully.
13:15:06.206 [main]INFO  stepDefinition.InnerBoxTextEntering - Uploading Profile Picture
13:15:06.206 [main]INFO  page.Student_DashBoard_InnerChatBox - Uploading profile picture from path: C:\\Users\\WIIS\\Pictures\\one piece\\1471770.jpg
13:15:06.292 [main]INFO  page.Student_DashBoard_InnerChatBox - Profile picture uploaded successfully.
13:15:06.294 [main]INFO  stepDefinition.InnerBoxTextEntering - Selecting Institute type
13:15:06.294 [main]INFO  page.Student_DashBoard_InnerChatBox - Selecting school type.
13:15:06.537 [main]INFO  page.Student_DashBoard_InnerChatBox - School type selected successfully.
13:15:07.546 [main]INFO  stepDefinition.InnerBoxTextEntering - Selecting School Name: Amity HSS
13:15:07.877 [main]INFO  stepDefinition.InnerBoxTextEntering - Selecting Board
13:15:09.113 [main]INFO  stepDefinition.InnerBoxTextEntering - Selecting Class: Class_10
13:15:09.465 [main]INFO  stepDefinition.InnerBoxTextEntering - Selecting Hobbies: Drawing
13:15:09.893 [main]INFO  stepDefinition.InnerBoxTextEntering - Selecting Known Language: Hindi
13:15:10.711 [main]INFO  stepDefinition.InnerBoxTextEntering - Selecting Language Proficiency
13:15:10.956 [main]INFO  stepDefinition.InnerBoxTextEntering - Selecting Country Code
13:15:12.356 [main]INFO  stepDefinition.InnerBoxTextEntering - Entering WhatsApp Number: 9876655555
13:15:12.555 [main]INFO  stepDefinition.InnerBoxTextEntering - Selecting Subject Name: Malyalam First
13:15:14.914 [main]INFO  stepDefinition.InnerBoxTextEntering - Selecting Teacher..: Shyam K
13:15:25.117 [main]ERROR page.Student_DashBoard_InnerChatBox - Failed to select teacher name: Expected condition failed: waiting for visibility of element located by By.xpath: //div[@role='option'] (tried for 10 second(s) with 500 milliseconds interval)
Build info: version: '4.33.0', revision: '2c6aaad03a'
System info: os.name: 'Windows 11', os.arch: 'amd64', os.version: '10.0', java.version: '23.0.2'
Driver info: org.openqa.selenium.chrome.ChromeDriver
Capabilities {acceptInsecureCerts: false, browserName: chrome, browserVersion: 138.0.7204.184, chrome: {chromedriverVersion: 138.0.7204.183 (e90faf484dd..., userDataDir: C:\Users\WIIS\AppData\Local...}, fedcm:accounts: true, goog:chromeOptions: {debuggerAddress: localhost:63885}, networkConnectionEnabled: false, pageLoadStrategy: normal, platformName: windows, proxy: Proxy(), se:cdp: ws://localhost:63885/devtoo..., se:cdpVersion: 138.0.7204.184, setWindowRect: true, strictFileInteractability: false, timeouts: {implicit: 0, pageLoad: 300000, script: 30000}, unhandledPromptBehavior: dismiss and notify, webauthn:extension:credBlob: true, webauthn:extension:largeBlob: true, webauthn:extension:minPinLength: true, webauthn:extension:prf: true, webauthn:virtualAuthenticators: true}
Session ID: 3e080880b65a66a8fcea3a8e6ab63ce4
org.openqa.selenium.TimeoutException: Expected condition failed: waiting for visibility of element located by By.xpath: //div[@role='option'] (tried for 10 second(s) with 500 milliseconds interval)
Build info: version: '4.33.0', revision: '2c6aaad03a'
System info: os.name: 'Windows 11', os.arch: 'amd64', os.version: '10.0', java.version: '23.0.2'
Driver info: org.openqa.selenium.chrome.ChromeDriver
Capabilities {acceptInsecureCerts: false, browserName: chrome, browserVersion: 138.0.7204.184, chrome: {chromedriverVersion: 138.0.7204.183 (e90faf484dd..., userDataDir: C:\Users\WIIS\AppData\Local...}, fedcm:accounts: true, goog:chromeOptions: {debuggerAddress: localhost:63885}, networkConnectionEnabled: false, pageLoadStrategy: normal, platformName: windows, proxy: Proxy(), se:cdp: ws://localhost:63885/devtoo..., se:cdpVersion: 138.0.7204.184, setWindowRect: true, strictFileInteractability: false, timeouts: {implicit: 0, pageLoad: 300000, script: 30000}, unhandledPromptBehavior: dismiss and notify, webauthn:extension:credBlob: true, webauthn:extension:largeBlob: true, webauthn:extension:minPinLength: true, webauthn:extension:prf: true, webauthn:virtualAuthenticators: true}
Session ID: 3e080880b65a66a8fcea3a8e6ab63ce4
	at org.openqa.selenium.support.ui.WebDriverWait.timeoutException(WebDriverWait.java:84) ~[selenium-support-4.33.0.jar:?]
	at org.openqa.selenium.support.ui.FluentWait.until(FluentWait.java:228) ~[selenium-support-4.33.0.jar:?]
	at utility.WaitHelper.waitForVisibility(WaitHelper.java:22) ~[test-classes/:?]
	at page.Student_DashBoard_InnerChatBox.user_select_teacherName(Student_DashBoard_InnerChatBox.java:463) ~[test-classes/:?]
	at stepDefinition.InnerBoxTextEntering.fetchDataFromExcelSheetForSignUpChatAndEnterDetailsOnSignupChat(InnerBoxTextEntering.java:275) ~[test-classes/:?]
	at jdk.internal.reflect.DirectMethodHandleAccessor.invoke(DirectMethodHandleAccessor.java:103) ~[?:?]
	at java.lang.reflect.Method.invoke(Method.java:580) ~[?:?]
	at io.cucumber.java.Invoker.doInvoke(Invoker.java:66) ~[cucumber-java-7.23.0.jar:7.23.0]
	at io.cucumber.java.Invoker.invoke(Invoker.java:24) ~[cucumber-java-7.23.0.jar:7.23.0]
	at io.cucumber.java.AbstractGlueDefinition.invokeMethod(AbstractGlueDefinition.java:47) ~[cucumber-java-7.23.0.jar:7.23.0]
	at io.cucumber.java.JavaStepDefinition.execute(JavaStepDefinition.java:29) ~[cucumber-java-7.23.0.jar:7.23.0]
	at io.cucumber.core.runner.CoreStepDefinition.execute(CoreStepDefinition.java:66) ~[cucumber-core-7.23.0.jar:7.23.0]
	at io.cucumber.core.runner.PickleStepDefinitionMatch.runStep(PickleStepDefinitionMatch.java:62) ~[cucumber-core-7.23.0.jar:7.23.0]
	at io.cucumber.core.runner.ExecutionMode$1.execute(ExecutionMode.java:10) ~[cucumber-core-7.23.0.jar:7.23.0]
	at io.cucumber.core.runner.TestStep.executeStep(TestStep.java:81) ~[cucumber-core-7.23.0.jar:7.23.0]
	at io.cucumber.core.runner.TestStep.run(TestStep.java:53) ~[cucumber-core-7.23.0.jar:7.23.0]
	at io.cucumber.core.runner.PickleStepTestStep.run(PickleStepTestStep.java:51) ~[cucumber-core-7.23.0.jar:7.23.0]
	at io.cucumber.core.runner.TestCase.run(TestCase.java:86) ~[cucumber-core-7.23.0.jar:7.23.0]
	at io.cucumber.core.runner.Runner.runPickle(Runner.java:77) ~[cucumber-core-7.23.0.jar:7.23.0]
	at io.cucumber.junit.PickleRunners$NoStepDescriptions.lambda$run$0(PickleRunners.java:151) ~[cucumber-junit-7.23.0.jar:7.23.0]
	at io.cucumber.core.runtime.CucumberExecutionContext.lambda$runTestCase$5(CucumberExecutionContext.java:136) ~[cucumber-core-7.23.0.jar:7.23.0]
	at io.cucumber.core.runtime.RethrowingThrowableCollector.executeAndThrow(RethrowingThrowableCollector.java:23) ~[cucumber-core-7.23.0.jar:7.23.0]
	at io.cucumber.core.runtime.CucumberExecutionContext.runTestCase(CucumberExecutionContext.java:136) ~[cucumber-core-7.23.0.jar:7.23.0]
	at io.cucumber.junit.PickleRunners$NoStepDescriptions.run(PickleRunners.java:148) ~[cucumber-junit-7.23.0.jar:7.23.0]
	at io.cucumber.junit.FeatureRunner.runChild(FeatureRunner.java:144) ~[cucumber-junit-7.23.0.jar:7.23.0]
	at io.cucumber.junit.FeatureRunner.runChild(FeatureRunner.java:28) ~[cucumber-junit-7.23.0.jar:7.23.0]
	at org.junit.runners.ParentRunner$4.run(ParentRunner.java:331) ~[junit-4.13.2.jar:4.13.2]
	at org.junit.runners.ParentRunner$1.schedule(ParentRunner.java:79) ~[junit-4.13.2.jar:4.13.2]
	at org.junit.runners.ParentRunner.runChildren(ParentRunner.java:329) ~[junit-4.13.2.jar:4.13.2]
	at org.junit.runners.ParentRunner.access$100(ParentRunner.java:66) ~[junit-4.13.2.jar:4.13.2]
	at org.junit.runners.ParentRunner$2.evaluate(ParentRunner.java:293) ~[junit-4.13.2.jar:4.13.2]
	at org.junit.runners.ParentRunner$3.evaluate(ParentRunner.java:306) ~[junit-4.13.2.jar:4.13.2]
	at org.junit.runners.ParentRunner.run(ParentRunner.java:413) ~[junit-4.13.2.jar:4.13.2]
	at io.cucumber.junit.FeatureRunner.run(FeatureRunner.java:137) ~[cucumber-junit-7.23.0.jar:7.23.0]
	at io.cucumber.junit.Cucumber.runChild(Cucumber.java:199) ~[cucumber-junit-7.23.0.jar:7.23.0]
	at io.cucumber.junit.Cucumber.runChild(Cucumber.java:89) ~[cucumber-junit-7.23.0.jar:7.23.0]
	at org.junit.runners.ParentRunner$4.run(ParentRunner.java:331) ~[junit-4.13.2.jar:4.13.2]
	at org.junit.runners.ParentRunner$1.schedule(ParentRunner.java:79) ~[junit-4.13.2.jar:4.13.2]
	at org.junit.runners.ParentRunner.runChildren(ParentRunner.java:329) ~[junit-4.13.2.jar:4.13.2]
	at org.junit.runners.ParentRunner.access$100(ParentRunner.java:66) ~[junit-4.13.2.jar:4.13.2]
	at org.junit.runners.ParentRunner$2.evaluate(ParentRunner.java:293) ~[junit-4.13.2.jar:4.13.2]
	at io.cucumber.core.runtime.CucumberExecutionContext.lambda$runFeatures$6(CucumberExecutionContext.java:147) ~[cucumber-core-7.23.0.jar:7.23.0]
	at io.cucumber.core.runtime.CucumberExecutionContext.execute(CucumberExecutionContext.java:162) [cucumber-core-7.23.0.jar:7.23.0]
	at io.cucumber.core.runtime.CucumberExecutionContext.runFeatures(CucumberExecutionContext.java:145) [cucumber-core-7.23.0.jar:7.23.0]
	at io.cucumber.junit.Cucumber$StartAndFinishTestRun.evaluate(Cucumber.java:229) [cucumber-junit-7.23.0.jar:7.23.0]
	at org.junit.runners.ParentRunner$3.evaluate(ParentRunner.java:306) [junit-4.13.2.jar:4.13.2]
	at org.junit.runners.ParentRunner.run(ParentRunner.java:413) [junit-4.13.2.jar:4.13.2]
	at org.junit.runner.JUnitCore.run(JUnitCore.java:137) [junit-4.13.2.jar:4.13.2]
	at com.intellij.junit4.JUnit4IdeaTestRunner.startRunnerWithArgs(JUnit4IdeaTestRunner.java:69) [junit-rt.jar:?]
	at com.intellij.rt.junit.IdeaTestRunner$Repeater$1.execute(IdeaTestRunner.java:38) [junit-rt.jar:?]
	at com.intellij.rt.execution.junit.TestsRepeater.repeat(TestsRepeater.java:11) [idea_rt.jar:?]
	at com.intellij.rt.junit.IdeaTestRunner$Repeater.startRunnerWithArgs(IdeaTestRunner.java:35) [junit-rt.jar:?]
	at com.intellij.rt.junit.JUnitStarter.prepareStreamsAndStart(JUnitStarter.java:232) [junit-rt.jar:?]
	at com.intellij.rt.junit.JUnitStarter.main(JUnitStarter.java:55) [junit-rt.jar:?]
13:15:25.303 [main]INFO  stepDefinition.InnerBoxTextEntering - Enter the parent email id..: hinsaman466@yopmail.com
13:15:25.303 [main]INFO  page.Student_DashBoard_InnerChatBox - Entering Parent Email ID.: hinsaman466@yopmail.com
13:15:35.343 [main]ERROR page.Student_DashBoard_InnerChatBox - Failed to Enter the parent email id: Expected condition failed: waiting for visibility of element located by By.xpath: //input[@placeholder='Type your answer and press enter'] (tried for 10 second(s) with 500 milliseconds interval)
Build info: version: '4.33.0', revision: '2c6aaad03a'
System info: os.name: 'Windows 11', os.arch: 'amd64', os.version: '10.0', java.version: '23.0.2'
Driver info: org.openqa.selenium.chrome.ChromeDriver
Capabilities {acceptInsecureCerts: false, browserName: chrome, browserVersion: 138.0.7204.184, chrome: {chromedriverVersion: 138.0.7204.183 (e90faf484dd..., userDataDir: C:\Users\WIIS\AppData\Local...}, fedcm:accounts: true, goog:chromeOptions: {debuggerAddress: localhost:63885}, networkConnectionEnabled: false, pageLoadStrategy: normal, platformName: windows, proxy: Proxy(), se:cdp: ws://localhost:63885/devtoo..., se:cdpVersion: 138.0.7204.184, setWindowRect: true, strictFileInteractability: false, timeouts: {implicit: 0, pageLoad: 300000, script: 30000}, unhandledPromptBehavior: dismiss and notify, webauthn:extension:credBlob: true, webauthn:extension:largeBlob: true, webauthn:extension:minPinLength: true, webauthn:extension:prf: true, webauthn:virtualAuthenticators: true}
Session ID: 3e080880b65a66a8fcea3a8e6ab63ce4
org.openqa.selenium.TimeoutException: Expected condition failed: waiting for visibility of element located by By.xpath: //input[@placeholder='Type your answer and press enter'] (tried for 10 second(s) with 500 milliseconds interval)
Build info: version: '4.33.0', revision: '2c6aaad03a'
System info: os.name: 'Windows 11', os.arch: 'amd64', os.version: '10.0', java.version: '23.0.2'
Driver info: org.openqa.selenium.chrome.ChromeDriver
Capabilities {acceptInsecureCerts: false, browserName: chrome, browserVersion: 138.0.7204.184, chrome: {chromedriverVersion: 138.0.7204.183 (e90faf484dd..., userDataDir: C:\Users\WIIS\AppData\Local...}, fedcm:accounts: true, goog:chromeOptions: {debuggerAddress: localhost:63885}, networkConnectionEnabled: false, pageLoadStrategy: normal, platformName: windows, proxy: Proxy(), se:cdp: ws://localhost:63885/devtoo..., se:cdpVersion: 138.0.7204.184, setWindowRect: true, strictFileInteractability: false, timeouts: {implicit: 0, pageLoad: 300000, script: 30000}, unhandledPromptBehavior: dismiss and notify, webauthn:extension:credBlob: true, webauthn:extension:largeBlob: true, webauthn:extension:minPinLength: true, webauthn:extension:prf: true, webauthn:virtualAuthenticators: true}
Session ID: 3e080880b65a66a8fcea3a8e6ab63ce4
	at org.openqa.selenium.support.ui.WebDriverWait.timeoutException(WebDriverWait.java:84) ~[selenium-support-4.33.0.jar:?]
	at org.openqa.selenium.support.ui.FluentWait.until(FluentWait.java:228) ~[selenium-support-4.33.0.jar:?]
	at utility.WaitHelper.waitForVisibility(WaitHelper.java:22) ~[test-classes/:?]
	at page.Student_DashBoard_InnerChatBox.enter_the_parentEmailID(Student_DashBoard_InnerChatBox.java:484) ~[test-classes/:?]
	at stepDefinition.InnerBoxTextEntering.fetchDataFromExcelSheetForSignUpChatAndEnterDetailsOnSignupChat(InnerBoxTextEntering.java:280) ~[test-classes/:?]
	at jdk.internal.reflect.DirectMethodHandleAccessor.invoke(DirectMethodHandleAccessor.java:103) ~[?:?]
	at java.lang.reflect.Method.invoke(Method.java:580) ~[?:?]
	at io.cucumber.java.Invoker.doInvoke(Invoker.java:66) ~[cucumber-java-7.23.0.jar:7.23.0]
	at io.cucumber.java.Invoker.invoke(Invoker.java:24) ~[cucumber-java-7.23.0.jar:7.23.0]
	at io.cucumber.java.AbstractGlueDefinition.invokeMethod(AbstractGlueDefinition.java:47) ~[cucumber-java-7.23.0.jar:7.23.0]
	at io.cucumber.java.JavaStepDefinition.execute(JavaStepDefinition.java:29) ~[cucumber-java-7.23.0.jar:7.23.0]
	at io.cucumber.core.runner.CoreStepDefinition.execute(CoreStepDefinition.java:66) ~[cucumber-core-7.23.0.jar:7.23.0]
	at io.cucumber.core.runner.PickleStepDefinitionMatch.runStep(PickleStepDefinitionMatch.java:62) ~[cucumber-core-7.23.0.jar:7.23.0]
	at io.cucumber.core.runner.ExecutionMode$1.execute(ExecutionMode.java:10) ~[cucumber-core-7.23.0.jar:7.23.0]
	at io.cucumber.core.runner.TestStep.executeStep(TestStep.java:81) ~[cucumber-core-7.23.0.jar:7.23.0]
	at io.cucumber.core.runner.TestStep.run(TestStep.java:53) ~[cucumber-core-7.23.0.jar:7.23.0]
	at io.cucumber.core.runner.PickleStepTestStep.run(PickleStepTestStep.java:51) ~[cucumber-core-7.23.0.jar:7.23.0]
	at io.cucumber.core.runner.TestCase.run(TestCase.java:86) ~[cucumber-core-7.23.0.jar:7.23.0]
	at io.cucumber.core.runner.Runner.runPickle(Runner.java:77) ~[cucumber-core-7.23.0.jar:7.23.0]
	at io.cucumber.junit.PickleRunners$NoStepDescriptions.lambda$run$0(PickleRunners.java:151) ~[cucumber-junit-7.23.0.jar:7.23.0]
	at io.cucumber.core.runtime.CucumberExecutionContext.lambda$runTestCase$5(CucumberExecutionContext.java:136) ~[cucumber-core-7.23.0.jar:7.23.0]
	at io.cucumber.core.runtime.RethrowingThrowableCollector.executeAndThrow(RethrowingThrowableCollector.java:23) ~[cucumber-core-7.23.0.jar:7.23.0]
	at io.cucumber.core.runtime.CucumberExecutionContext.runTestCase(CucumberExecutionContext.java:136) ~[cucumber-core-7.23.0.jar:7.23.0]
	at io.cucumber.junit.PickleRunners$NoStepDescriptions.run(PickleRunners.java:148) ~[cucumber-junit-7.23.0.jar:7.23.0]
	at io.cucumber.junit.FeatureRunner.runChild(FeatureRunner.java:144) ~[cucumber-junit-7.23.0.jar:7.23.0]
	at io.cucumber.junit.FeatureRunner.runChild(FeatureRunner.java:28) ~[cucumber-junit-7.23.0.jar:7.23.0]
	at org.junit.runners.ParentRunner$4.run(ParentRunner.java:331) ~[junit-4.13.2.jar:4.13.2]
	at org.junit.runners.ParentRunner$1.schedule(ParentRunner.java:79) ~[junit-4.13.2.jar:4.13.2]
	at org.junit.runners.ParentRunner.runChildren(ParentRunner.java:329) ~[junit-4.13.2.jar:4.13.2]
	at org.junit.runners.ParentRunner.access$100(ParentRunner.java:66) ~[junit-4.13.2.jar:4.13.2]
	at org.junit.runners.ParentRunner$2.evaluate(ParentRunner.java:293) ~[junit-4.13.2.jar:4.13.2]
	at org.junit.runners.ParentRunner$3.evaluate(ParentRunner.java:306) ~[junit-4.13.2.jar:4.13.2]
	at org.junit.runners.ParentRunner.run(ParentRunner.java:413) ~[junit-4.13.2.jar:4.13.2]
	at io.cucumber.junit.FeatureRunner.run(FeatureRunner.java:137) ~[cucumber-junit-7.23.0.jar:7.23.0]
	at io.cucumber.junit.Cucumber.runChild(Cucumber.java:199) ~[cucumber-junit-7.23.0.jar:7.23.0]
	at io.cucumber.junit.Cucumber.runChild(Cucumber.java:89) ~[cucumber-junit-7.23.0.jar:7.23.0]
	at org.junit.runners.ParentRunner$4.run(ParentRunner.java:331) ~[junit-4.13.2.jar:4.13.2]
	at org.junit.runners.ParentRunner$1.schedule(ParentRunner.java:79) ~[junit-4.13.2.jar:4.13.2]
	at org.junit.runners.ParentRunner.runChildren(ParentRunner.java:329) ~[junit-4.13.2.jar:4.13.2]
	at org.junit.runners.ParentRunner.access$100(ParentRunner.java:66) ~[junit-4.13.2.jar:4.13.2]
	at org.junit.runners.ParentRunner$2.evaluate(ParentRunner.java:293) ~[junit-4.13.2.jar:4.13.2]
	at io.cucumber.core.runtime.CucumberExecutionContext.lambda$runFeatures$6(CucumberExecutionContext.java:147) ~[cucumber-core-7.23.0.jar:7.23.0]
	at io.cucumber.core.runtime.CucumberExecutionContext.execute(CucumberExecutionContext.java:162) [cucumber-core-7.23.0.jar:7.23.0]
	at io.cucumber.core.runtime.CucumberExecutionContext.runFeatures(CucumberExecutionContext.java:145) [cucumber-core-7.23.0.jar:7.23.0]
	at io.cucumber.junit.Cucumber$StartAndFinishTestRun.evaluate(Cucumber.java:229) [cucumber-junit-7.23.0.jar:7.23.0]
	at org.junit.runners.ParentRunner$3.evaluate(ParentRunner.java:306) [junit-4.13.2.jar:4.13.2]
	at org.junit.runners.ParentRunner.run(ParentRunner.java:413) [junit-4.13.2.jar:4.13.2]
	at org.junit.runner.JUnitCore.run(JUnitCore.java:137) [junit-4.13.2.jar:4.13.2]
	at com.intellij.junit4.JUnit4IdeaTestRunner.startRunnerWithArgs(JUnit4IdeaTestRunner.java:69) [junit-rt.jar:?]
	at com.intellij.rt.junit.IdeaTestRunner$Repeater$1.execute(IdeaTestRunner.java:38) [junit-rt.jar:?]
	at com.intellij.rt.execution.junit.TestsRepeater.repeat(TestsRepeater.java:11) [idea_rt.jar:?]
	at com.intellij.rt.junit.IdeaTestRunner$Repeater.startRunnerWithArgs(IdeaTestRunner.java:35) [junit-rt.jar:?]
	at com.intellij.rt.junit.JUnitStarter.prepareStreamsAndStart(JUnitStarter.java:232) [junit-rt.jar:?]
	at com.intellij.rt.junit.JUnitStarter.main(JUnitStarter.java:55) [junit-rt.jar:?]
13:15:35.617 [main]INFO  stepDefinition.InnerBoxTextEntering - Enter the parent phone No..: 8876655011
13:15:35.618 [main]INFO  page.Student_DashBoard_InnerChatBox - Entering Parent Phone No.: 8876655011
13:51:47.512 [main]INFO  factory.BaseClass - browser initialized
13:51:47.516 [main]INFO  factory.BaseClass - get properties file from file directory
13:51:53.494 [main]INFO  stepDefinition.Registration_Validation - Navigating to the registration page
13:51:53.765 [main]INFO  stepDefinition.Registration_Validation - Clicked on Registration button
13:51:53.774 [main]INFO  stepDefinition.Registration_Validation - Fetching data from Excel - Sheet: Sheet1, Row: 0
13:51:53.775 [main]INFO  utility.ExelUtility - Starting to read Excel data from file: F:\Gyansetu\G_TestCase001/src/test-data/data for sign-up chat.xlsx, sheet: Sheet1
13:51:54.866 [main]INFO  utility.ExelUtility - Total rows found (excluding header): 28
13:51:54.893 [main]INFO  utility.ExelUtility - Row 1 processed and added to data list.
13:51:54.894 [main]INFO  utility.ExelUtility - Row 2 processed and added to data list.
13:51:54.894 [main]INFO  utility.ExelUtility - Row 3 processed and added to data list.
13:51:54.895 [main]INFO  utility.ExelUtility - Row 4 processed and added to data list.
13:51:54.896 [main]INFO  utility.ExelUtility - Row 5 processed and added to data list.
13:51:54.896 [main]INFO  utility.ExelUtility - Row 6 processed and added to data list.
13:51:54.896 [main]INFO  utility.ExelUtility - Row 7 processed and added to data list.
13:51:54.897 [main]INFO  utility.ExelUtility - Row 8 processed and added to data list.
13:51:54.897 [main]INFO  utility.ExelUtility - Row 9 processed and added to data list.
13:51:54.897 [main]INFO  utility.ExelUtility - Row 10 processed and added to data list.
13:51:54.897 [main]INFO  utility.ExelUtility - Row 11 processed and added to data list.
13:51:54.897 [main]INFO  utility.ExelUtility - Row 12 processed and added to data list.
13:51:54.899 [main]INFO  utility.ExelUtility - Row 13 processed and added to data list.
13:51:54.899 [main]INFO  utility.ExelUtility - Row 14 processed and added to data list.
13:51:54.899 [main]INFO  utility.ExelUtility - Row 15 processed and added to data list.
13:51:54.899 [main]INFO  utility.ExelUtility - Row 16 processed and added to data list.
13:51:54.899 [main]INFO  utility.ExelUtility - Row 17 processed and added to data list.
13:51:54.900 [main]INFO  utility.ExelUtility - Row 18 processed and added to data list.
13:51:54.900 [main]INFO  utility.ExelUtility - Row 19 processed and added to data list.
13:51:54.900 [main]INFO  utility.ExelUtility - Row 20 processed and added to data list.
13:51:54.900 [main]INFO  utility.ExelUtility - Row 21 processed and added to data list.
13:51:54.900 [main]INFO  utility.ExelUtility - Row 22 processed and added to data list.
13:51:54.901 [main]INFO  utility.ExelUtility - Row 23 processed and added to data list.
13:51:54.901 [main]INFO  utility.ExelUtility - Row 24 processed and added to data list.
13:51:54.901 [main]INFO  utility.ExelUtility - Row 25 processed and added to data list.
13:51:54.901 [main]INFO  utility.ExelUtility - Row 26 processed and added to data list.
13:51:54.901 [main]INFO  utility.ExelUtility - Row 27 processed and added to data list.
13:51:54.902 [main]INFO  utility.ExelUtility - Row 28 processed and added to data list.
13:51:54.902 [main]INFO  utility.ExelUtility - Excel data extraction completed successfully.
13:51:54.902 [main]INFO  stepDefinition.Registration_Validation - Fetched Email ID: hinanan887@yopmail.com
13:51:55.262 [main]INFO  stepDefinition.Registration_Validation - Fetched Phone No: 8886663002
13:51:55.425 [main]INFO  stepDefinition.Registration_Validation - Fetched Password: ********
13:51:55.698 [main]INFO  stepDefinition.Registration_Validation - Checked Terms and Conditions checkbox.....
13:51:55.700 [main]INFO  stepDefinition.Registration_Validation - Clicking SignUp Now button
13:52:25.813 [main]INFO  stepDefinition.Registration_Validation - SignUp process initiated, waiting for 20 seconds for enter the OTP
13:52:26.837 [main]INFO  stepDefinition.Registration_Validation - Logging out from student dashboard.
13:52:30.189 [main]INFO  factory.BaseClass - browser initialized
13:52:30.191 [main]INFO  factory.BaseClass - get properties file from file directory
13:52:33.912 [main]INFO  stepDefinition.InnerBoxTextEntering - Initializing LoginPage and HomePage
13:52:33.914 [main]INFO  stepDefinition.InnerBoxTextEntering - Navigating to SignIn via HomePage
13:52:34.069 [main]INFO  stepDefinition.InnerBoxTextEntering - SignIn page loaded
13:52:34.072 [main]INFO  stepDefinition.InnerBoxTextEntering - Fetching SignIn credentials from Excel: Sheet = Sheet1, Row = 0
13:52:34.073 [main]INFO  utility.ExelUtility - Starting to read Excel data from file: F:\Gyansetu\G_TestCase001/src/test-data/data for sign-up chat.xlsx, sheet: Sheet1
13:52:34.286 [main]INFO  utility.ExelUtility - Total rows found (excluding header): 28
13:52:34.288 [main]INFO  utility.ExelUtility - Row 1 processed and added to data list.
13:52:34.289 [main]INFO  utility.ExelUtility - Row 2 processed and added to data list.
13:52:34.289 [main]INFO  utility.ExelUtility - Row 3 processed and added to data list.
13:52:34.290 [main]INFO  utility.ExelUtility - Row 4 processed and added to data list.
13:52:34.291 [main]INFO  utility.ExelUtility - Row 5 processed and added to data list.
13:52:34.291 [main]INFO  utility.ExelUtility - Row 6 processed and added to data list.
13:52:34.291 [main]INFO  utility.ExelUtility - Row 7 processed and added to data list.
13:52:34.292 [main]INFO  utility.ExelUtility - Row 8 processed and added to data list.
13:52:34.292 [main]INFO  utility.ExelUtility - Row 9 processed and added to data list.
13:52:34.292 [main]INFO  utility.ExelUtility - Row 10 processed and added to data list.
13:52:34.292 [main]INFO  utility.ExelUtility - Row 11 processed and added to data list.
13:52:34.293 [main]INFO  utility.ExelUtility - Row 12 processed and added to data list.
13:52:34.293 [main]INFO  utility.ExelUtility - Row 13 processed and added to data list.
13:52:34.293 [main]INFO  utility.ExelUtility - Row 14 processed and added to data list.
13:52:34.293 [main]INFO  utility.ExelUtility - Row 15 processed and added to data list.
13:52:34.293 [main]INFO  utility.ExelUtility - Row 16 processed and added to data list.
13:52:34.294 [main]INFO  utility.ExelUtility - Row 17 processed and added to data list.
13:52:34.294 [main]INFO  utility.ExelUtility - Row 18 processed and added to data list.
13:52:34.294 [main]INFO  utility.ExelUtility - Row 19 processed and added to data list.
13:52:34.294 [main]INFO  utility.ExelUtility - Row 20 processed and added to data list.
13:52:34.295 [main]INFO  utility.ExelUtility - Row 21 processed and added to data list.
13:52:34.295 [main]INFO  utility.ExelUtility - Row 22 processed and added to data list.
13:52:34.295 [main]INFO  utility.ExelUtility - Row 23 processed and added to data list.
13:52:34.295 [main]INFO  utility.ExelUtility - Row 24 processed and added to data list.
13:52:34.295 [main]INFO  utility.ExelUtility - Row 25 processed and added to data list.
13:52:34.295 [main]INFO  utility.ExelUtility - Row 26 processed and added to data list.
13:52:34.297 [main]INFO  utility.ExelUtility - Row 27 processed and added to data list.
13:52:34.297 [main]INFO  utility.ExelUtility - Row 28 processed and added to data list.
13:52:34.297 [main]INFO  utility.ExelUtility - Excel data extraction completed successfully.
13:52:34.297 [main]INFO  stepDefinition.InnerBoxTextEntering - Fetched Email ID: hinanan887@yopmail.com
13:52:34.726 [main]INFO  stepDefinition.InnerBoxTextEntering - Entered Email ID in SignIn field
13:52:34.726 [main]INFO  stepDefinition.InnerBoxTextEntering - Fetched Password: ********
13:52:34.894 [main]INFO  stepDefinition.InnerBoxTextEntering - Entered Password in SignIn field
13:52:34.896 [main]INFO  stepDefinition.InnerBoxTextEntering - Clicking the Sign In button
13:52:35.911 [main]INFO  stepDefinition.InnerBoxTextEntering - Sign In button clicked successfully
13:52:35.913 [main]INFO  stepDefinition.InnerBoxTextEntering - Fetching data from Excel sheet for student User: Sign-Up chat_for_StudentUser
13:52:35.913 [main]INFO  utility.ExelUtility - Starting to read Excel data from file: F:\Gyansetu\G_TestCase001/src/test-data/data for sign-up chat.xlsx, sheet: Sign-Up chat_for_StudentUser
13:52:36.030 [main]INFO  utility.ExelUtility - Total rows found (excluding header): 21
13:52:36.034 [main]INFO  utility.ExelUtility - Row 1 processed and added to data list.
13:52:36.037 [main]INFO  utility.ExelUtility - Row 2 processed and added to data list.
13:52:36.043 [main]INFO  utility.ExelUtility - Row 3 processed and added to data list.
13:52:36.046 [main]INFO  utility.ExelUtility - Row 4 processed and added to data list.
13:52:36.048 [main]INFO  utility.ExelUtility - Row 5 processed and added to data list.
13:52:36.051 [main]INFO  utility.ExelUtility - Row 6 processed and added to data list.
13:52:36.053 [main]INFO  utility.ExelUtility - Row 7 processed and added to data list.
13:52:36.058 [main]INFO  utility.ExelUtility - Row 8 processed and added to data list.
13:52:36.066 [main]INFO  utility.ExelUtility - Row 9 processed and added to data list.
13:52:36.067 [main]INFO  utility.ExelUtility - Row 10 processed and added to data list.
13:52:36.068 [main]INFO  utility.ExelUtility - Row 11 processed and added to data list.
13:52:36.070 [main]INFO  utility.ExelUtility - Row 12 processed and added to data list.
13:52:36.071 [main]INFO  utility.ExelUtility - Row 13 processed and added to data list.
13:52:36.074 [main]INFO  utility.ExelUtility - Row 14 processed and added to data list.
13:52:36.075 [main]INFO  utility.ExelUtility - Row 15 processed and added to data list.
13:52:36.077 [main]INFO  utility.ExelUtility - Row 16 processed and added to data list.
13:52:36.078 [main]INFO  utility.ExelUtility - Row 17 processed and added to data list.
13:52:36.079 [main]INFO  utility.ExelUtility - Row 18 processed and added to data list.
13:52:36.081 [main]INFO  utility.ExelUtility - Row 19 processed and added to data list.
13:52:36.081 [main]INFO  utility.ExelUtility - Row 20 processed and added to data list.
13:52:36.083 [main]INFO  utility.ExelUtility - Row 21 processed and added to data list.
13:52:36.083 [main]INFO  utility.ExelUtility - Excel data extraction completed successfully.
13:52:41.182 [main]INFO  stepDefinition.InnerBoxTextEntering - Entering Full Name of student: Hinana N
13:52:41.182 [main]INFO  page.Student_DashBoard_InnerChatBox - Entering full name: Hinana N
13:52:41.909 [main]INFO  page.Student_DashBoard_InnerChatBox - Full name entered with Actions and Enter sent.
13:52:41.909 [main]INFO  stepDefinition.InnerBoxTextEntering - Entering Date of Birth of student: 26-January-2005
13:52:41.911 [main]INFO  utility.DatePicker - Opening date picker....
13:52:42.212 [main]INFO  utility.DatePicker - Switched to year view..
13:52:43.915 [main]INFO  utility.DatePicker - Year 2005 selected..
13:52:44.166 [main]INFO  utility.DatePicker - Clicked previous month
13:52:44.394 [main]INFO  utility.DatePicker - Clicked previous month
13:52:44.530 [main]INFO  utility.DatePicker - Clicked previous month
13:52:44.691 [main]INFO  utility.DatePicker - Clicked previous month
13:52:44.840 [main]INFO  utility.DatePicker - Clicked previous month
13:52:45.011 [main]INFO  utility.DatePicker - Clicked previous month
13:52:45.175 [main]INFO  utility.DatePicker - Clicked previous month
13:52:45.197 [main]INFO  utility.DatePicker - Target month/year visible: JANUARY 2005
13:52:45.744 [main]INFO  utility.DatePicker - Date 26 selected
13:52:45.909 [main]INFO  utility.DatePicker - Click submit button clicked after date selection
13:52:46.926 [main]INFO  stepDefinition.InnerBoxTextEntering - Entering Main Learning Goals: Well
13:52:46.926 [main]INFO  page.Student_DashBoard_InnerChatBox - Entering main learning goal: Well
13:52:47.076 [main]INFO  page.Student_DashBoard_InnerChatBox - Learning goal entered successfully.
13:52:47.076 [main]INFO  stepDefinition.InnerBoxTextEntering - Selecting Gender: Male
13:52:47.076 [main]INFO  page.Student_DashBoard_InnerChatBox - Selecting gender.
13:52:47.492 [main]INFO  page.Student_DashBoard_InnerChatBox - Gender selected successfully.
13:52:48.495 [main]INFO  stepDefinition.InnerBoxTextEntering - Entering Mother's Name: Shari Cll
13:52:48.495 [main]INFO  page.Student_DashBoard_InnerChatBox - Entering mother's name: Shari Cll
13:52:48.709 [main]INFO  page.Student_DashBoard_InnerChatBox - Mother's name entered successfully.
13:52:48.709 [main]INFO  stepDefinition.InnerBoxTextEntering - Entering Father's Name: lJith
13:52:48.712 [main]INFO  page.Student_DashBoard_InnerChatBox - Entering father's name: lJith
13:52:48.898 [main]INFO  page.Student_DashBoard_InnerChatBox - Father's name entered successfully.
13:52:48.898 [main]INFO  stepDefinition.InnerBoxTextEntering - Entering Guardian Name: Himanshu
13:52:48.898 [main]INFO  page.Student_DashBoard_InnerChatBox - Entering guardian's name: Himanshu
13:52:49.053 [main]INFO  page.Student_DashBoard_InnerChatBox - Guardian's name entered successfully.
13:52:50.069 [main]INFO  stepDefinition.InnerBoxTextEntering - Uploading Profile Picture
13:52:50.069 [main]INFO  page.Student_DashBoard_InnerChatBox - Uploading profile picture from path: C:\\Users\\WIIS\\Pictures\\one piece\\1471770.jpg
13:52:50.164 [main]INFO  page.Student_DashBoard_InnerChatBox - Profile picture uploaded successfully.
13:52:50.164 [main]INFO  stepDefinition.InnerBoxTextEntering - Selecting Institute type
13:52:50.164 [main]INFO  page.Student_DashBoard_InnerChatBox - Selecting school type.
13:52:50.465 [main]INFO  page.Student_DashBoard_InnerChatBox - School type selected successfully.
13:52:51.467 [main]INFO  stepDefinition.InnerBoxTextEntering - Selecting School Name: Amity HSS
13:52:51.824 [main]INFO  stepDefinition.InnerBoxTextEntering - Selecting Board
13:52:53.098 [main]INFO  stepDefinition.InnerBoxTextEntering - Selecting Class: Class_10
13:52:53.495 [main]INFO  stepDefinition.InnerBoxTextEntering - Selecting Hobbies: Drawing
13:52:53.933 [main]INFO  stepDefinition.InnerBoxTextEntering - Selecting Known Language: Hindi
13:52:54.842 [main]INFO  stepDefinition.InnerBoxTextEntering - Selecting Language Proficiency
13:52:55.156 [main]INFO  stepDefinition.InnerBoxTextEntering - Selecting Country Code
13:52:56.572 [main]INFO  stepDefinition.InnerBoxTextEntering - Entering WhatsApp Number: 9876655555
13:52:56.775 [main]INFO  stepDefinition.InnerBoxTextEntering - Selecting Subject Name: Malayalam First
13:52:59.289 [main]INFO  stepDefinition.InnerBoxTextEntering - Selecting Teacher..: Shyam K
13:52:59.492 [main]INFO  stepDefinition.InnerBoxTextEntering - Enter the parent email id..: hinsaman466@yopmail.com
13:52:59.493 [main]INFO  page.Student_DashBoard_InnerChatBox - Entering Parent Email ID.: hinsaman466@yopmail.com
13:53:09.583 [main]ERROR page.Student_DashBoard_InnerChatBox - Failed to Enter the parent email id: Expected condition failed: waiting for visibility of element located by By.xpath: //input[@placeholder='Type your answer and press enter'] (tried for 10 second(s) with 500 milliseconds interval)
Build info: version: '4.33.0', revision: '2c6aaad03a'
System info: os.name: 'Windows 11', os.arch: 'amd64', os.version: '10.0', java.version: '23.0.2'
Driver info: org.openqa.selenium.chrome.ChromeDriver
Capabilities {acceptInsecureCerts: false, browserName: chrome, browserVersion: 138.0.7204.184, chrome: {chromedriverVersion: 138.0.7204.183 (e90faf484dd..., userDataDir: C:\Users\WIIS\AppData\Local...}, fedcm:accounts: true, goog:chromeOptions: {debuggerAddress: localhost:64452}, networkConnectionEnabled: false, pageLoadStrategy: normal, platformName: windows, proxy: Proxy(), se:cdp: ws://localhost:64452/devtoo..., se:cdpVersion: 138.0.7204.184, setWindowRect: true, strictFileInteractability: false, timeouts: {implicit: 0, pageLoad: 300000, script: 30000}, unhandledPromptBehavior: dismiss and notify, webauthn:extension:credBlob: true, webauthn:extension:largeBlob: true, webauthn:extension:minPinLength: true, webauthn:extension:prf: true, webauthn:virtualAuthenticators: true}
Session ID: 44cf9093cd500630034d84010d217afe
org.openqa.selenium.TimeoutException: Expected condition failed: waiting for visibility of element located by By.xpath: //input[@placeholder='Type your answer and press enter'] (tried for 10 second(s) with 500 milliseconds interval)
Build info: version: '4.33.0', revision: '2c6aaad03a'
System info: os.name: 'Windows 11', os.arch: 'amd64', os.version: '10.0', java.version: '23.0.2'
Driver info: org.openqa.selenium.chrome.ChromeDriver
Capabilities {acceptInsecureCerts: false, browserName: chrome, browserVersion: 138.0.7204.184, chrome: {chromedriverVersion: 138.0.7204.183 (e90faf484dd..., userDataDir: C:\Users\WIIS\AppData\Local...}, fedcm:accounts: true, goog:chromeOptions: {debuggerAddress: localhost:64452}, networkConnectionEnabled: false, pageLoadStrategy: normal, platformName: windows, proxy: Proxy(), se:cdp: ws://localhost:64452/devtoo..., se:cdpVersion: 138.0.7204.184, setWindowRect: true, strictFileInteractability: false, timeouts: {implicit: 0, pageLoad: 300000, script: 30000}, unhandledPromptBehavior: dismiss and notify, webauthn:extension:credBlob: true, webauthn:extension:largeBlob: true, webauthn:extension:minPinLength: true, webauthn:extension:prf: true, webauthn:virtualAuthenticators: true}
Session ID: 44cf9093cd500630034d84010d217afe
	at org.openqa.selenium.support.ui.WebDriverWait.timeoutException(WebDriverWait.java:84) ~[selenium-support-4.33.0.jar:?]
	at org.openqa.selenium.support.ui.FluentWait.until(FluentWait.java:228) ~[selenium-support-4.33.0.jar:?]
	at utility.WaitHelper.waitForVisibility(WaitHelper.java:22) ~[test-classes/:?]
	at page.Student_DashBoard_InnerChatBox.enter_the_parentEmailID(Student_DashBoard_InnerChatBox.java:484) ~[test-classes/:?]
	at stepDefinition.InnerBoxTextEntering.fetchDataFromExcelSheetForSignUpChatAndEnterDetailsOnSignupChat(InnerBoxTextEntering.java:280) ~[test-classes/:?]
	at jdk.internal.reflect.DirectMethodHandleAccessor.invoke(DirectMethodHandleAccessor.java:103) ~[?:?]
	at java.lang.reflect.Method.invoke(Method.java:580) ~[?:?]
	at io.cucumber.java.Invoker.doInvoke(Invoker.java:66) ~[cucumber-java-7.23.0.jar:7.23.0]
	at io.cucumber.java.Invoker.invoke(Invoker.java:24) ~[cucumber-java-7.23.0.jar:7.23.0]
	at io.cucumber.java.AbstractGlueDefinition.invokeMethod(AbstractGlueDefinition.java:47) ~[cucumber-java-7.23.0.jar:7.23.0]
	at io.cucumber.java.JavaStepDefinition.execute(JavaStepDefinition.java:29) ~[cucumber-java-7.23.0.jar:7.23.0]
	at io.cucumber.core.runner.CoreStepDefinition.execute(CoreStepDefinition.java:66) ~[cucumber-core-7.23.0.jar:7.23.0]
	at io.cucumber.core.runner.PickleStepDefinitionMatch.runStep(PickleStepDefinitionMatch.java:62) ~[cucumber-core-7.23.0.jar:7.23.0]
	at io.cucumber.core.runner.ExecutionMode$1.execute(ExecutionMode.java:10) ~[cucumber-core-7.23.0.jar:7.23.0]
	at io.cucumber.core.runner.TestStep.executeStep(TestStep.java:81) ~[cucumber-core-7.23.0.jar:7.23.0]
	at io.cucumber.core.runner.TestStep.run(TestStep.java:53) ~[cucumber-core-7.23.0.jar:7.23.0]
	at io.cucumber.core.runner.PickleStepTestStep.run(PickleStepTestStep.java:51) ~[cucumber-core-7.23.0.jar:7.23.0]
	at io.cucumber.core.runner.TestCase.run(TestCase.java:86) ~[cucumber-core-7.23.0.jar:7.23.0]
	at io.cucumber.core.runner.Runner.runPickle(Runner.java:77) ~[cucumber-core-7.23.0.jar:7.23.0]
	at io.cucumber.junit.PickleRunners$NoStepDescriptions.lambda$run$0(PickleRunners.java:151) ~[cucumber-junit-7.23.0.jar:7.23.0]
	at io.cucumber.core.runtime.CucumberExecutionContext.lambda$runTestCase$5(CucumberExecutionContext.java:136) ~[cucumber-core-7.23.0.jar:7.23.0]
	at io.cucumber.core.runtime.RethrowingThrowableCollector.executeAndThrow(RethrowingThrowableCollector.java:23) ~[cucumber-core-7.23.0.jar:7.23.0]
	at io.cucumber.core.runtime.CucumberExecutionContext.runTestCase(CucumberExecutionContext.java:136) ~[cucumber-core-7.23.0.jar:7.23.0]
	at io.cucumber.junit.PickleRunners$NoStepDescriptions.run(PickleRunners.java:148) ~[cucumber-junit-7.23.0.jar:7.23.0]
	at io.cucumber.junit.FeatureRunner.runChild(FeatureRunner.java:144) ~[cucumber-junit-7.23.0.jar:7.23.0]
	at io.cucumber.junit.FeatureRunner.runChild(FeatureRunner.java:28) ~[cucumber-junit-7.23.0.jar:7.23.0]
	at org.junit.runners.ParentRunner$4.run(ParentRunner.java:331) ~[junit-4.13.2.jar:4.13.2]
	at org.junit.runners.ParentRunner$1.schedule(ParentRunner.java:79) ~[junit-4.13.2.jar:4.13.2]
	at org.junit.runners.ParentRunner.runChildren(ParentRunner.java:329) ~[junit-4.13.2.jar:4.13.2]
	at org.junit.runners.ParentRunner.access$100(ParentRunner.java:66) ~[junit-4.13.2.jar:4.13.2]
	at org.junit.runners.ParentRunner$2.evaluate(ParentRunner.java:293) ~[junit-4.13.2.jar:4.13.2]
	at org.junit.runners.ParentRunner$3.evaluate(ParentRunner.java:306) ~[junit-4.13.2.jar:4.13.2]
	at org.junit.runners.ParentRunner.run(ParentRunner.java:413) ~[junit-4.13.2.jar:4.13.2]
	at io.cucumber.junit.FeatureRunner.run(FeatureRunner.java:137) ~[cucumber-junit-7.23.0.jar:7.23.0]
	at io.cucumber.junit.Cucumber.runChild(Cucumber.java:199) ~[cucumber-junit-7.23.0.jar:7.23.0]
	at io.cucumber.junit.Cucumber.runChild(Cucumber.java:89) ~[cucumber-junit-7.23.0.jar:7.23.0]
	at org.junit.runners.ParentRunner$4.run(ParentRunner.java:331) ~[junit-4.13.2.jar:4.13.2]
	at org.junit.runners.ParentRunner$1.schedule(ParentRunner.java:79) ~[junit-4.13.2.jar:4.13.2]
	at org.junit.runners.ParentRunner.runChildren(ParentRunner.java:329) ~[junit-4.13.2.jar:4.13.2]
	at org.junit.runners.ParentRunner.access$100(ParentRunner.java:66) ~[junit-4.13.2.jar:4.13.2]
	at org.junit.runners.ParentRunner$2.evaluate(ParentRunner.java:293) ~[junit-4.13.2.jar:4.13.2]
	at io.cucumber.core.runtime.CucumberExecutionContext.lambda$runFeatures$6(CucumberExecutionContext.java:147) ~[cucumber-core-7.23.0.jar:7.23.0]
	at io.cucumber.core.runtime.CucumberExecutionContext.execute(CucumberExecutionContext.java:162) [cucumber-core-7.23.0.jar:7.23.0]
	at io.cucumber.core.runtime.CucumberExecutionContext.runFeatures(CucumberExecutionContext.java:145) [cucumber-core-7.23.0.jar:7.23.0]
	at io.cucumber.junit.Cucumber$StartAndFinishTestRun.evaluate(Cucumber.java:229) [cucumber-junit-7.23.0.jar:7.23.0]
	at org.junit.runners.ParentRunner$3.evaluate(ParentRunner.java:306) [junit-4.13.2.jar:4.13.2]
	at org.junit.runners.ParentRunner.run(ParentRunner.java:413) [junit-4.13.2.jar:4.13.2]
	at org.junit.runner.JUnitCore.run(JUnitCore.java:137) [junit-4.13.2.jar:4.13.2]
	at com.intellij.junit4.JUnit4IdeaTestRunner.startRunnerWithArgs(JUnit4IdeaTestRunner.java:69) [junit-rt.jar:?]
	at com.intellij.rt.junit.IdeaTestRunner$Repeater$1.execute(IdeaTestRunner.java:38) [junit-rt.jar:?]
	at com.intellij.rt.execution.junit.TestsRepeater.repeat(TestsRepeater.java:11) [idea_rt.jar:?]
	at com.intellij.rt.junit.IdeaTestRunner$Repeater.startRunnerWithArgs(IdeaTestRunner.java:35) [junit-rt.jar:?]
	at com.intellij.rt.junit.JUnitStarter.prepareStreamsAndStart(JUnitStarter.java:232) [junit-rt.jar:?]
	at com.intellij.rt.junit.JUnitStarter.main(JUnitStarter.java:55) [junit-rt.jar:?]
13:53:09.763 [main]INFO  stepDefinition.InnerBoxTextEntering - Enter the parent phone No..: 8876655011
13:53:09.763 [main]INFO  page.Student_DashBoard_InnerChatBox - Entering Parent Phone No.: 8876655011
14:12:50.324 [main]INFO  factory.BaseClass - browser initialized
14:12:50.328 [main]INFO  factory.BaseClass - get properties file from file directory
14:12:55.378 [main]INFO  stepDefinition.Registration_Validation - Navigating to the registration page
14:12:55.689 [main]INFO  stepDefinition.Registration_Validation - Clicked on Registration button
14:12:55.698 [main]INFO  stepDefinition.Registration_Validation - Fetching data from Excel - Sheet: Sheet1, Row: 0
14:12:55.700 [main]INFO  utility.ExelUtility - Starting to read Excel data from file: F:\Gyansetu\G_TestCase001/src/test-data/data for sign-up chat.xlsx, sheet: Sheet1
14:12:56.814 [main]INFO  utility.ExelUtility - Total rows found (excluding header): 30
14:12:56.824 [main]INFO  utility.ExelUtility - Row 1 processed and added to data list.
14:12:56.824 [main]INFO  utility.ExelUtility - Row 2 processed and added to data list.
14:12:56.850 [main]INFO  utility.ExelUtility - Row 3 processed and added to data list.
14:12:56.850 [main]INFO  utility.ExelUtility - Row 4 processed and added to data list.
14:12:56.851 [main]INFO  utility.ExelUtility - Row 5 processed and added to data list.
14:12:56.852 [main]INFO  utility.ExelUtility - Row 6 processed and added to data list.
14:12:56.852 [main]INFO  utility.ExelUtility - Row 7 processed and added to data list.
14:12:56.852 [main]INFO  utility.ExelUtility - Row 8 processed and added to data list.
14:12:56.854 [main]INFO  utility.ExelUtility - Row 9 processed and added to data list.
14:12:56.854 [main]INFO  utility.ExelUtility - Row 10 processed and added to data list.
14:12:56.854 [main]INFO  utility.ExelUtility - Row 11 processed and added to data list.
14:12:56.854 [main]INFO  utility.ExelUtility - Row 12 processed and added to data list.
14:12:56.854 [main]INFO  utility.ExelUtility - Row 13 processed and added to data list.
14:12:56.854 [main]INFO  utility.ExelUtility - Row 14 processed and added to data list.
14:12:56.855 [main]INFO  utility.ExelUtility - Row 15 processed and added to data list.
14:12:56.855 [main]INFO  utility.ExelUtility - Row 16 processed and added to data list.
14:12:56.855 [main]INFO  utility.ExelUtility - Row 17 processed and added to data list.
14:12:56.856 [main]INFO  utility.ExelUtility - Row 18 processed and added to data list.
14:12:56.856 [main]INFO  utility.ExelUtility - Row 19 processed and added to data list.
14:12:56.856 [main]INFO  utility.ExelUtility - Row 20 processed and added to data list.
14:12:56.857 [main]INFO  utility.ExelUtility - Row 21 processed and added to data list.
14:12:56.857 [main]INFO  utility.ExelUtility - Row 22 processed and added to data list.
14:12:56.857 [main]INFO  utility.ExelUtility - Row 23 processed and added to data list.
14:12:56.857 [main]INFO  utility.ExelUtility - Row 24 processed and added to data list.
14:12:56.858 [main]INFO  utility.ExelUtility - Row 25 processed and added to data list.
14:12:56.858 [main]INFO  utility.ExelUtility - Row 26 processed and added to data list.
14:12:56.858 [main]INFO  utility.ExelUtility - Row 27 processed and added to data list.
14:12:56.858 [main]INFO  utility.ExelUtility - Row 28 processed and added to data list.
14:12:56.858 [main]INFO  utility.ExelUtility - Row 29 processed and added to data list.
14:12:56.859 [main]INFO  utility.ExelUtility - Row 30 processed and added to data list.
14:12:56.859 [main]INFO  utility.ExelUtility - Excel data extraction completed successfully.
14:12:56.859 [main]INFO  stepDefinition.Registration_Validation - Fetched Email ID: felix78@yopmail.com
14:12:57.234 [main]INFO  stepDefinition.Registration_Validation - Fetched Phone No: 
14:12:57.290 [main]INFO  stepDefinition.Registration_Validation - Fetched Password: ********
14:12:57.473 [main]INFO  stepDefinition.Registration_Validation - Checked Terms and Conditions checkbox.....
14:12:57.475 [main]INFO  stepDefinition.Registration_Validation - Clicking SignUp Now button
14:13:49.663 [main]INFO  factory.BaseClass - browser initialized
14:13:49.670 [main]INFO  factory.BaseClass - get properties file from file directory
14:13:55.730 [main]INFO  stepDefinition.Registration_Validation - Navigating to the registration page
14:13:56.041 [main]INFO  stepDefinition.Registration_Validation - Clicked on Registration button
14:13:56.051 [main]INFO  stepDefinition.Registration_Validation - Fetching data from Excel - Sheet: Sheet1, Row: 0
14:13:56.053 [main]INFO  utility.ExelUtility - Starting to read Excel data from file: F:\Gyansetu\G_TestCase001/src/test-data/data for sign-up chat.xlsx, sheet: Sheet1
14:13:57.697 [main]INFO  utility.ExelUtility - Total rows found (excluding header): 30
14:13:57.733 [main]INFO  utility.ExelUtility - Row 1 processed and added to data list.
14:13:57.734 [main]INFO  utility.ExelUtility - Row 2 processed and added to data list.
14:13:57.735 [main]INFO  utility.ExelUtility - Row 3 processed and added to data list.
14:13:57.735 [main]INFO  utility.ExelUtility - Row 4 processed and added to data list.
14:13:57.738 [main]INFO  utility.ExelUtility - Row 5 processed and added to data list.
14:13:57.738 [main]INFO  utility.ExelUtility - Row 6 processed and added to data list.
14:13:57.738 [main]INFO  utility.ExelUtility - Row 7 processed and added to data list.
14:13:57.739 [main]INFO  utility.ExelUtility - Row 8 processed and added to data list.
14:13:57.739 [main]INFO  utility.ExelUtility - Row 9 processed and added to data list.
14:13:57.739 [main]INFO  utility.ExelUtility - Row 10 processed and added to data list.
14:13:57.739 [main]INFO  utility.ExelUtility - Row 11 processed and added to data list.
14:13:57.740 [main]INFO  utility.ExelUtility - Row 12 processed and added to data list.
14:13:57.741 [main]INFO  utility.ExelUtility - Row 13 processed and added to data list.
14:13:57.742 [main]INFO  utility.ExelUtility - Row 14 processed and added to data list.
14:13:57.742 [main]INFO  utility.ExelUtility - Row 15 processed and added to data list.
14:13:57.743 [main]INFO  utility.ExelUtility - Row 16 processed and added to data list.
14:13:57.744 [main]INFO  utility.ExelUtility - Row 17 processed and added to data list.
14:13:57.744 [main]INFO  utility.ExelUtility - Row 18 processed and added to data list.
14:13:57.744 [main]INFO  utility.ExelUtility - Row 19 processed and added to data list.
14:13:57.744 [main]INFO  utility.ExelUtility - Row 20 processed and added to data list.
14:13:57.745 [main]INFO  utility.ExelUtility - Row 21 processed and added to data list.
14:13:57.745 [main]INFO  utility.ExelUtility - Row 22 processed and added to data list.
14:13:57.745 [main]INFO  utility.ExelUtility - Row 23 processed and added to data list.
14:13:57.745 [main]INFO  utility.ExelUtility - Row 24 processed and added to data list.
14:13:57.746 [main]INFO  utility.ExelUtility - Row 25 processed and added to data list.
14:13:57.746 [main]INFO  utility.ExelUtility - Row 26 processed and added to data list.
14:13:57.746 [main]INFO  utility.ExelUtility - Row 27 processed and added to data list.
14:13:57.746 [main]INFO  utility.ExelUtility - Row 28 processed and added to data list.
14:13:57.746 [main]INFO  utility.ExelUtility - Row 29 processed and added to data list.
14:13:57.746 [main]INFO  utility.ExelUtility - Row 30 processed and added to data list.
14:13:57.748 [main]INFO  utility.ExelUtility - Excel data extraction completed successfully.
14:13:57.748 [main]INFO  stepDefinition.Registration_Validation - Fetched Email ID: felix78@yopmail.com
14:13:58.151 [main]INFO  stepDefinition.Registration_Validation - Fetched Phone No: 8886663004
14:13:58.379 [main]INFO  stepDefinition.Registration_Validation - Fetched Password: ********
14:13:58.766 [main]INFO  stepDefinition.Registration_Validation - Checked Terms and Conditions checkbox.....
14:13:58.766 [main]INFO  stepDefinition.Registration_Validation - Clicking SignUp Now button
14:14:28.895 [main]INFO  stepDefinition.Registration_Validation - SignUp process initiated, waiting for 20 seconds for enter the OTP
14:14:29.911 [main]INFO  stepDefinition.Registration_Validation - Logging out from student dashboard.
14:14:35.293 [main]INFO  factory.BaseClass - browser initialized
14:14:35.296 [main]INFO  factory.BaseClass - get properties file from file directory
14:14:40.656 [main]INFO  stepDefinition.Registration_Validation - Navigating to the registration page
14:14:40.907 [main]INFO  stepDefinition.Registration_Validation - Clicked on Registration button
14:14:40.911 [main]INFO  stepDefinition.Registration_Validation - Fetching data from Excel - Sheet: Sheet1, Row: 1
14:14:40.911 [main]INFO  utility.ExelUtility - Starting to read Excel data from file: F:\Gyansetu\G_TestCase001/src/test-data/data for sign-up chat.xlsx, sheet: Sheet1
14:14:41.175 [main]INFO  utility.ExelUtility - Total rows found (excluding header): 30
14:14:41.177 [main]INFO  utility.ExelUtility - Row 1 processed and added to data list.
14:14:41.178 [main]INFO  utility.ExelUtility - Row 2 processed and added to data list.
14:14:41.179 [main]INFO  utility.ExelUtility - Row 3 processed and added to data list.
14:14:41.179 [main]INFO  utility.ExelUtility - Row 4 processed and added to data list.
14:14:41.180 [main]INFO  utility.ExelUtility - Row 5 processed and added to data list.
14:14:41.181 [main]INFO  utility.ExelUtility - Row 6 processed and added to data list.
14:14:41.182 [main]INFO  utility.ExelUtility - Row 7 processed and added to data list.
14:14:41.182 [main]INFO  utility.ExelUtility - Row 8 processed and added to data list.
14:14:41.183 [main]INFO  utility.ExelUtility - Row 9 processed and added to data list.
14:14:41.183 [main]INFO  utility.ExelUtility - Row 10 processed and added to data list.
14:14:41.183 [main]INFO  utility.ExelUtility - Row 11 processed and added to data list.
14:14:41.184 [main]INFO  utility.ExelUtility - Row 12 processed and added to data list.
14:14:41.184 [main]INFO  utility.ExelUtility - Row 13 processed and added to data list.
14:14:41.185 [main]INFO  utility.ExelUtility - Row 14 processed and added to data list.
14:14:41.185 [main]INFO  utility.ExelUtility - Row 15 processed and added to data list.
14:14:41.186 [main]INFO  utility.ExelUtility - Row 16 processed and added to data list.
14:14:41.186 [main]INFO  utility.ExelUtility - Row 17 processed and added to data list.
14:14:41.186 [main]INFO  utility.ExelUtility - Row 18 processed and added to data list.
14:14:41.187 [main]INFO  utility.ExelUtility - Row 19 processed and added to data list.
14:14:41.187 [main]INFO  utility.ExelUtility - Row 20 processed and added to data list.
14:14:41.187 [main]INFO  utility.ExelUtility - Row 21 processed and added to data list.
14:14:41.187 [main]INFO  utility.ExelUtility - Row 22 processed and added to data list.
14:14:41.188 [main]INFO  utility.ExelUtility - Row 23 processed and added to data list.
14:14:41.188 [main]INFO  utility.ExelUtility - Row 24 processed and added to data list.
14:14:41.188 [main]INFO  utility.ExelUtility - Row 25 processed and added to data list.
14:14:41.188 [main]INFO  utility.ExelUtility - Row 26 processed and added to data list.
14:14:41.189 [main]INFO  utility.ExelUtility - Row 27 processed and added to data list.
14:14:41.189 [main]INFO  utility.ExelUtility - Row 28 processed and added to data list.
14:14:41.189 [main]INFO  utility.ExelUtility - Row 29 processed and added to data list.
14:14:41.189 [main]INFO  utility.ExelUtility - Row 30 processed and added to data list.
14:14:41.190 [main]INFO  utility.ExelUtility - Excel data extraction completed successfully.
14:14:41.190 [main]INFO  stepDefinition.Registration_Validation - Fetched Email ID: ezra999@yopmail.com
14:14:41.623 [main]INFO  stepDefinition.Registration_Validation - Fetched Phone No: 8886663003
14:14:41.882 [main]INFO  stepDefinition.Registration_Validation - Fetched Password: ********
14:14:42.283 [main]INFO  stepDefinition.Registration_Validation - Checked Terms and Conditions checkbox.....
14:14:42.283 [main]INFO  stepDefinition.Registration_Validation - Clicking SignUp Now button
14:15:12.348 [main]INFO  stepDefinition.Registration_Validation - SignUp process initiated, waiting for 20 seconds for enter the OTP
14:15:13.363 [main]INFO  stepDefinition.Registration_Validation - Logging out from student dashboard.
14:15:15.354 [main]INFO  factory.BaseClass - browser initialized
14:15:15.355 [main]INFO  factory.BaseClass - get properties file from file directory
14:15:20.319 [main]INFO  stepDefinition.InnerBoxTextEntering - Initializing LoginPage and HomePage
14:15:20.326 [main]INFO  stepDefinition.InnerBoxTextEntering - Navigating to SignIn via HomePage
14:15:20.486 [main]INFO  stepDefinition.InnerBoxTextEntering - SignIn page loaded
14:15:20.489 [main]INFO  stepDefinition.InnerBoxTextEntering - Fetching SignIn credentials from Excel: Sheet = Sheet1, Row = 0
14:15:20.489 [main]INFO  utility.ExelUtility - Starting to read Excel data from file: F:\Gyansetu\G_TestCase001/src/test-data/data for sign-up chat.xlsx, sheet: Sheet1
14:15:20.730 [main]INFO  utility.ExelUtility - Total rows found (excluding header): 30
14:15:20.740 [main]INFO  utility.ExelUtility - Row 1 processed and added to data list.
14:15:20.742 [main]INFO  utility.ExelUtility - Row 2 processed and added to data list.
14:15:20.742 [main]INFO  utility.ExelUtility - Row 3 processed and added to data list.
14:15:20.743 [main]INFO  utility.ExelUtility - Row 4 processed and added to data list.
14:15:20.743 [main]INFO  utility.ExelUtility - Row 5 processed and added to data list.
14:15:20.744 [main]INFO  utility.ExelUtility - Row 6 processed and added to data list.
14:15:20.744 [main]INFO  utility.ExelUtility - Row 7 processed and added to data list.
14:15:20.744 [main]INFO  utility.ExelUtility - Row 8 processed and added to data list.
14:15:20.744 [main]INFO  utility.ExelUtility - Row 9 processed and added to data list.
14:15:20.744 [main]INFO  utility.ExelUtility - Row 10 processed and added to data list.
14:15:20.745 [main]INFO  utility.ExelUtility - Row 11 processed and added to data list.
14:15:20.745 [main]INFO  utility.ExelUtility - Row 12 processed and added to data list.
14:15:20.745 [main]INFO  utility.ExelUtility - Row 13 processed and added to data list.
14:15:20.746 [main]INFO  utility.ExelUtility - Row 14 processed and added to data list.
14:15:20.746 [main]INFO  utility.ExelUtility - Row 15 processed and added to data list.
14:15:20.746 [main]INFO  utility.ExelUtility - Row 16 processed and added to data list.
14:15:20.747 [main]INFO  utility.ExelUtility - Row 17 processed and added to data list.
14:15:20.747 [main]INFO  utility.ExelUtility - Row 18 processed and added to data list.
14:15:20.747 [main]INFO  utility.ExelUtility - Row 19 processed and added to data list.
14:15:20.747 [main]INFO  utility.ExelUtility - Row 20 processed and added to data list.
14:15:20.748 [main]INFO  utility.ExelUtility - Row 21 processed and added to data list.
14:15:20.748 [main]INFO  utility.ExelUtility - Row 22 processed and added to data list.
14:15:20.748 [main]INFO  utility.ExelUtility - Row 23 processed and added to data list.
14:15:20.748 [main]INFO  utility.ExelUtility - Row 24 processed and added to data list.
14:15:20.749 [main]INFO  utility.ExelUtility - Row 25 processed and added to data list.
14:15:20.749 [main]INFO  utility.ExelUtility - Row 26 processed and added to data list.
14:15:20.749 [main]INFO  utility.ExelUtility - Row 27 processed and added to data list.
14:15:20.749 [main]INFO  utility.ExelUtility - Row 28 processed and added to data list.
14:15:20.750 [main]INFO  utility.ExelUtility - Row 29 processed and added to data list.
14:15:20.752 [main]INFO  utility.ExelUtility - Row 30 processed and added to data list.
14:15:20.753 [main]INFO  utility.ExelUtility - Excel data extraction completed successfully.
14:15:20.754 [main]INFO  stepDefinition.InnerBoxTextEntering - Fetched Email ID: felix78@yopmail.com
14:15:21.143 [main]INFO  stepDefinition.InnerBoxTextEntering - Entered Email ID in SignIn field
14:15:21.143 [main]INFO  stepDefinition.InnerBoxTextEntering - Fetched Password: ********
14:15:21.325 [main]INFO  stepDefinition.InnerBoxTextEntering - Entered Password in SignIn field
14:15:21.326 [main]INFO  stepDefinition.InnerBoxTextEntering - Clicking the Sign In button
14:15:22.369 [main]INFO  stepDefinition.InnerBoxTextEntering - Sign In button clicked successfully
14:15:22.372 [main]INFO  stepDefinition.InnerBoxTextEntering - Fetching data from Excel sheet for student User: Sign-Up chat_for_StudentUser
14:15:22.372 [main]INFO  utility.ExelUtility - Starting to read Excel data from file: F:\Gyansetu\G_TestCase001/src/test-data/data for sign-up chat.xlsx, sheet: Sign-Up chat_for_StudentUser
14:15:22.445 [main]INFO  utility.ExelUtility - Total rows found (excluding header): 23
14:15:22.449 [main]INFO  utility.ExelUtility - Row 1 processed and added to data list.
14:15:22.452 [main]INFO  utility.ExelUtility - Row 2 processed and added to data list.
14:15:22.457 [main]INFO  utility.ExelUtility - Row 3 processed and added to data list.
14:15:22.460 [main]INFO  utility.ExelUtility - Row 4 processed and added to data list.
14:15:22.465 [main]INFO  utility.ExelUtility - Row 5 processed and added to data list.
14:15:22.465 [main]INFO  utility.ExelUtility - Row 6 processed and added to data list.
14:15:22.467 [main]INFO  utility.ExelUtility - Row 7 processed and added to data list.
14:15:22.469 [main]INFO  utility.ExelUtility - Row 8 processed and added to data list.
14:15:22.472 [main]INFO  utility.ExelUtility - Row 9 processed and added to data list.
14:15:22.472 [main]INFO  utility.ExelUtility - Row 10 processed and added to data list.
14:15:22.472 [main]INFO  utility.ExelUtility - Row 11 processed and added to data list.
14:15:22.472 [main]INFO  utility.ExelUtility - Row 12 processed and added to data list.
14:15:22.472 [main]INFO  utility.ExelUtility - Row 13 processed and added to data list.
14:15:22.479 [main]INFO  utility.ExelUtility - Row 14 processed and added to data list.
14:15:22.479 [main]INFO  utility.ExelUtility - Row 15 processed and added to data list.
14:15:22.479 [main]INFO  utility.ExelUtility - Row 16 processed and added to data list.
14:15:22.481 [main]INFO  utility.ExelUtility - Row 17 processed and added to data list.
14:15:22.481 [main]INFO  utility.ExelUtility - Row 18 processed and added to data list.
14:15:22.483 [main]INFO  utility.ExelUtility - Row 19 processed and added to data list.
14:15:22.483 [main]INFO  utility.ExelUtility - Row 20 processed and added to data list.
14:15:22.485 [main]INFO  utility.ExelUtility - Row 21 processed and added to data list.
14:15:22.486 [main]INFO  utility.ExelUtility - Row 22 processed and added to data list.
14:15:22.486 [main]INFO  utility.ExelUtility - Row 23 processed and added to data list.
14:15:22.486 [main]INFO  utility.ExelUtility - Excel data extraction completed successfully.
14:15:27.556 [main]INFO  stepDefinition.InnerBoxTextEntering - Entering Full Name of student: Felix MN
14:15:27.561 [main]INFO  page.Student_DashBoard_InnerChatBox - Entering full name: Felix MN
14:15:28.250 [main]INFO  page.Student_DashBoard_InnerChatBox - Full name entered with Actions and Enter sent.
14:15:28.250 [main]INFO  stepDefinition.InnerBoxTextEntering - Entering Date of Birth of student: 26-January-2005
14:15:28.250 [main]INFO  utility.DatePicker - Opening date picker....
14:15:28.552 [main]INFO  utility.DatePicker - Switched to year view..
14:15:29.997 [main]INFO  utility.DatePicker - Year 2005 selected..
14:15:30.284 [main]INFO  utility.DatePicker - Clicked previous month
14:15:30.506 [main]INFO  utility.DatePicker - Clicked previous month
14:15:30.728 [main]INFO  utility.DatePicker - Clicked previous month
14:15:30.926 [main]INFO  utility.DatePicker - Clicked previous month
14:15:31.114 [main]INFO  utility.DatePicker - Clicked previous month
14:15:31.296 [main]INFO  utility.DatePicker - Clicked previous month
14:15:31.497 [main]INFO  utility.DatePicker - Clicked previous month
14:15:31.557 [main]INFO  utility.DatePicker - Target month/year visible: JANUARY 2005
14:15:32.281 [main]INFO  utility.DatePicker - Date 26 selected
14:15:32.465 [main]INFO  utility.DatePicker - Click submit button clicked after date selection
14:15:33.476 [main]INFO  stepDefinition.InnerBoxTextEntering - Entering Main Learning Goals: Well
14:15:33.476 [main]INFO  page.Student_DashBoard_InnerChatBox - Entering main learning goal: Well
14:15:33.660 [main]INFO  page.Student_DashBoard_InnerChatBox - Learning goal entered successfully.
14:15:33.660 [main]INFO  stepDefinition.InnerBoxTextEntering - Selecting Gender: Male
14:15:33.660 [main]INFO  page.Student_DashBoard_InnerChatBox - Selecting gender.
14:15:33.998 [main]INFO  page.Student_DashBoard_InnerChatBox - Gender selected successfully.
14:15:35.001 [main]INFO  stepDefinition.InnerBoxTextEntering - Entering Mother's Name: Shari Cll
14:15:35.001 [main]INFO  page.Student_DashBoard_InnerChatBox - Entering mother's name: Shari Cll
14:15:35.199 [main]INFO  page.Student_DashBoard_InnerChatBox - Mother's name entered successfully.
14:15:35.199 [main]INFO  stepDefinition.InnerBoxTextEntering - Entering Father's Name: lJith
14:15:35.199 [main]INFO  page.Student_DashBoard_InnerChatBox - Entering father's name: lJith
14:15:35.376 [main]INFO  page.Student_DashBoard_InnerChatBox - Father's name entered successfully.
14:15:35.376 [main]INFO  stepDefinition.InnerBoxTextEntering - Entering Guardian Name: Himanshu
14:15:35.377 [main]INFO  page.Student_DashBoard_InnerChatBox - Entering guardian's name: Himanshu
14:15:35.503 [main]INFO  page.Student_DashBoard_InnerChatBox - Guardian's name entered successfully.
14:15:36.516 [main]INFO  stepDefinition.InnerBoxTextEntering - Uploading Profile Picture
14:15:36.516 [main]INFO  page.Student_DashBoard_InnerChatBox - Uploading profile picture from path: C:\\Users\\WIIS\\Pictures\\one piece\\1471770.jpg
14:15:36.618 [main]INFO  page.Student_DashBoard_InnerChatBox - Profile picture uploaded successfully.
14:15:36.618 [main]INFO  stepDefinition.InnerBoxTextEntering - Selecting Institute type
14:15:36.618 [main]INFO  page.Student_DashBoard_InnerChatBox - Selecting school type.
14:15:36.896 [main]INFO  page.Student_DashBoard_InnerChatBox - School type selected successfully.
14:15:37.902 [main]INFO  stepDefinition.InnerBoxTextEntering - Selecting School Name: Amity HSS
14:15:38.280 [main]INFO  stepDefinition.InnerBoxTextEntering - Selecting Board
14:15:39.553 [main]INFO  stepDefinition.InnerBoxTextEntering - Selecting Class: Class_10
14:15:39.962 [main]INFO  stepDefinition.InnerBoxTextEntering - Selecting Hobbies: Drawing
14:15:40.409 [main]INFO  stepDefinition.InnerBoxTextEntering - Selecting Known Language: Hindi
14:15:41.225 [main]INFO  stepDefinition.InnerBoxTextEntering - Selecting Language Proficiency
14:15:41.566 [main]INFO  stepDefinition.InnerBoxTextEntering - Selecting Country Code
14:15:43.026 [main]INFO  stepDefinition.InnerBoxTextEntering - Entering WhatsApp Number: 9876655555
14:15:43.230 [main]INFO  stepDefinition.InnerBoxTextEntering - Selecting Subject Name: Malayalam First
14:15:45.708 [main]INFO  stepDefinition.InnerBoxTextEntering - Selecting Teacher..: Sunitha Villiam
14:15:45.995 [main]INFO  stepDefinition.InnerBoxTextEntering - Enter the parent email id..: enjava999@yopmail.com
14:15:45.995 [main]INFO  page.Student_DashBoard_InnerChatBox - Entering Parent Email ID.: enjava999@yopmail.com
14:15:46.279 [main]INFO  page.Student_DashBoard_InnerChatBox - Parent Email id entered successfully..
14:15:46.281 [main]INFO  stepDefinition.InnerBoxTextEntering - Enter the parent phone No..: 8876655011
14:15:46.281 [main]INFO  page.Student_DashBoard_InnerChatBox - Entering Parent Phone No.: 8876655011
14:15:46.465 [main]INFO  page.Student_DashBoard_InnerChatBox - Parent Email id entered successfully.
14:15:46.465 [main]INFO  stepDefinition.InnerBoxTextEntering - Selecting Country: India
14:15:47.833 [main]INFO  stepDefinition.InnerBoxTextEntering - Selecting State: Kerala
14:15:48.405 [main]INFO  stepDefinition.InnerBoxTextEntering - Selecting District: Alappuzha
14:15:48.679 [main]INFO  stepDefinition.InnerBoxTextEntering - Selecting City: Cherthala
14:15:48.935 [main]INFO  stepDefinition.InnerBoxTextEntering - Entering Pin code: 788764
14:15:49.147 [main]INFO  stepDefinition.InnerBoxTextEntering - Entering First Address: All is well
14:15:49.467 [main]INFO  stepDefinition.InnerBoxTextEntering - Entering Second Address: All is well
14:15:49.779 [main]INFO  stepDefinition.InnerBoxTextEntering - Starting sign-up chat verification
14:15:49.847 [main]INFO  page.Student_DashBoard_InnerChatBox - Inner ChatBox is visible on the screen.
14:15:50.267 [main]INFO  stepDefinition.InnerBoxTextEntering - Profile Inner Chat automated successfully.
14:15:51.280 [main]INFO  stepDefinition.InnerBoxTextEntering - Logging out from student dashboard.
14:15:54.805 [main]INFO  factory.BaseClass - browser initialized
14:15:54.805 [main]INFO  factory.BaseClass - get properties file from file directory
14:15:59.191 [main]INFO  stepDefinition.InnerBoxTextEntering - Initializing LoginPage and HomePage
14:15:59.192 [main]INFO  stepDefinition.InnerBoxTextEntering - Navigating to SignIn via HomePage
14:15:59.324 [main]INFO  stepDefinition.InnerBoxTextEntering - SignIn page loaded
14:15:59.325 [main]INFO  stepDefinition.InnerBoxTextEntering - Fetching SignIn credentials from Excel: Sheet = Sheet1, Row = 1
14:15:59.325 [main]INFO  utility.ExelUtility - Starting to read Excel data from file: F:\Gyansetu\G_TestCase001/src/test-data/data for sign-up chat.xlsx, sheet: Sheet1
14:15:59.476 [main]INFO  utility.ExelUtility - Total rows found (excluding header): 30
14:15:59.477 [main]INFO  utility.ExelUtility - Row 1 processed and added to data list.
14:15:59.479 [main]INFO  utility.ExelUtility - Row 2 processed and added to data list.
14:15:59.480 [main]INFO  utility.ExelUtility - Row 3 processed and added to data list.
14:15:59.484 [main]INFO  utility.ExelUtility - Row 4 processed and added to data list.
14:15:59.486 [main]INFO  utility.ExelUtility - Row 5 processed and added to data list.
14:15:59.488 [main]INFO  utility.ExelUtility - Row 6 processed and added to data list.
14:15:59.490 [main]INFO  utility.ExelUtility - Row 7 processed and added to data list.
14:15:59.491 [main]INFO  utility.ExelUtility - Row 8 processed and added to data list.
14:15:59.492 [main]INFO  utility.ExelUtility - Row 9 processed and added to data list.
14:15:59.492 [main]INFO  utility.ExelUtility - Row 10 processed and added to data list.
14:15:59.493 [main]INFO  utility.ExelUtility - Row 11 processed and added to data list.
14:15:59.493 [main]INFO  utility.ExelUtility - Row 12 processed and added to data list.
14:15:59.493 [main]INFO  utility.ExelUtility - Row 13 processed and added to data list.
14:15:59.494 [main]INFO  utility.ExelUtility - Row 14 processed and added to data list.
14:15:59.494 [main]INFO  utility.ExelUtility - Row 15 processed and added to data list.
14:15:59.494 [main]INFO  utility.ExelUtility - Row 16 processed and added to data list.
14:15:59.496 [main]INFO  utility.ExelUtility - Row 17 processed and added to data list.
14:15:59.501 [main]INFO  utility.ExelUtility - Row 18 processed and added to data list.
14:15:59.501 [main]INFO  utility.ExelUtility - Row 19 processed and added to data list.
14:15:59.502 [main]INFO  utility.ExelUtility - Row 20 processed and added to data list.
14:15:59.503 [main]INFO  utility.ExelUtility - Row 21 processed and added to data list.
14:15:59.505 [main]INFO  utility.ExelUtility - Row 22 processed and added to data list.
14:15:59.506 [main]INFO  utility.ExelUtility - Row 23 processed and added to data list.
14:15:59.506 [main]INFO  utility.ExelUtility - Row 24 processed and added to data list.
14:15:59.506 [main]INFO  utility.ExelUtility - Row 25 processed and added to data list.
14:15:59.506 [main]INFO  utility.ExelUtility - Row 26 processed and added to data list.
14:15:59.506 [main]INFO  utility.ExelUtility - Row 27 processed and added to data list.
14:15:59.507 [main]INFO  utility.ExelUtility - Row 28 processed and added to data list.
14:15:59.507 [main]INFO  utility.ExelUtility - Row 29 processed and added to data list.
14:15:59.507 [main]INFO  utility.ExelUtility - Row 30 processed and added to data list.
14:15:59.507 [main]INFO  utility.ExelUtility - Excel data extraction completed successfully.
14:15:59.507 [main]INFO  stepDefinition.InnerBoxTextEntering - Fetched Email ID: ezra999@yopmail.com
14:15:59.905 [main]INFO  stepDefinition.InnerBoxTextEntering - Entered Email ID in SignIn field
14:15:59.905 [main]INFO  stepDefinition.InnerBoxTextEntering - Fetched Password: ********
14:16:00.078 [main]INFO  stepDefinition.InnerBoxTextEntering - Entered Password in SignIn field
14:16:00.079 [main]INFO  stepDefinition.InnerBoxTextEntering - Clicking the Sign In button
14:16:01.333 [main]INFO  stepDefinition.InnerBoxTextEntering - Sign In button clicked successfully
14:16:01.335 [main]INFO  stepDefinition.InnerBoxTextEntering - Fetching data from Excel sheet for student User: Sign-Up chat_for_StudentUser
14:16:01.335 [main]INFO  utility.ExelUtility - Starting to read Excel data from file: F:\Gyansetu\G_TestCase001/src/test-data/data for sign-up chat.xlsx, sheet: Sign-Up chat_for_StudentUser
14:16:01.447 [main]INFO  utility.ExelUtility - Total rows found (excluding header): 23
14:16:01.459 [main]INFO  utility.ExelUtility - Row 1 processed and added to data list.
14:16:01.485 [main]INFO  utility.ExelUtility - Row 2 processed and added to data list.
14:16:01.488 [main]INFO  utility.ExelUtility - Row 3 processed and added to data list.
14:16:01.491 [main]INFO  utility.ExelUtility - Row 4 processed and added to data list.
14:16:01.493 [main]INFO  utility.ExelUtility - Row 5 processed and added to data list.
14:16:01.496 [main]INFO  utility.ExelUtility - Row 6 processed and added to data list.
14:16:01.508 [main]INFO  utility.ExelUtility - Row 7 processed and added to data list.
14:16:01.509 [main]INFO  utility.ExelUtility - Row 8 processed and added to data list.
14:16:01.512 [main]INFO  utility.ExelUtility - Row 9 processed and added to data list.
14:16:01.513 [main]INFO  utility.ExelUtility - Row 10 processed and added to data list.
14:16:01.514 [main]INFO  utility.ExelUtility - Row 11 processed and added to data list.
14:16:01.520 [main]INFO  utility.ExelUtility - Row 12 processed and added to data list.
14:16:01.532 [main]INFO  utility.ExelUtility - Row 13 processed and added to data list.
14:16:01.542 [main]INFO  utility.ExelUtility - Row 14 processed and added to data list.
14:16:01.547 [main]INFO  utility.ExelUtility - Row 15 processed and added to data list.
14:16:01.552 [main]INFO  utility.ExelUtility - Row 16 processed and added to data list.
14:16:01.554 [main]INFO  utility.ExelUtility - Row 17 processed and added to data list.
14:16:01.561 [main]INFO  utility.ExelUtility - Row 18 processed and added to data list.
14:16:01.570 [main]INFO  utility.ExelUtility - Row 19 processed and added to data list.
14:16:01.582 [main]INFO  utility.ExelUtility - Row 20 processed and added to data list.
14:16:01.607 [main]INFO  utility.ExelUtility - Row 21 processed and added to data list.
14:16:01.669 [main]INFO  utility.ExelUtility - Row 22 processed and added to data list.
14:16:01.672 [main]INFO  utility.ExelUtility - Row 23 processed and added to data list.
14:16:01.673 [main]INFO  utility.ExelUtility - Excel data extraction completed successfully.
14:16:06.749 [main]INFO  stepDefinition.InnerBoxTextEntering - Entering Full Name of student: Ezra N
14:16:06.751 [main]INFO  page.Student_DashBoard_InnerChatBox - Entering full name: Ezra N
14:16:07.440 [main]INFO  page.Student_DashBoard_InnerChatBox - Full name entered with Actions and Enter sent.
14:16:07.440 [main]INFO  stepDefinition.InnerBoxTextEntering - Entering Date of Birth of student: 26-January-2005
14:16:07.440 [main]INFO  utility.DatePicker - Opening date picker....
14:16:07.734 [main]INFO  utility.DatePicker - Switched to year view..
14:16:09.765 [main]INFO  utility.DatePicker - Year 2005 selected..
14:16:10.075 [main]INFO  utility.DatePicker - Clicked previous month
14:16:10.329 [main]INFO  utility.DatePicker - Clicked previous month
14:16:10.749 [main]INFO  utility.DatePicker - Clicked previous month
14:16:11.134 [main]INFO  utility.DatePicker - Clicked previous month
14:16:11.536 [main]INFO  utility.DatePicker - Clicked previous month
14:16:11.842 [main]INFO  utility.DatePicker - Clicked previous month
14:16:12.129 [main]INFO  utility.DatePicker - Clicked previous month
14:16:12.158 [main]INFO  utility.DatePicker - Target month/year visible: JANUARY 2005
14:16:12.745 [main]INFO  utility.DatePicker - Date 26 selected
14:16:12.930 [main]INFO  utility.DatePicker - Click submit button clicked after date selection
14:16:13.936 [main]INFO  stepDefinition.InnerBoxTextEntering - Entering Main Learning Goals: Well
14:16:13.936 [main]INFO  page.Student_DashBoard_InnerChatBox - Entering main learning goal: Well
14:16:14.244 [main]INFO  page.Student_DashBoard_InnerChatBox - Learning goal entered successfully.
14:16:14.244 [main]INFO  stepDefinition.InnerBoxTextEntering - Selecting Gender: Male
14:16:14.246 [main]INFO  page.Student_DashBoard_InnerChatBox - Selecting gender.
14:16:14.674 [main]INFO  page.Student_DashBoard_InnerChatBox - Gender selected successfully.
14:16:15.689 [main]INFO  stepDefinition.InnerBoxTextEntering - Entering Mother's Name: Shari Cll
14:16:15.691 [main]INFO  page.Student_DashBoard_InnerChatBox - Entering mother's name: Shari Cll
14:16:15.918 [main]INFO  page.Student_DashBoard_InnerChatBox - Mother's name entered successfully.
14:16:15.918 [main]INFO  stepDefinition.InnerBoxTextEntering - Entering Father's Name: lJith
14:16:15.918 [main]INFO  page.Student_DashBoard_InnerChatBox - Entering father's name: lJith
14:16:16.069 [main]INFO  page.Student_DashBoard_InnerChatBox - Father's name entered successfully.
14:16:16.069 [main]INFO  stepDefinition.InnerBoxTextEntering - Entering Guardian Name: Himanshu
14:16:16.069 [main]INFO  page.Student_DashBoard_InnerChatBox - Entering guardian's name: Himanshu
14:16:16.278 [main]INFO  page.Student_DashBoard_InnerChatBox - Guardian's name entered successfully.
14:16:17.285 [main]INFO  stepDefinition.InnerBoxTextEntering - Uploading Profile Picture
14:16:17.285 [main]INFO  page.Student_DashBoard_InnerChatBox - Uploading profile picture from path: C:\\Users\\WIIS\\Pictures\\one piece\\1471770.jpg
14:16:17.365 [main]INFO  page.Student_DashBoard_InnerChatBox - Profile picture uploaded successfully.
14:16:17.365 [main]INFO  stepDefinition.InnerBoxTextEntering - Selecting Institute type
14:16:17.365 [main]INFO  page.Student_DashBoard_InnerChatBox - Selecting school type.
14:16:17.823 [main]INFO  page.Student_DashBoard_InnerChatBox - School type selected successfully.
14:16:18.836 [main]INFO  stepDefinition.InnerBoxTextEntering - Selecting School Name: Amity HSS
14:16:19.195 [main]INFO  stepDefinition.InnerBoxTextEntering - Selecting Board
14:16:20.516 [main]INFO  stepDefinition.InnerBoxTextEntering - Selecting Class: Class_10
14:16:20.896 [main]INFO  stepDefinition.InnerBoxTextEntering - Selecting Hobbies: Drawing
14:16:21.411 [main]INFO  stepDefinition.InnerBoxTextEntering - Selecting Known Language: Hindi
14:16:22.332 [main]INFO  stepDefinition.InnerBoxTextEntering - Selecting Language Proficiency
14:16:22.686 [main]INFO  stepDefinition.InnerBoxTextEntering - Selecting Country Code
14:16:24.265 [main]INFO  stepDefinition.InnerBoxTextEntering - Entering WhatsApp Number: 9876655555
14:16:24.446 [main]INFO  stepDefinition.InnerBoxTextEntering - Selecting Subject Name: Malayalam First
14:16:26.859 [main]INFO  stepDefinition.InnerBoxTextEntering - Selecting Teacher..: Sunitha Villiam
14:16:27.181 [main]INFO  stepDefinition.InnerBoxTextEntering - Enter the parent email id..: enjava999@yopmail.com
14:16:27.181 [main]INFO  page.Student_DashBoard_InnerChatBox - Entering Parent Email ID.: enjava999@yopmail.com
14:16:27.487 [main]INFO  page.Student_DashBoard_InnerChatBox - Parent Email id entered successfully..
14:16:27.487 [main]INFO  stepDefinition.InnerBoxTextEntering - Enter the parent phone No..: 8876655011
14:16:27.487 [main]INFO  page.Student_DashBoard_InnerChatBox - Entering Parent Phone No.: 8876655011
14:16:27.703 [main]INFO  page.Student_DashBoard_InnerChatBox - Parent Email id entered successfully.
14:16:27.703 [main]INFO  stepDefinition.InnerBoxTextEntering - Selecting Country: India
14:16:29.387 [main]INFO  stepDefinition.InnerBoxTextEntering - Selecting State: Kerala
14:16:29.893 [main]INFO  stepDefinition.InnerBoxTextEntering - Selecting District: Alappuzha
14:16:30.156 [main]INFO  stepDefinition.InnerBoxTextEntering - Selecting City: Cherthala
14:16:30.341 [main]INFO  stepDefinition.InnerBoxTextEntering - Entering Pin code: 788764
14:16:30.517 [main]INFO  stepDefinition.InnerBoxTextEntering - Entering First Address: All is well
14:16:30.720 [main]INFO  stepDefinition.InnerBoxTextEntering - Entering Second Address: All is well
14:16:30.950 [main]INFO  stepDefinition.InnerBoxTextEntering - Starting sign-up chat verification
14:16:30.992 [main]INFO  page.Student_DashBoard_InnerChatBox - Inner ChatBox is visible on the screen.
14:16:31.233 [main]INFO  stepDefinition.InnerBoxTextEntering - Profile Inner Chat automated successfully.
14:16:32.234 [main]INFO  stepDefinition.InnerBoxTextEntering - Logging out from student dashboard.
14:31:22.961 [main]INFO  factory.BaseClass - browser initialized
14:31:22.973 [main]INFO  factory.BaseClass - get properties file from file directory
14:31:31.431 [main]INFO  stepDefinition.Registration_Validation - Navigating to the registration page
14:31:31.693 [main]INFO  stepDefinition.Registration_Validation - Clicked on Registration button
14:31:31.706 [main]INFO  stepDefinition.Registration_Validation - Fetching data from Excel - Sheet: Sheet1, Row: 0
14:31:31.706 [main]INFO  utility.ExelUtility - Starting to read Excel data from file: F:\Gyansetu\G_TestCase001/src/test-data/data for sign-up chat.xlsx, sheet: Sheet1
14:31:32.849 [main]INFO  utility.ExelUtility - Total rows found (excluding header): 32
14:31:32.905 [main]INFO  utility.ExelUtility - Row 1 processed and added to data list.
14:31:32.905 [main]INFO  utility.ExelUtility - Row 2 processed and added to data list.
14:31:32.906 [main]INFO  utility.ExelUtility - Row 3 processed and added to data list.
14:31:32.906 [main]INFO  utility.ExelUtility - Row 4 processed and added to data list.
14:31:32.907 [main]INFO  utility.ExelUtility - Row 5 processed and added to data list.
14:31:32.909 [main]INFO  utility.ExelUtility - Row 6 processed and added to data list.
14:31:32.913 [main]INFO  utility.ExelUtility - Row 7 processed and added to data list.
14:31:32.914 [main]INFO  utility.ExelUtility - Row 8 processed and added to data list.
14:31:32.915 [main]INFO  utility.ExelUtility - Row 9 processed and added to data list.
14:31:32.915 [main]INFO  utility.ExelUtility - Row 10 processed and added to data list.
14:31:32.916 [main]INFO  utility.ExelUtility - Row 11 processed and added to data list.
14:31:32.916 [main]INFO  utility.ExelUtility - Row 12 processed and added to data list.
14:31:32.916 [main]INFO  utility.ExelUtility - Row 13 processed and added to data list.
14:31:32.916 [main]INFO  utility.ExelUtility - Row 14 processed and added to data list.
14:31:32.916 [main]INFO  utility.ExelUtility - Row 15 processed and added to data list.
14:31:32.917 [main]INFO  utility.ExelUtility - Row 16 processed and added to data list.
14:31:32.917 [main]INFO  utility.ExelUtility - Row 17 processed and added to data list.
14:31:32.918 [main]INFO  utility.ExelUtility - Row 18 processed and added to data list.
14:31:32.918 [main]INFO  utility.ExelUtility - Row 19 processed and added to data list.
14:31:32.918 [main]INFO  utility.ExelUtility - Row 20 processed and added to data list.
14:31:32.918 [main]INFO  utility.ExelUtility - Row 21 processed and added to data list.
14:31:32.919 [main]INFO  utility.ExelUtility - Row 22 processed and added to data list.
14:31:32.919 [main]INFO  utility.ExelUtility - Row 23 processed and added to data list.
14:31:32.919 [main]INFO  utility.ExelUtility - Row 24 processed and added to data list.
14:31:32.920 [main]INFO  utility.ExelUtility - Row 25 processed and added to data list.
14:31:32.920 [main]INFO  utility.ExelUtility - Row 26 processed and added to data list.
14:31:32.920 [main]INFO  utility.ExelUtility - Row 27 processed and added to data list.
14:31:32.920 [main]INFO  utility.ExelUtility - Row 28 processed and added to data list.
14:31:32.921 [main]INFO  utility.ExelUtility - Row 29 processed and added to data list.
14:31:32.921 [main]INFO  utility.ExelUtility - Row 30 processed and added to data list.
14:31:32.921 [main]INFO  utility.ExelUtility - Row 31 processed and added to data list.
14:31:32.921 [main]INFO  utility.ExelUtility - Row 32 processed and added to data list.
14:31:32.921 [main]INFO  utility.ExelUtility - Excel data extraction completed successfully.
14:31:32.922 [main]INFO  stepDefinition.Registration_Validation - Fetched Email ID: yedhu78@yopmail.com
14:31:33.284 [main]INFO  stepDefinition.Registration_Validation - Fetched Phone No: 8886663006
14:31:33.440 [main]INFO  stepDefinition.Registration_Validation - Fetched Password: ********
14:31:33.737 [main]INFO  stepDefinition.Registration_Validation - Checked Terms and Conditions checkbox.....
14:31:33.739 [main]INFO  stepDefinition.Registration_Validation - Clicking SignUp Now button
14:32:03.800 [main]INFO  stepDefinition.Registration_Validation - SignUp process initiated, waiting for 20 seconds for enter the OTP
14:32:04.832 [main]INFO  stepDefinition.Registration_Validation - Logging out from student dashboard.
14:32:07.730 [main]INFO  factory.BaseClass - browser initialized
14:32:07.731 [main]INFO  factory.BaseClass - get properties file from file directory
14:32:14.690 [main]INFO  stepDefinition.Registration_Validation - Navigating to the registration page
14:32:14.843 [main]INFO  stepDefinition.Registration_Validation - Clicked on Registration button
14:32:14.846 [main]INFO  stepDefinition.Registration_Validation - Fetching data from Excel - Sheet: Sheet1, Row: 1
14:32:14.846 [main]INFO  utility.ExelUtility - Starting to read Excel data from file: F:\Gyansetu\G_TestCase001/src/test-data/data for sign-up chat.xlsx, sheet: Sheet1
14:32:15.043 [main]INFO  utility.ExelUtility - Total rows found (excluding header): 32
14:32:15.045 [main]INFO  utility.ExelUtility - Row 1 processed and added to data list.
14:32:15.046 [main]INFO  utility.ExelUtility - Row 2 processed and added to data list.
14:32:15.046 [main]INFO  utility.ExelUtility - Row 3 processed and added to data list.
14:32:15.047 [main]INFO  utility.ExelUtility - Row 4 processed and added to data list.
14:32:15.047 [main]INFO  utility.ExelUtility - Row 5 processed and added to data list.
14:32:15.048 [main]INFO  utility.ExelUtility - Row 6 processed and added to data list.
14:32:15.049 [main]INFO  utility.ExelUtility - Row 7 processed and added to data list.
14:32:15.050 [main]INFO  utility.ExelUtility - Row 8 processed and added to data list.
14:32:15.051 [main]INFO  utility.ExelUtility - Row 9 processed and added to data list.
14:32:15.051 [main]INFO  utility.ExelUtility - Row 10 processed and added to data list.
14:32:15.051 [main]INFO  utility.ExelUtility - Row 11 processed and added to data list.
14:32:15.051 [main]INFO  utility.ExelUtility - Row 12 processed and added to data list.
14:32:15.052 [main]INFO  utility.ExelUtility - Row 13 processed and added to data list.
14:32:15.052 [main]INFO  utility.ExelUtility - Row 14 processed and added to data list.
14:32:15.052 [main]INFO  utility.ExelUtility - Row 15 processed and added to data list.
14:32:15.052 [main]INFO  utility.ExelUtility - Row 16 processed and added to data list.
14:32:15.053 [main]INFO  utility.ExelUtility - Row 17 processed and added to data list.
14:32:15.053 [main]INFO  utility.ExelUtility - Row 18 processed and added to data list.
14:32:15.053 [main]INFO  utility.ExelUtility - Row 19 processed and added to data list.
14:32:15.053 [main]INFO  utility.ExelUtility - Row 20 processed and added to data list.
14:32:15.054 [main]INFO  utility.ExelUtility - Row 21 processed and added to data list.
14:32:15.054 [main]INFO  utility.ExelUtility - Row 22 processed and added to data list.
14:32:15.054 [main]INFO  utility.ExelUtility - Row 23 processed and added to data list.
14:32:15.054 [main]INFO  utility.ExelUtility - Row 24 processed and added to data list.
14:32:15.055 [main]INFO  utility.ExelUtility - Row 25 processed and added to data list.
14:32:15.055 [main]INFO  utility.ExelUtility - Row 26 processed and added to data list.
14:32:15.055 [main]INFO  utility.ExelUtility - Row 27 processed and added to data list.
14:32:15.055 [main]INFO  utility.ExelUtility - Row 28 processed and added to data list.
14:32:15.055 [main]INFO  utility.ExelUtility - Row 29 processed and added to data list.
14:32:15.056 [main]INFO  utility.ExelUtility - Row 30 processed and added to data list.
14:32:15.056 [main]INFO  utility.ExelUtility - Row 31 processed and added to data list.
14:32:15.056 [main]INFO  utility.ExelUtility - Row 32 processed and added to data list.
14:32:15.056 [main]INFO  utility.ExelUtility - Excel data extraction completed successfully.
14:32:15.057 [main]INFO  stepDefinition.Registration_Validation - Fetched Email ID: tiju78@yopmail.com
14:32:15.290 [main]INFO  stepDefinition.Registration_Validation - Fetched Phone No: 8886663005
14:32:15.490 [main]INFO  stepDefinition.Registration_Validation - Fetched Password: ********
14:32:15.754 [main]INFO  stepDefinition.Registration_Validation - Checked Terms and Conditions checkbox.....
14:32:15.756 [main]INFO  stepDefinition.Registration_Validation - Clicking SignUp Now button
14:32:45.808 [main]INFO  stepDefinition.Registration_Validation - SignUp process initiated, waiting for 20 seconds for enter the OTP
14:32:46.817 [main]INFO  stepDefinition.Registration_Validation - Logging out from student dashboard.
14:32:48.903 [main]INFO  factory.BaseClass - browser initialized
14:32:48.905 [main]INFO  factory.BaseClass - get properties file from file directory
14:32:58.378 [main]INFO  stepDefinition.InnerBoxTextEntering - Initializing LoginPage and HomePage
14:32:58.382 [main]INFO  stepDefinition.InnerBoxTextEntering - Navigating to SignIn via HomePage
14:32:58.541 [main]INFO  stepDefinition.InnerBoxTextEntering - SignIn page loaded
14:32:58.542 [main]INFO  stepDefinition.InnerBoxTextEntering - Fetching SignIn credentials from Excel: Sheet = Sheet1, Row = 0
14:32:58.543 [main]INFO  utility.ExelUtility - Starting to read Excel data from file: F:\Gyansetu\G_TestCase001/src/test-data/data for sign-up chat.xlsx, sheet: Sheet1
14:32:58.701 [main]INFO  utility.ExelUtility - Total rows found (excluding header): 32
14:32:58.703 [main]INFO  utility.ExelUtility - Row 1 processed and added to data list.
14:32:58.703 [main]INFO  utility.ExelUtility - Row 2 processed and added to data list.
14:32:58.703 [main]INFO  utility.ExelUtility - Row 3 processed and added to data list.
14:32:58.705 [main]INFO  utility.ExelUtility - Row 4 processed and added to data list.
14:32:58.705 [main]INFO  utility.ExelUtility - Row 5 processed and added to data list.
14:32:58.706 [main]INFO  utility.ExelUtility - Row 6 processed and added to data list.
14:32:58.707 [main]INFO  utility.ExelUtility - Row 7 processed and added to data list.
14:32:58.707 [main]INFO  utility.ExelUtility - Row 8 processed and added to data list.
14:32:58.707 [main]INFO  utility.ExelUtility - Row 9 processed and added to data list.
14:32:58.707 [main]INFO  utility.ExelUtility - Row 10 processed and added to data list.
14:32:58.708 [main]INFO  utility.ExelUtility - Row 11 processed and added to data list.
14:32:58.708 [main]INFO  utility.ExelUtility - Row 12 processed and added to data list.
14:32:58.708 [main]INFO  utility.ExelUtility - Row 13 processed and added to data list.
14:32:58.708 [main]INFO  utility.ExelUtility - Row 14 processed and added to data list.
14:32:58.708 [main]INFO  utility.ExelUtility - Row 15 processed and added to data list.
14:32:58.708 [main]INFO  utility.ExelUtility - Row 16 processed and added to data list.
14:32:58.708 [main]INFO  utility.ExelUtility - Row 17 processed and added to data list.
14:32:58.708 [main]INFO  utility.ExelUtility - Row 18 processed and added to data list.
14:32:58.710 [main]INFO  utility.ExelUtility - Row 19 processed and added to data list.
14:32:58.710 [main]INFO  utility.ExelUtility - Row 20 processed and added to data list.
14:32:58.710 [main]INFO  utility.ExelUtility - Row 21 processed and added to data list.
14:32:58.710 [main]INFO  utility.ExelUtility - Row 22 processed and added to data list.
14:32:58.711 [main]INFO  utility.ExelUtility - Row 23 processed and added to data list.
14:32:58.711 [main]INFO  utility.ExelUtility - Row 24 processed and added to data list.
14:32:58.711 [main]INFO  utility.ExelUtility - Row 25 processed and added to data list.
14:32:58.711 [main]INFO  utility.ExelUtility - Row 26 processed and added to data list.
14:32:58.711 [main]INFO  utility.ExelUtility - Row 27 processed and added to data list.
14:32:58.712 [main]INFO  utility.ExelUtility - Row 28 processed and added to data list.
14:32:58.712 [main]INFO  utility.ExelUtility - Row 29 processed and added to data list.
14:32:58.712 [main]INFO  utility.ExelUtility - Row 30 processed and added to data list.
14:32:58.712 [main]INFO  utility.ExelUtility - Row 31 processed and added to data list.
14:32:58.712 [main]INFO  utility.ExelUtility - Row 32 processed and added to data list.
14:32:58.713 [main]INFO  utility.ExelUtility - Excel data extraction completed successfully.
14:32:58.713 [main]INFO  stepDefinition.InnerBoxTextEntering - Fetched Email ID: yedhu78@yopmail.com
14:32:59.058 [main]INFO  stepDefinition.InnerBoxTextEntering - Entered Email ID in SignIn field
14:32:59.059 [main]INFO  stepDefinition.InnerBoxTextEntering - Fetched Password: ********
14:32:59.213 [main]INFO  stepDefinition.InnerBoxTextEntering - Entered Password in SignIn field
14:32:59.215 [main]INFO  stepDefinition.InnerBoxTextEntering - Clicking the Sign In button
14:33:00.191 [main]INFO  stepDefinition.InnerBoxTextEntering - Sign In button clicked successfully
14:33:00.191 [main]INFO  stepDefinition.InnerBoxTextEntering - Fetching data from Excel sheet for student User: Sign-Up chat_for_StudentUser
14:33:00.191 [main]INFO  utility.ExelUtility - Starting to read Excel data from file: F:\Gyansetu\G_TestCase001/src/test-data/data for sign-up chat.xlsx, sheet: Sign-Up chat_for_StudentUser
14:33:00.294 [main]INFO  utility.ExelUtility - Total rows found (excluding header): 25
14:33:00.297 [main]INFO  utility.ExelUtility - Row 1 processed and added to data list.
14:33:00.304 [main]INFO  utility.ExelUtility - Row 2 processed and added to data list.
14:33:00.311 [main]INFO  utility.ExelUtility - Row 3 processed and added to data list.
14:33:00.313 [main]INFO  utility.ExelUtility - Row 4 processed and added to data list.
14:33:00.313 [main]INFO  utility.ExelUtility - Row 5 processed and added to data list.
14:33:00.313 [main]INFO  utility.ExelUtility - Row 6 processed and added to data list.
14:33:00.321 [main]INFO  utility.ExelUtility - Row 7 processed and added to data list.
14:33:00.323 [main]INFO  utility.ExelUtility - Row 8 processed and added to data list.
14:33:00.323 [main]INFO  utility.ExelUtility - Row 9 processed and added to data list.
14:33:00.325 [main]INFO  utility.ExelUtility - Row 10 processed and added to data list.
14:33:00.327 [main]INFO  utility.ExelUtility - Row 11 processed and added to data list.
14:33:00.329 [main]INFO  utility.ExelUtility - Row 12 processed and added to data list.
14:33:00.331 [main]INFO  utility.ExelUtility - Row 13 processed and added to data list.
14:33:00.333 [main]INFO  utility.ExelUtility - Row 14 processed and added to data list.
14:33:00.333 [main]INFO  utility.ExelUtility - Row 15 processed and added to data list.
14:33:00.339 [main]INFO  utility.ExelUtility - Row 16 processed and added to data list.
14:33:00.341 [main]INFO  utility.ExelUtility - Row 17 processed and added to data list.
14:33:00.345 [main]INFO  utility.ExelUtility - Row 18 processed and added to data list.
14:33:00.345 [main]INFO  utility.ExelUtility - Row 19 processed and added to data list.
14:33:00.348 [main]INFO  utility.ExelUtility - Row 20 processed and added to data list.
14:33:00.353 [main]INFO  utility.ExelUtility - Row 21 processed and added to data list.
14:33:00.355 [main]INFO  utility.ExelUtility - Row 22 processed and added to data list.
14:33:00.355 [main]INFO  utility.ExelUtility - Row 23 processed and added to data list.
14:33:00.355 [main]INFO  utility.ExelUtility - Row 24 processed and added to data list.
14:33:00.355 [main]INFO  utility.ExelUtility - Row 25 processed and added to data list.
14:33:00.355 [main]INFO  utility.ExelUtility - Excel data extraction completed successfully.
14:33:05.446 [main]INFO  stepDefinition.InnerBoxTextEntering - Entering Full Name of student: Yedhu N
14:33:05.462 [main]INFO  page.Student_DashBoard_InnerChatBox - Entering full name: Yedhu N
14:33:06.732 [main]INFO  page.Student_DashBoard_InnerChatBox - Full name entered with Actions and Enter sent.
14:33:06.733 [main]INFO  stepDefinition.InnerBoxTextEntering - Entering Date of Birth of student: 26-January-2005
14:33:06.735 [main]INFO  utility.DatePicker - Opening date picker....
14:33:06.922 [main]INFO  utility.DatePicker - Switched to year view..
14:33:08.251 [main]INFO  utility.DatePicker - Year 2005 selected..
14:33:08.427 [main]INFO  utility.DatePicker - Clicked previous month
14:33:08.652 [main]INFO  utility.DatePicker - Clicked previous month
14:33:08.890 [main]INFO  utility.DatePicker - Clicked previous month
14:33:09.088 [main]INFO  utility.DatePicker - Clicked previous month
14:33:09.254 [main]INFO  utility.DatePicker - Clicked previous month
14:33:09.423 [main]INFO  utility.DatePicker - Clicked previous month
14:33:09.616 [main]INFO  utility.DatePicker - Clicked previous month
14:33:09.665 [main]INFO  utility.DatePicker - Target month/year visible: JANUARY 2005
14:33:10.168 [main]INFO  utility.DatePicker - Date 26 selected
14:33:10.325 [main]INFO  utility.DatePicker - Click submit button clicked after date selection
14:33:11.338 [main]INFO  stepDefinition.InnerBoxTextEntering - Entering Main Learning Goals: Well
14:33:11.338 [main]INFO  page.Student_DashBoard_InnerChatBox - Entering main learning goal: Well
14:33:11.559 [main]INFO  page.Student_DashBoard_InnerChatBox - Learning goal entered successfully.
14:33:11.559 [main]INFO  stepDefinition.InnerBoxTextEntering - Selecting Gender: Male
14:33:11.559 [main]INFO  page.Student_DashBoard_InnerChatBox - Selecting gender.
14:33:11.905 [main]INFO  page.Student_DashBoard_InnerChatBox - Gender selected successfully.
14:33:12.923 [main]INFO  stepDefinition.InnerBoxTextEntering - Entering Mother's Name: Shari Cll
14:33:12.923 [main]INFO  page.Student_DashBoard_InnerChatBox - Entering mother's name: Shari Cll
14:33:13.124 [main]INFO  page.Student_DashBoard_InnerChatBox - Mother's name entered successfully.
14:33:13.124 [main]INFO  stepDefinition.InnerBoxTextEntering - Entering Father's Name: lJith
14:33:13.124 [main]INFO  page.Student_DashBoard_InnerChatBox - Entering father's name: lJith
14:33:13.298 [main]INFO  page.Student_DashBoard_InnerChatBox - Father's name entered successfully.
14:33:13.301 [main]INFO  stepDefinition.InnerBoxTextEntering - Entering Guardian Name: Himanshu
14:33:13.301 [main]INFO  page.Student_DashBoard_InnerChatBox - Entering guardian's name: Himanshu
14:33:13.418 [main]INFO  page.Student_DashBoard_InnerChatBox - Guardian's name entered successfully.
14:33:14.436 [main]INFO  stepDefinition.InnerBoxTextEntering - Uploading Profile Picture
14:33:14.436 [main]INFO  page.Student_DashBoard_InnerChatBox - Uploading profile picture from path: C:\\Users\\WIIS\\Pictures\\one piece\\1471770.jpg
14:33:14.570 [main]INFO  page.Student_DashBoard_InnerChatBox - Profile picture uploaded successfully.
14:33:14.570 [main]INFO  stepDefinition.InnerBoxTextEntering - Selecting Institute type
14:33:14.570 [main]INFO  page.Student_DashBoard_InnerChatBox - Selecting school type.
14:33:14.853 [main]INFO  page.Student_DashBoard_InnerChatBox - School type selected successfully.
14:33:15.857 [main]INFO  stepDefinition.InnerBoxTextEntering - Selecting School Name: Amity HSS
14:33:16.195 [main]INFO  stepDefinition.InnerBoxTextEntering - Selecting Board
14:33:17.479 [main]INFO  stepDefinition.InnerBoxTextEntering - Selecting Class: Class_10
14:33:17.973 [main]INFO  stepDefinition.InnerBoxTextEntering - Selecting Hobbies: Drawing
14:33:18.401 [main]INFO  stepDefinition.InnerBoxTextEntering - Selecting Known Language: Hindi
14:33:19.254 [main]INFO  stepDefinition.InnerBoxTextEntering - Selecting Language Proficiency
14:33:19.552 [main]INFO  stepDefinition.InnerBoxTextEntering - Selecting Country Code
14:33:21.042 [main]INFO  stepDefinition.InnerBoxTextEntering - Entering WhatsApp Number: 9876655555
14:33:21.267 [main]INFO  stepDefinition.InnerBoxTextEntering - Selecting Subject Name: Malayalam First
14:33:23.797 [main]INFO  stepDefinition.InnerBoxTextEntering - Selecting Teacher..: Sunitha Villiam
14:33:24.089 [main]INFO  stepDefinition.InnerBoxTextEntering - Enter the parent email id..: enjava999@yopmail.com
14:33:24.089 [main]INFO  page.Student_DashBoard_InnerChatBox - Entering Parent Email ID.: enjava999@yopmail.com
14:33:24.349 [main]INFO  page.Student_DashBoard_InnerChatBox - Parent Email id entered successfully..
14:33:24.349 [main]INFO  stepDefinition.InnerBoxTextEntering - Enter the parent phone No..: 8876655012
14:33:24.349 [main]INFO  page.Student_DashBoard_InnerChatBox - Entering Parent Phone No.: 8876655012
14:33:24.531 [main]INFO  page.Student_DashBoard_InnerChatBox - Parent Email id entered successfully.
14:33:24.531 [main]INFO  stepDefinition.InnerBoxTextEntering - Selecting Country: India
14:33:25.871 [main]INFO  stepDefinition.InnerBoxTextEntering - Selecting State: Kerala
14:33:26.329 [main]INFO  stepDefinition.InnerBoxTextEntering - Selecting District: Alappuzha
14:33:26.527 [main]INFO  stepDefinition.InnerBoxTextEntering - Selecting City: Cherthala
14:33:26.697 [main]INFO  stepDefinition.InnerBoxTextEntering - Entering Pin code: 788764
14:33:26.885 [main]INFO  stepDefinition.InnerBoxTextEntering - Entering First Address: All is well
14:33:27.026 [main]INFO  stepDefinition.InnerBoxTextEntering - Entering Second Address: All is well
14:33:27.182 [main]INFO  stepDefinition.InnerBoxTextEntering - Starting sign-up chat verification
14:33:27.218 [main]INFO  page.Student_DashBoard_InnerChatBox - Inner ChatBox is visible on the screen.
14:33:27.426 [main]INFO  stepDefinition.InnerBoxTextEntering - Profile Inner Chat automated successfully.
14:33:28.438 [main]INFO  stepDefinition.InnerBoxTextEntering - Logging out from student dashboard.
14:33:31.562 [main]INFO  factory.BaseClass - browser initialized
14:33:31.562 [main]INFO  factory.BaseClass - get properties file from file directory
14:33:41.716 [main]INFO  stepDefinition.InnerBoxTextEntering - Initializing LoginPage and HomePage
14:33:41.716 [main]INFO  stepDefinition.InnerBoxTextEntering - Navigating to SignIn via HomePage
14:33:41.930 [main]INFO  stepDefinition.InnerBoxTextEntering - SignIn page loaded
14:33:41.932 [main]INFO  stepDefinition.InnerBoxTextEntering - Fetching SignIn credentials from Excel: Sheet = Sheet1, Row = 1
14:33:41.932 [main]INFO  utility.ExelUtility - Starting to read Excel data from file: F:\Gyansetu\G_TestCase001/src/test-data/data for sign-up chat.xlsx, sheet: Sheet1
14:33:42.101 [main]INFO  utility.ExelUtility - Total rows found (excluding header): 32
14:33:42.103 [main]INFO  utility.ExelUtility - Row 1 processed and added to data list.
14:33:42.103 [main]INFO  utility.ExelUtility - Row 2 processed and added to data list.
14:33:42.103 [main]INFO  utility.ExelUtility - Row 3 processed and added to data list.
14:33:42.103 [main]INFO  utility.ExelUtility - Row 4 processed and added to data list.
14:33:42.103 [main]INFO  utility.ExelUtility - Row 5 processed and added to data list.
14:33:42.105 [main]INFO  utility.ExelUtility - Row 6 processed and added to data list.
14:33:42.106 [main]INFO  utility.ExelUtility - Row 7 processed and added to data list.
14:33:42.106 [main]INFO  utility.ExelUtility - Row 8 processed and added to data list.
14:33:42.106 [main]INFO  utility.ExelUtility - Row 9 processed and added to data list.
14:33:42.106 [main]INFO  utility.ExelUtility - Row 10 processed and added to data list.
14:33:42.106 [main]INFO  utility.ExelUtility - Row 11 processed and added to data list.
14:33:42.106 [main]INFO  utility.ExelUtility - Row 12 processed and added to data list.
14:33:42.106 [main]INFO  utility.ExelUtility - Row 13 processed and added to data list.
14:33:42.108 [main]INFO  utility.ExelUtility - Row 14 processed and added to data list.
14:33:42.109 [main]INFO  utility.ExelUtility - Row 15 processed and added to data list.
14:33:42.112 [main]INFO  utility.ExelUtility - Row 16 processed and added to data list.
14:33:42.114 [main]INFO  utility.ExelUtility - Row 17 processed and added to data list.
14:33:42.114 [main]INFO  utility.ExelUtility - Row 18 processed and added to data list.
14:33:42.114 [main]INFO  utility.ExelUtility - Row 19 processed and added to data list.
14:33:42.114 [main]INFO  utility.ExelUtility - Row 20 processed and added to data list.
14:33:42.114 [main]INFO  utility.ExelUtility - Row 21 processed and added to data list.
14:33:42.114 [main]INFO  utility.ExelUtility - Row 22 processed and added to data list.
14:33:42.114 [main]INFO  utility.ExelUtility - Row 23 processed and added to data list.
14:33:42.114 [main]INFO  utility.ExelUtility - Row 24 processed and added to data list.
14:33:42.114 [main]INFO  utility.ExelUtility - Row 25 processed and added to data list.
14:33:42.114 [main]INFO  utility.ExelUtility - Row 26 processed and added to data list.
14:33:42.114 [main]INFO  utility.ExelUtility - Row 27 processed and added to data list.
14:33:42.116 [main]INFO  utility.ExelUtility - Row 28 processed and added to data list.
14:33:42.118 [main]INFO  utility.ExelUtility - Row 29 processed and added to data list.
14:33:42.120 [main]INFO  utility.ExelUtility - Row 30 processed and added to data list.
14:33:42.120 [main]INFO  utility.ExelUtility - Row 31 processed and added to data list.
14:33:42.122 [main]INFO  utility.ExelUtility - Row 32 processed and added to data list.
14:33:42.122 [main]INFO  utility.ExelUtility - Excel data extraction completed successfully.
14:33:42.122 [main]INFO  stepDefinition.InnerBoxTextEntering - Fetched Email ID: tiju78@yopmail.com
14:33:42.556 [main]INFO  stepDefinition.InnerBoxTextEntering - Entered Email ID in SignIn field
14:33:42.556 [main]INFO  stepDefinition.InnerBoxTextEntering - Fetched Password: ********
14:33:42.830 [main]INFO  stepDefinition.InnerBoxTextEntering - Entered Password in SignIn field
14:33:42.831 [main]INFO  stepDefinition.InnerBoxTextEntering - Clicking the Sign In button
14:33:44.166 [main]INFO  stepDefinition.InnerBoxTextEntering - Sign In button clicked successfully
14:33:44.166 [main]INFO  stepDefinition.InnerBoxTextEntering - Fetching data from Excel sheet for student User: Sign-Up chat_for_StudentUser
14:33:44.166 [main]INFO  utility.ExelUtility - Starting to read Excel data from file: F:\Gyansetu\G_TestCase001/src/test-data/data for sign-up chat.xlsx, sheet: Sign-Up chat_for_StudentUser
14:33:44.285 [main]INFO  utility.ExelUtility - Total rows found (excluding header): 25
14:33:44.288 [main]INFO  utility.ExelUtility - Row 1 processed and added to data list.
14:33:44.290 [main]INFO  utility.ExelUtility - Row 2 processed and added to data list.
14:33:44.291 [main]INFO  utility.ExelUtility - Row 3 processed and added to data list.
14:33:44.294 [main]INFO  utility.ExelUtility - Row 4 processed and added to data list.
14:33:44.296 [main]INFO  utility.ExelUtility - Row 5 processed and added to data list.
14:33:44.300 [main]INFO  utility.ExelUtility - Row 6 processed and added to data list.
14:33:44.301 [main]INFO  utility.ExelUtility - Row 7 processed and added to data list.
14:33:44.304 [main]INFO  utility.ExelUtility - Row 8 processed and added to data list.
14:33:44.306 [main]INFO  utility.ExelUtility - Row 9 processed and added to data list.
14:33:44.308 [main]INFO  utility.ExelUtility - Row 10 processed and added to data list.
14:33:44.308 [main]INFO  utility.ExelUtility - Row 11 processed and added to data list.
14:33:44.314 [main]INFO  utility.ExelUtility - Row 12 processed and added to data list.
14:33:44.314 [main]INFO  utility.ExelUtility - Row 13 processed and added to data list.
14:33:44.316 [main]INFO  utility.ExelUtility - Row 14 processed and added to data list.
14:33:44.322 [main]INFO  utility.ExelUtility - Row 15 processed and added to data list.
14:33:44.323 [main]INFO  utility.ExelUtility - Row 16 processed and added to data list.
14:33:44.325 [main]INFO  utility.ExelUtility - Row 17 processed and added to data list.
14:33:44.327 [main]INFO  utility.ExelUtility - Row 18 processed and added to data list.
14:33:44.329 [main]INFO  utility.ExelUtility - Row 19 processed and added to data list.
14:33:44.331 [main]INFO  utility.ExelUtility - Row 20 processed and added to data list.
14:33:44.331 [main]INFO  utility.ExelUtility - Row 21 processed and added to data list.
14:33:44.333 [main]INFO  utility.ExelUtility - Row 22 processed and added to data list.
14:33:44.337 [main]INFO  utility.ExelUtility - Row 23 processed and added to data list.
14:33:44.339 [main]INFO  utility.ExelUtility - Row 24 processed and added to data list.
14:33:44.339 [main]INFO  utility.ExelUtility - Row 25 processed and added to data list.
14:33:44.339 [main]INFO  utility.ExelUtility - Excel data extraction completed successfully.
14:33:49.632 [main]INFO  stepDefinition.InnerBoxTextEntering - Entering Full Name of student: Tiju N
14:33:49.633 [main]INFO  page.Student_DashBoard_InnerChatBox - Entering full name: Tiju N
14:33:50.252 [main]INFO  page.Student_DashBoard_InnerChatBox - Full name entered with Actions and Enter sent.
14:33:50.252 [main]INFO  stepDefinition.InnerBoxTextEntering - Entering Date of Birth of student: 26-January-2005
14:33:50.253 [main]INFO  utility.DatePicker - Opening date picker....
14:33:50.496 [main]INFO  utility.DatePicker - Switched to year view..
14:33:51.755 [main]INFO  utility.DatePicker - Year 2005 selected..
14:33:51.961 [main]INFO  utility.DatePicker - Clicked previous month
14:33:52.159 [main]INFO  utility.DatePicker - Clicked previous month
14:33:52.332 [main]INFO  utility.DatePicker - Clicked previous month
14:33:52.544 [main]INFO  utility.DatePicker - Clicked previous month
14:33:52.778 [main]INFO  utility.DatePicker - Clicked previous month
14:33:52.973 [main]INFO  utility.DatePicker - Clicked previous month
14:33:53.177 [main]INFO  utility.DatePicker - Clicked previous month
14:33:53.218 [main]INFO  utility.DatePicker - Target month/year visible: JANUARY 2005
14:33:53.738 [main]INFO  utility.DatePicker - Date 26 selected
14:33:53.910 [main]INFO  utility.DatePicker - Click submit button clicked after date selection
14:33:54.916 [main]INFO  stepDefinition.InnerBoxTextEntering - Entering Main Learning Goals: Well
14:33:54.916 [main]INFO  page.Student_DashBoard_InnerChatBox - Entering main learning goal: Well
14:33:55.084 [main]INFO  page.Student_DashBoard_InnerChatBox - Learning goal entered successfully.
14:33:55.085 [main]INFO  stepDefinition.InnerBoxTextEntering - Selecting Gender: Male
14:33:55.085 [main]INFO  page.Student_DashBoard_InnerChatBox - Selecting gender.
14:33:55.376 [main]INFO  page.Student_DashBoard_InnerChatBox - Gender selected successfully.
14:33:56.388 [main]INFO  stepDefinition.InnerBoxTextEntering - Entering Mother's Name: Shari Cll
14:33:56.388 [main]INFO  page.Student_DashBoard_InnerChatBox - Entering mother's name: Shari Cll
14:33:56.560 [main]INFO  page.Student_DashBoard_InnerChatBox - Mother's name entered successfully.
14:33:56.560 [main]INFO  stepDefinition.InnerBoxTextEntering - Entering Father's Name: lJith
14:33:56.560 [main]INFO  page.Student_DashBoard_InnerChatBox - Entering father's name: lJith
14:33:56.730 [main]INFO  page.Student_DashBoard_InnerChatBox - Father's name entered successfully.
14:33:56.730 [main]INFO  stepDefinition.InnerBoxTextEntering - Entering Guardian Name: Himanshu
14:33:56.730 [main]INFO  page.Student_DashBoard_InnerChatBox - Entering guardian's name: Himanshu
14:33:56.880 [main]INFO  page.Student_DashBoard_InnerChatBox - Guardian's name entered successfully.
14:33:57.882 [main]INFO  stepDefinition.InnerBoxTextEntering - Uploading Profile Picture
14:33:57.882 [main]INFO  page.Student_DashBoard_InnerChatBox - Uploading profile picture from path: C:\\Users\\WIIS\\Pictures\\one piece\\1471770.jpg
14:33:57.939 [main]INFO  page.Student_DashBoard_InnerChatBox - Profile picture uploaded successfully.
14:33:57.939 [main]INFO  stepDefinition.InnerBoxTextEntering - Selecting Institute type
14:33:57.939 [main]INFO  page.Student_DashBoard_InnerChatBox - Selecting school type.
14:33:58.230 [main]INFO  page.Student_DashBoard_InnerChatBox - School type selected successfully.
14:33:59.243 [main]INFO  stepDefinition.InnerBoxTextEntering - Selecting School Name: Amity HSS
14:33:59.583 [main]INFO  stepDefinition.InnerBoxTextEntering - Selecting Board
14:34:00.967 [main]INFO  stepDefinition.InnerBoxTextEntering - Selecting Class: Class_10
14:34:01.441 [main]INFO  stepDefinition.InnerBoxTextEntering - Selecting Hobbies: Drawing
14:34:02.186 [main]INFO  stepDefinition.InnerBoxTextEntering - Selecting Known Language: Hindi
14:34:03.203 [main]INFO  stepDefinition.InnerBoxTextEntering - Selecting Language Proficiency
14:34:03.555 [main]INFO  stepDefinition.InnerBoxTextEntering - Selecting Country Code
14:34:04.989 [main]INFO  stepDefinition.InnerBoxTextEntering - Entering WhatsApp Number: 9876655555
14:34:05.171 [main]INFO  stepDefinition.InnerBoxTextEntering - Selecting Subject Name: Malayalam First
14:34:07.726 [main]INFO  stepDefinition.InnerBoxTextEntering - Selecting Teacher..: Sunitha Villiam
14:34:08.009 [main]INFO  stepDefinition.InnerBoxTextEntering - Enter the parent email id..: enjava999@yopmail.com
14:34:08.009 [main]INFO  page.Student_DashBoard_InnerChatBox - Entering Parent Email ID.: enjava999@yopmail.com
14:34:08.226 [main]INFO  page.Student_DashBoard_InnerChatBox - Parent Email id entered successfully..
14:34:08.226 [main]INFO  stepDefinition.InnerBoxTextEntering - Enter the parent phone No..: 8876655012
14:34:08.226 [main]INFO  page.Student_DashBoard_InnerChatBox - Entering Parent Phone No.: 8876655012
14:34:08.420 [main]INFO  page.Student_DashBoard_InnerChatBox - Parent Email id entered successfully.
14:34:08.420 [main]INFO  stepDefinition.InnerBoxTextEntering - Selecting Country: India
14:34:10.377 [main]INFO  stepDefinition.InnerBoxTextEntering - Selecting State: Kerala
14:34:10.951 [main]INFO  stepDefinition.InnerBoxTextEntering - Selecting District: Alappuzha
14:34:11.222 [main]INFO  stepDefinition.InnerBoxTextEntering - Selecting City: Cherthala
14:34:11.423 [main]INFO  stepDefinition.InnerBoxTextEntering - Entering Pin code: 788764
14:34:11.653 [main]INFO  stepDefinition.InnerBoxTextEntering - Entering First Address: All is well
14:34:11.879 [main]INFO  stepDefinition.InnerBoxTextEntering - Entering Second Address: All is well
14:34:12.107 [main]INFO  stepDefinition.InnerBoxTextEntering - Starting sign-up chat verification
14:34:12.185 [main]INFO  page.Student_DashBoard_InnerChatBox - Inner ChatBox is visible on the screen.
14:34:12.368 [main]INFO  stepDefinition.InnerBoxTextEntering - Profile Inner Chat automated successfully.
14:34:13.382 [main]INFO  stepDefinition.InnerBoxTextEntering - Logging out from student dashboard.
18:08:39.053 [main]INFO  factory.BaseClass - browser initialized
18:08:39.057 [main]INFO  factory.BaseClass - get properties file from file directory
18:08:47.535 [main]INFO  stepDefinition.Registration_Validation - Navigating to the registration page
18:08:59.634 [main]INFO  factory.BaseClass - browser initialized
18:08:59.639 [main]INFO  factory.BaseClass - get properties file from file directory
18:09:08.476 [main]INFO  stepDefinition.InnerBoxTextEntering - Initializing LoginPage and HomePage
18:09:08.486 [main]INFO  stepDefinition.InnerBoxTextEntering - Navigating to SignIn via HomePage
18:09:08.717 [main]INFO  stepDefinition.InnerBoxTextEntering - SignIn page loaded
18:09:08.747 [main]INFO  stepDefinition.InnerBoxTextEntering - Fetching SignIn credentials from Excel: Sheet = CollegeUser_Registration, Row = 0
18:09:08.748 [main]INFO  utility.ExelUtility - Starting to read Excel data from file: F:\Gyansetu\G_TestCase001/src/test-data/data for sign-up chat.xlsx, sheet: CollegeUser_Registration
18:09:09.879 [main]INFO  utility.ExelUtility - Total rows found (excluding header): 22
18:09:09.910 [main]INFO  utility.ExelUtility - Row 1 processed and added to data list.
18:09:09.911 [main]INFO  utility.ExelUtility - Row 2 processed and added to data list.
18:09:09.911 [main]INFO  utility.ExelUtility - Row 3 processed and added to data list.
18:09:09.911 [main]INFO  utility.ExelUtility - Row 4 processed and added to data list.
18:09:09.911 [main]INFO  utility.ExelUtility - Row 5 processed and added to data list.
18:09:09.912 [main]INFO  utility.ExelUtility - Row 6 processed and added to data list.
18:09:09.912 [main]INFO  utility.ExelUtility - Row 7 processed and added to data list.
18:09:09.912 [main]INFO  utility.ExelUtility - Row 8 processed and added to data list.
18:09:09.913 [main]INFO  utility.ExelUtility - Row 9 processed and added to data list.
18:09:09.913 [main]INFO  utility.ExelUtility - Row 10 processed and added to data list.
18:09:09.914 [main]INFO  utility.ExelUtility - Row 11 processed and added to data list.
18:09:09.914 [main]INFO  utility.ExelUtility - Row 12 processed and added to data list.
18:09:09.914 [main]INFO  utility.ExelUtility - Row 13 processed and added to data list.
18:09:09.915 [main]INFO  utility.ExelUtility - Row 14 processed and added to data list.
18:09:09.915 [main]INFO  utility.ExelUtility - Row 15 processed and added to data list.
18:09:09.915 [main]INFO  utility.ExelUtility - Row 16 processed and added to data list.
18:09:09.916 [main]INFO  utility.ExelUtility - Row 17 processed and added to data list.
18:09:09.916 [main]INFO  utility.ExelUtility - Row 18 processed and added to data list.
18:09:09.918 [main]INFO  utility.ExelUtility - Row 19 processed and added to data list.
18:09:09.918 [main]INFO  utility.ExelUtility - Row 20 processed and added to data list.
18:09:09.918 [main]INFO  utility.ExelUtility - Row 21 processed and added to data list.
18:09:09.918 [main]INFO  utility.ExelUtility - Row 22 processed and added to data list.
18:09:09.918 [main]INFO  utility.ExelUtility - Excel data extraction completed successfully.
18:09:09.918 [main]INFO  stepDefinition.InnerBoxTextEntering - Fetched Email ID: adhul88@yopmail.com
18:09:10.367 [main]INFO  stepDefinition.InnerBoxTextEntering - Entered Email ID in SignIn field
18:09:10.367 [main]INFO  stepDefinition.InnerBoxTextEntering - Fetched Password: ********
18:09:10.564 [main]INFO  stepDefinition.InnerBoxTextEntering - Entered Password in SignIn field
18:09:10.566 [main]INFO  stepDefinition.InnerBoxTextEntering - Clicking the Sign In button
18:12:25.204 [main]INFO  factory.BaseClass - browser initialized
18:12:25.217 [main]INFO  factory.BaseClass - get properties file from file directory
18:12:30.892 [main]INFO  stepDefinition.Registration_Validation - Navigating to the registration page
18:13:42.265 [main]INFO  factory.BaseClass - browser initialized
18:13:42.271 [main]INFO  factory.BaseClass - get properties file from file directory
18:13:50.625 [main]INFO  stepDefinition.Registration_Validation - Navigating to the registration page
18:14:02.113 [main]INFO  factory.BaseClass - browser initialized
18:14:02.118 [main]INFO  factory.BaseClass - get properties file from file directory
18:14:05.806 [main]INFO  factory.BaseClass - browser initialized
18:14:05.806 [main]INFO  factory.BaseClass - get properties file from file directory
